key,name,country,featured,index,range,tier,confidence,estimate,position,signals
curated:ntu-sg,Nanyang Technological University,Singapore,yes,100,,A,Medium,no,1,leiden
scorecard:166683,Massachusetts Institute of Technology,United States,yes,99.2,,A,High,no,2,graduation retention earnings carnegie leiden
curated:cityu,City University of Hong Kong,Hong Kong,yes,99,,A,Medium,no,3,leiden
curated:epfl,EPFL,Switzerland,yes,99,,A,Medium,no,3,leiden
curated:ethz,ETH Zurich,Switzerland,yes,99,,A,Medium,no,3,leiden
curated:hkust,Hong Kong University of Science and Technology,Hong Kong,yes,99,,A,Medium,no,3,leiden
curated:imperial,Imperial College London,United Kingdom,yes,99,,A,Medium,no,3,leiden
curated:khalifa,Khalifa University,United Arab Emirates,yes,99,,A,Medium,no,3,leiden
curated:nus,National University of Singapore,Singapore,yes,99,,A,Medium,no,3,leiden
curated:hku,The University of Hong Kong,Hong Kong,yes,99,,A,Medium,no,3,leiden
curated:tsinghua,Tsinghua University,China,yes,99,,A,Medium,no,3,leiden
curated:cambridge,University of Cambridge,United Kingdom,yes,99,,A,Medium,no,3,leiden
curated:oxford,University of Oxford,United Kingdom,yes,99,,A,Medium,no,3,leiden
curated:uts,University of Technology Sydney,Australia,yes,99,,A,Medium,no,3,leiden
scorecard:166027,Harvard University,United States,yes,98.9,,A,High,no,15,graduation retention earnings sat carnegie leiden
scorecard:186131,Princeton University,United States,yes,98.9,,A,High,no,16,graduation retention earnings sat carnegie leiden
scorecard:110404,California Institute of Technology,United States,yes,98.6,,A,High,no,17,graduation retention earnings carnegie leiden
scorecard:130794,Yale University,United States,yes,98.6,,A,High,no,18,graduation retention earnings sat carnegie leiden
scorecard:215062,University of Pennsylvania,United States,yes,98.4,,A,High,no,19,graduation retention earnings sat carnegie leiden
scorecard:190150,Columbia University in the City of New York,United States,yes,98.3,,A,High,no,21,graduation retention earnings sat carnegie leiden
scorecard:243744,Stanford University,United States,yes,98.3,,A,High,no,20,graduation retention earnings sat carnegie leiden
scorecard:190415,Cornell University,United States,yes,98,,A,High,no,22,graduation retention earnings sat carnegie leiden
curated:lse,London School of Economics and Political Science,United Kingdom,yes,98,,A,Medium,no,23,leiden
curated:cuhk,The Chinese University of Hong Kong,Hong Kong,yes,98,,A,Medium,no,23,leiden
curated:ucl,University College London,United Kingdom,yes,98,,A,Medium,no,23,leiden
curated:uva,University of Amsterdam,Netherlands,yes,98,,A,Medium,no,23,leiden
scorecard:144050,University of Chicago,United States,yes,97.8,,A,High,no,27,graduation retention earnings sat carnegie leiden
scorecard:211440,Carnegie Mellon University,United States,yes,97.6,,A,High,no,28,graduation retention earnings sat carnegie leiden
scorecard:198419,Duke University,United States,yes,97.5,,A,High,no,30,graduation retention earnings sat carnegie leiden
scorecard:110635,University of California-Berkeley,United States,yes,97.5,,A,High,no,29,graduation retention earnings carnegie leiden
scorecard:227757,Rice University,United States,yes,97.4,,A,High,no,31,graduation retention earnings sat carnegie leiden
scorecard:147767,Northwestern University,United States,yes,97.2,,A,High,no,32,graduation retention earnings sat carnegie leiden
curated:kcl,King's College London,United Kingdom,yes,97,,A,Medium,no,33,leiden
curated:leiden,Leiden University,Netherlands,yes,97,,A,Medium,no,33,leiden
curated:uu,Utrecht University,Netherlands,yes,97,,A,Medium,no,33,leiden
scorecard:164924,Boston College,United States,yes,96.9,,A,High,no,37,graduation retention earnings sat carnegie leiden
scorecard:179867,Washington University in St Louis,United States,yes,96.9,,A,High,no,36,graduation retention earnings sat carnegie leiden
scorecard:162928,Johns Hopkins University,United States,yes,96.2,,A,High,no,39,graduation retention earnings carnegie leiden
scorecard:221999,Vanderbilt University,United States,yes,96.2,,A,High,no,38,graduation retention earnings sat carnegie leiden
scorecard:217156,Brown University,United States,yes,96,,A,High,no,45,graduation retention earnings sat carnegie leiden
curated:eur,Erasmus University Rotterdam,Netherlands,yes,96,,A,Medium,no,40,leiden
curated:edinburgh,University of Edinburgh,United Kingdom,yes,96,,A,Medium,no,40,leiden
curated:glasgow,University of Glasgow,United Kingdom,yes,96,,A,Medium,no,40,leiden
curated:unsw,UNSW Sydney,Australia,yes,96,,A,Medium,no,40,leiden
curated:zju,Zhejiang University,China,yes,96,,A,Medium,no,40,leiden
scorecard:182670,Dartmouth College,United States,yes,95.8,,A,High,no,47,graduation retention earnings sat carnegie leiden
scorecard:167358,Northeastern University,United States,yes,95.8,,A,High,no,46,graduation retention earnings sat carnegie leiden
scorecard:110662,University of California-Los Angeles,United States,yes,95.7,,A,High,no,48,graduation retention earnings carnegie leiden
scorecard:139755,Georgia Institute of Technology-Main Campus,United States,yes,95.5,,A,High,no,49,graduation retention earnings sat carnegie leiden
scorecard:170976,University of Michigan-Ann Arbor,United States,yes,95.4,,A,High,no,50,graduation retention earnings carnegie leiden
scorecard:123961,University of Southern California,United States,yes,95.4,,A,High,no,51,graduation retention earnings sat carnegie leiden
curated:durham,Durham University,United Kingdom,yes,95,,A,Medium,no,52,leiden
scorecard:441982,Franklin W Olin College of Engineering,United States,yes,95,,A,High,no,52,graduation retention earnings sat carnegie
curated:monash,Monash University,Australia,yes,95,,A,Medium,no,52,leiden
curated:pku,Peking University,China,yes,95,,A,Medium,no,52,leiden
curated:rug,University of Groningen,Netherlands,yes,95,,A,Medium,no,52,leiden
curated:uzh,University of Zurich,Switzerland,yes,95,,A,Medium,no,52,leiden
curated:wur,Wageningen University & Research,Netherlands,yes,95,,A,Medium,no,52,leiden
scorecard:193900,New York University,United States,yes,94.9,,A,High,no,59,graduation retention earnings sat carnegie leiden
scorecard:110680,University of California-San Diego,United States,yes,94.6,,A,High,no,60,graduation retention earnings carnegie leiden
scorecard:152080,University of Notre Dame,United States,yes,94.6,,A,High,no,61,graduation retention earnings sat carnegie leiden
scorecard:168148,Tufts University,United States,yes,94.4,,A,High,no,62,graduation retention earnings sat carnegie leiden
scorecard:164988,Boston University,United States,yes,94.3,,A,High,no,64,graduation retention earnings sat carnegie leiden
scorecard:163286,University of Maryland-College Park,United States,yes,94.3,,A,High,no,63,graduation retention earnings sat carnegie leiden
scorecard:122931,Santa Clara University,United States,yes,94.1,,A,High,no,65,graduation retention earnings sat carnegie
scorecard:186867,Stevens Institute of Technology,United States,yes,94.1,,A,High,no,66,graduation retention earnings sat carnegie leiden
curated:tudelft,Delft University of Technology,Netherlands,yes,94,,A,Medium,no,67,leiden
curated:bristol,University of Bristol,United Kingdom,yes,94,,A,Medium,no,67,leiden
curated:leeds,University of Leeds,United Kingdom,yes,94,,A,Medium,no,67,leiden
scorecard:115409,Harvey Mudd College,United States,yes,93.9,,A,High,no,71,graduation retention earnings sat carnegie
scorecard:234076,University of Virginia-Main Campus,United States,yes,93.9,,A,High,no,70,graduation retention earnings sat carnegie leiden
scorecard:496627,California Northstate University,United States,no,93.4,,A,Medium,no,72,graduation retention
scorecard:131496,Georgetown University,United States,yes,93.4,,A,High,no,73,graduation retention earnings sat carnegie leiden
scorecard:460871,Chamberlain University-Virginia,United States,no,93.3,,A,High,no,75,graduation retention earnings carnegie
scorecard:112260,Claremont McKenna College,United States,yes,93.3,,A,High,no,74,graduation retention earnings sat carnegie
scorecard:139658,Emory University,United States,yes,93.1,,A,High,no,76,graduation retention earnings sat carnegie leiden
scorecard:234207,Washington and Lee University,United States,yes,93.1,,A,High,no,77,graduation retention earnings sat carnegie
curated:sjtu,Shanghai Jiao Tong University,China,yes,93,,A,Medium,no,78,leiden
curated:unige,University of Geneva,Switzerland,yes,93,,A,Medium,no,78,leiden
curated:manchester,University of Manchester,United Kingdom,yes,93,,A,Medium,no,78,leiden
curated:uq,University of Queensland,Australia,yes,93,,A,Medium,no,78,leiden
scorecard:236948,University of Washington-Seattle Campus,United States,yes,92.8,,A,High,no,82,graduation retention earnings carnegie leiden
scorecard:110653,University of California-Irvine,United States,yes,92.6,,A,High,no,83,graduation retention earnings carnegie leiden
scorecard:164580,Babson College,United States,yes,92.4,,A,High,no,84,graduation retention earnings sat carnegie
scorecard:449384,Gnomon,United States,no,92.1,,A,High,no,85,graduation retention earnings carnegie
curated:fudan,Fudan University,China,yes,92,,A,Medium,no,86,leiden
scorecard:228778,The University of Texas at Austin,United States,yes,92,,A,High,no,87,graduation retention earnings sat carnegie leiden
scorecard:201645,Case Western Reserve University,United States,yes,91.9,,A,High,no,88,graduation retention earnings sat carnegie leiden
scorecard:110705,University of California-Santa Barbara,United States,yes,91.8,,A,High,no,89,graduation retention earnings carnegie leiden
scorecard:192040,Jewish Theological Seminary of America,United States,yes,91.7,,A,High,no,90,graduation retention earnings sat carnegie
scorecard:110644,University of California-Davis,United States,yes,91.7,,A,High,no,90,graduation retention earnings carnegie leiden
scorecard:168218,Wellesley College,United States,yes,91.7,,A,High,no,92,graduation retention earnings sat carnegie
scorecard:189097,Barnard College,United States,yes,91.6,,A,High,no,95,graduation retention earnings sat carnegie
scorecard:121345,Pomona College,United States,yes,91.6,,A,High,no,93,graduation retention earnings sat carnegie
scorecard:137272,St. John Vianney College Seminary,United States,no,91.6,,A,Medium,no,94,graduation retention carnegie
scorecard:122436,University of San Diego,United States,yes,91.5,,A,High,no,96,graduation retention earnings carnegie
scorecard:145637,University of Illinois Urbana-Champaign,United States,yes,91.4,,A,High,no,99,graduation retention earnings sat carnegie leiden
scorecard:240444,University of Wisconsin-Madison,United States,yes,91.4,,A,High,no,98,graduation retention earnings sat carnegie leiden
scorecard:168342,Williams College,United States,yes,91.4,,A,High,no,97,graduation retention earnings carnegie
scorecard:211893,Curtis Institute of Music,United States,no,91.2,,A,Medium,no,100,graduation retention carnegie
scorecard:164465,Amherst College,United States,yes,91.1,,A,High,no,102,graduation retention earnings sat carnegie
scorecard:216287,Swarthmore College,United States,yes,91.1,,A,High,no,101,graduation retention earnings sat carnegie
scorecard:161004,Bowdoin College,United States,yes,91,,A,High,no,103,graduation retention earnings carnegie
curated:kuleuven,KU Leuven,Belgium,yes,91,,A,Medium,no,103,leiden
curated:lmu,LMU Munich,Germany,yes,91,,A,Medium,no,103,leiden
curated:unimelb,University of Melbourne,Australia,yes,91,,A,Medium,no,103,leiden
curated:usyd,University of Sydney,Australia,yes,91,,A,Medium,no,103,leiden
curated:warwick,University of Warwick,United Kingdom,yes,91,,A,Medium,no,103,leiden
scorecard:165015,Brandeis University,United States,yes,90.9,,A,High,no,109,graduation retention earnings sat carnegie leiden
scorecard:190099,Colgate University,United States,yes,90.7,,A,High,no,110,graduation retention earnings sat carnegie
scorecard:191515,Hamilton College,United States,yes,90.5,,A,High,no,111,graduation retention earnings sat carnegie
scorecard:212911,Haverford College,United States,yes,90.4,,A,High,no,112,graduation retention earnings sat carnegie
scorecard:195030,University of Rochester,United States,yes,90.3,,A,High,no,113,graduation retention earnings sat carnegie leiden
scorecard:492759,Chamberlain University-Louisiana,United States,no,90.2,,A,Medium,no,114,retention earnings
scorecard:186380,Rutgers University-New Brunswick,United States,yes,90.2,,A,High,no,115,graduation retention earnings sat carnegie
scorecard:213543,Lehigh University,United States,yes,90.1,,A,High,no,116,graduation retention earnings sat carnegie leiden
scorecard:211291,Bucknell University,United States,yes,90,,A,High,no,119,graduation retention earnings sat carnegie
scorecard:161086,Colby College,United States,yes,90,,A,High,no,117,graduation retention earnings sat carnegie
scorecard:129242,Fairfield University,United States,no,90,,A,High,no,118,graduation retention earnings sat carnegie
curated:hu-berlin,Humboldt-Universität zu Berlin,Germany,yes,90,,A,Medium,no,120,leiden
curated:psl,Université PSL,France,yes,90,,A,Medium,no,120,leiden
curated:utoronto,University of Toronto,Canada,yes,90,,A,Medium,no,120,leiden
scorecard:173258,Carleton College,United States,yes,89.9,,A,High,no,123,graduation retention earnings sat carnegie
scorecard:170286,Hillsdale College,United States,yes,89.9,,A,High,no,125,graduation retention sat carnegie
scorecard:230959,Middlebury College,United States,yes,89.9,,A,High,no,126,graduation retention earnings sat carnegie
scorecard:199120,University of North Carolina at Chapel Hill,United States,yes,89.9,,A,High,no,124,graduation retention earnings sat carnegie leiden
scorecard:164739,Bentley University,United States,yes,89.8,,A,High,no,127,graduation retention earnings sat carnegie
scorecard:110422,California Polytechnic State University-San Luis Obispo,United States,no,89.8,,A,High,no,130,graduation retention earnings carnegie
scorecard:131469,George Washington University,United States,yes,89.8,,A,High,no,128,graduation retention earnings sat carnegie leiden
scorecard:235316,Gonzaga University,United States,no,89.8,,A,High,no,129,graduation retention earnings sat carnegie
scorecard:168421,Worcester Polytechnic Institute,United States,yes,89.5,,A,High,no,131,graduation retention earnings carnegie leiden
scorecard:166124,College of the Holy Cross,United States,yes,89.4,,A,High,no,133,graduation retention earnings sat carnegie
scorecard:198385,Davidson College,United States,yes,89.4,,A,High,no,132,graduation retention earnings carnegie
curated:aalto,Aalto University,Finland,yes,89,,A,Medium,no,138,leiden
curated:heidelberg,Heidelberg University,Germany,yes,89,,A,Medium,no,138,leiden
scorecard:213385,Lafayette College,United States,yes,89,,A,High,no,134,graduation retention earnings sat carnegie
curated:mcgill,McGill University,Canada,yes,89,,A,Medium,no,138,leiden
curated:mcmaster,McMaster University,Canada,yes,89,,A,Medium,no,138,leiden
scorecard:121150,Pepperdine University,United States,yes,89,,A,High,no,135,graduation retention earnings sat carnegie
curated:sciencespo,Sciences Po,France,yes,89,,A,Medium,no,138,leiden
curated:southampton,University of Southampton,United Kingdom,yes,89,,A,Medium,no,138,leiden
scorecard:197133,Vassar College,United States,yes,89,,A,High,no,144,graduation retention earnings sat carnegie
scorecard:130697,Wesleyan University,United States,yes,89,,A,High,no,135,graduation retention earnings sat carnegie
scorecard:491631,Women's Institute of Torah Seminary and College,United States,no,89,,A,Medium,no,137,graduation retention carnegie
scorecard:197221,Webb Institute,United States,yes,88.9,,A,High,no,145,graduation retention sat carnegie
scorecard:135726,University of Miami,United States,yes,88.8,,A,High,no,146,graduation retention earnings sat carnegie leiden
scorecard:489353,Chamberlain University-California,United States,no,88.7,,A,Medium,no,147,retention earnings carnegie
scorecard:191241,Fordham University,United States,yes,88.6,,A,High,no,148,graduation retention earnings sat carnegie leiden
scorecard:126775,Colorado School of Mines,United States,yes,88.5,,A,High,no,151,graduation retention earnings sat carnegie leiden
scorecard:130590,Trinity College,United States,yes,88.5,,A,High,no,149,graduation retention earnings sat carnegie
scorecard:233921,Virginia Polytechnic Institute and State University,United States,yes,88.5,,A,High,no,150,graduation retention earnings sat carnegie leiden
scorecard:228246,Southern Methodist University,United States,yes,88.4,,A,High,no,152,graduation retention earnings sat carnegie leiden
scorecard:134130,University of Florida,United States,yes,88.3,,A,High,no,153,graduation retention earnings sat carnegie leiden
scorecard:198516,Elon University,United States,no,88.2,,A,High,no,154,graduation retention earnings carnegie
scorecard:166629,University of Massachusetts-Amherst,United States,yes,88.2,,A,High,no,155,graduation retention earnings sat carnegie leiden
scorecard:174066,University of Minnesota-Twin Cities,United States,yes,88.2,,A,High,no,156,graduation retention earnings sat carnegie leiden
curated:anu,Australian National University,Australia,yes,88,,A,Medium,no,157,leiden
scorecard:123165,Scripps College,United States,yes,88,,A,High,no,160,graduation retention earnings sat carnegie
curated:tcd,Trinity College Dublin,Ireland,yes,88,,A,Medium,no,157,leiden
curated:ubc,University of British Columbia,Canada,yes,88,,A,Medium,no,157,leiden
scorecard:117946,Loyola Marymount University,United States,yes,87.9,,A,High,no,161,graduation retention earnings sat carnegie
scorecard:129020,University of Connecticut,United States,yes,87.9,,A,High,no,162,graduation retention earnings sat carnegie leiden
scorecard:194824,Rensselaer Polytechnic Institute,United States,yes,87.7,,A,High,no,163,graduation retention earnings sat carnegie leiden
scorecard:152318,Rose-Hulman Institute of Technology,United States,yes,87.6,,A,High,no,164,graduation retention earnings sat carnegie
scorecard:215293,University of Pittsburgh-Pittsburgh Campus,United States,yes,87.5,,A,High,no,165,graduation retention earnings sat carnegie leiden
scorecard:216597,Villanova University,United States,yes,87.5,,A,High,no,166,graduation retention earnings sat carnegie leiden
scorecard:130226,Quinnipiac University,United States,no,87.2,,A,High,no,167,graduation retention earnings carnegie
curated:tue,Eindhoven University of Technology,Netherlands,yes,87,,B,Medium,no,168,leiden
curated:ucd,University College Dublin,Ireland,yes,87,,B,Medium,no,168,leiden
curated:ku-copenhagen,University of Copenhagen,Denmark,yes,87,,B,Medium,no,168,leiden
curated:univie,University of Vienna,Austria,yes,87,,B,Medium,no,168,leiden
scorecard:196413,Syracuse University,United States,yes,86.9,,B,High,no,172,graduation retention earnings sat carnegie leiden
scorecard:196097,Stony Brook University,United States,yes,86.8,,B,High,no,175,graduation retention earnings sat carnegie leiden
scorecard:196866,Union College,United States,yes,86.8,,B,High,no,173,graduation retention earnings sat carnegie
scorecard:139959,University of Georgia,United States,yes,86.8,,B,High,no,174,graduation retention earnings sat carnegie leiden
scorecard:217493,Rhode Island School of Design,United States,yes,86.7,,B,High,no,176,graduation retention earnings sat carnegie
scorecard:243780,Purdue University-Main Campus,United States,yes,86.5,,B,High,no,178,graduation retention earnings sat carnegie leiden
scorecard:160755,Tulane University of Louisiana,United States,yes,86.5,,B,High,no,177,graduation retention earnings sat carnegie leiden
scorecard:190372,The Cooper Union for the Advancement of Science and Art,United States,yes,86.3,,B,High,no,179,graduation retention earnings carnegie
curated:chalmers,Chalmers University of Technology,Sweden,yes,86,,B,Medium,no,182,leiden
curated:kaist,KAIST,South Korea,yes,86,,B,Medium,no,182,leiden
scorecard:120254,Occidental College,United States,yes,86,,B,High,no,180,graduation retention earnings sat carnegie
scorecard:167835,Smith College,United States,yes,86,,B,High,no,186,graduation retention earnings sat carnegie
curated:dtu,Technical University of Denmark,Denmark,yes,86,,B,Medium,no,182,leiden
scorecard:126614,University of Colorado Boulder,United States,yes,86,,B,High,no,181,graduation retention earnings sat carnegie leiden
curated:st-andrews,University of St Andrews,United Kingdom,yes,86,,B,Medium,no,182,leiden
scorecard:229267,Trinity University,United States,yes,85.9,,B,High,no,187,graduation retention earnings sat carnegie
scorecard:233374,University of Richmond,United States,yes,85.9,,B,High,no,189,graduation retention earnings carnegie
scorecard:199847,Wake Forest University,United States,yes,85.9,,B,High,no,188,graduation retention earnings carnegie leiden
scorecard:128902,Connecticut College,United States,yes,85.8,,B,High,no,190,graduation retention earnings sat carnegie
scorecard:203535,Kenyon College,United States,yes,85.8,,B,High,no,192,graduation retention earnings sat carnegie
scorecard:199193,North Carolina State University at Raleigh,United States,yes,85.8,,B,High,no,191,graduation retention earnings sat carnegie leiden
scorecard:185828,New Jersey Institute of Technology,United States,yes,85.7,,B,High,no,193,graduation retention earnings sat carnegie leiden
scorecard:217402,Providence College,United States,no,85.7,,B,High,no,194,graduation retention earnings sat carnegie
scorecard:228723,Texas A&M University-College Station,United States,yes,85.4,,B,High,no,195,graduation retention earnings sat carnegie leiden
scorecard:484473,University of Florida-Online,United States,yes,85.4,,B,High,no,196,graduation retention earnings sat carnegie
scorecard:212577,Franklin and Marshall College,United States,yes,85.3,,B,High,no,197,graduation retention earnings carnegie
scorecard:160977,Bates College,United States,yes,85.2,,B,High,no,199,graduation retention earnings carnegie
scorecard:110714,University of California-Santa Cruz,United States,yes,85.2,,B,High,no,198,graduation retention earnings carnegie leiden
curated:ugent,Ghent University,Belgium,yes,85,,B,Medium,no,200,leiden
curated:postech,POSTECH,South Korea,yes,85,,B,Medium,no,200,leiden
scorecard:221351,Rhodes College,United States,yes,85,,B,High,no,204,graduation retention earnings sat carnegie
curated:su,Stockholm University,Sweden,yes,85,,B,Medium,no,200,leiden
curated:uio,University of Oslo,Norway,yes,85,,B,Medium,no,200,leiden
scorecard:130943,University of Delaware,United States,yes,84.9,,B,High,no,205,graduation retention earnings sat carnegie leiden
scorecard:211273,Bryn Mawr College,United States,yes,84.8,,B,High,no,207,graduation retention earnings carnegie
scorecard:212054,Drexel University,United States,yes,84.8,,B,High,no,209,graduation retention earnings sat carnegie leiden
scorecard:173902,Macalester College,United States,yes,84.8,,B,High,no,206,graduation retention earnings sat carnegie
scorecard:214777,Pennsylvania State University-Main Campus,United States,yes,84.8,,B,High,no,208,graduation retention earnings carnegie leiden
scorecard:212674,Gettysburg College,United States,yes,84.7,,B,High,no,210,graduation retention earnings sat carnegie
scorecard:204796,Ohio State University-Main Campus,United States,yes,84.6,,B,High,no,211,graduation retention earnings sat carnegie leiden
scorecard:231624,William & Mary,United States,yes,84.5,,B,High,no,212,graduation retention earnings sat carnegie leiden
scorecard:217882,Clemson University,United States,yes,84.4,,B,High,no,214,graduation retention earnings sat carnegie leiden
scorecard:153384,Grinnell College,United States,yes,84.4,,B,High,no,213,graduation retention earnings sat carnegie
scorecard:187134,The College of New Jersey,United States,no,84.3,,B,High,no,215,graduation retention earnings sat carnegie
scorecard:163046,Loyola University Maryland,United States,no,84,,B,High,no,220,graduation retention earnings carnegie
scorecard:121257,Pitzer College,United States,no,84,,B,High,no,217,graduation retention earnings carnegie
curated:sorbonne,Sorbonne University,France,yes,84,,B,Medium,no,217,leiden
scorecard:110671,University of California-Riverside,United States,yes,84,,B,High,no,216,graduation retention earnings carnegie leiden
curated:uwaterloo,University of Waterloo,Canada,yes,84,,B,Medium,no,217,leiden
scorecard:195526,Skidmore College,United States,yes,83.9,,B,High,no,221,graduation retention earnings sat carnegie
scorecard:209825,University of Portland,United States,no,83.8,,B,High,no,222,graduation retention earnings sat carnegie
scorecard:111948,Chapman University,United States,yes,83.7,,B,High,no,223,graduation retention earnings sat carnegie leiden
scorecard:228787,The University of Texas at Dallas,United States,yes,83.7,,B,High,no,224,graduation retention earnings carnegie leiden
scorecard:151351,Indiana University-Bloomington,United States,yes,83.6,,B,High,no,226,graduation retention earnings sat carnegie leiden
scorecard:174914,University of St Thomas,United States,yes,83.6,,B,High,no,225,graduation retention earnings sat carnegie
scorecard:126678,Colorado College,United States,yes,83.5,,B,High,no,227,graduation retention earnings carnegie
scorecard:134097,Florida State University,United States,yes,83.5,,B,High,no,228,graduation retention earnings sat carnegie leiden
scorecard:174844,St Olaf College,United States,yes,83.4,,B,High,no,229,graduation retention earnings sat carnegie
scorecard:196079,Binghamton University,United States,yes,83.2,,B,High,no,230,graduation retention earnings sat carnegie leiden
scorecard:131159,American University,United States,yes,83.1,,B,High,no,232,graduation retention earnings sat carnegie leiden
scorecard:149781,Wheaton College,United States,yes,83.1,,B,High,no,231,graduation retention earnings sat carnegie
scorecard:197027,United States Merchant Marine Academy,United States,no,83,,B,High,no,233,graduation retention earnings sat carnegie
curated:helsinki,University of Helsinki,Finland,yes,83,,B,Medium,no,234,leiden
scorecard:230038,Brigham Young University,United States,yes,82.9,,B,High,no,236,graduation retention earnings sat carnegie leiden
curated:polytechnique,École Polytechnique,France,yes,82.9,77-95,B,Low,yes,52-332,
curated:nyuad,NYU Abu Dhabi,United Arab Emirates,yes,82.9,77-95,B,Low,yes,52-332,
scorecard:197708,Yeshiva University,United States,yes,82.9,,B,High,no,235,graduation retention earnings carnegie leiden
scorecard:171100,Michigan State University,United States,yes,82.8,,B,High,no,237,graduation retention earnings sat carnegie leiden
scorecard:192819,Marist University,United States,no,82.7,,B,High,no,238,graduation retention earnings sat carnegie
scorecard:212009,Dickinson College,United States,yes,82.6,,B,High,no,242,graduation retention earnings carnegie
scorecard:214175,Muhlenberg College,United States,yes,82.6,,B,High,no,239,graduation retention earnings sat carnegie
scorecard:127060,University of Denver,United States,yes,82.6,,B,High,no,241,graduation retention earnings sat carnegie leiden
scorecard:218973,Wofford College,United States,no,82.6,,B,High,no,240,graduation retention earnings sat carnegie
scorecard:218070,Furman University,United States,yes,82.5,,B,High,no,243,graduation retention earnings sat carnegie
scorecard:150163,Butler University,United States,no,82.3,,B,High,no,245,graduation retention earnings sat carnegie
scorecard:212106,Duquesne University,United States,yes,82.3,,B,High,no,244,graduation retention earnings sat carnegie
scorecard:145725,Illinois Institute of Technology,United States,yes,82.3,,B,High,no,248,graduation retention earnings sat carnegie leiden
scorecard:122612,University of San Francisco,United States,no,82.3,,B,High,no,247,graduation retention earnings sat carnegie
scorecard:237057,Whitman College,United States,yes,82.3,,B,High,no,245,graduation retention earnings sat carnegie
scorecard:153269,Drake University,United States,no,82.1,,B,High,no,250,graduation retention earnings sat carnegie
scorecard:239105,Marquette University,United States,yes,82.1,,B,High,no,249,graduation retention earnings sat carnegie leiden
curated:aarhus,Aarhus University,Denmark,yes,82,,B,Medium,no,252,leiden
scorecard:169983,Kettering University,United States,no,82,,B,High,no,254,graduation retention earnings sat carnegie
curated:kth,KTH Royal Institute of Technology,Sweden,yes,82,,B,Medium,no,252,leiden
scorecard:215770,Saint Joseph's University - Philadelphia,United States,no,82,,B,High,no,251,graduation retention earnings sat carnegie
scorecard:156408,Centre College,United States,yes,81.9,,B,High,no,255,graduation retention earnings sat carnegie
scorecard:217165,Bryant University,United States,no,81.8,,B,High,no,257,graduation retention earnings sat carnegie
scorecard:202523,Denison University,United States,yes,81.8,,B,High,no,256,graduation retention earnings sat carnegie
scorecard:195216,St Lawrence University,United States,yes,81.8,,B,High,no,258,graduation retention earnings sat carnegie
scorecard:166692,Massachusetts Maritime Academy,United States,no,81.6,,B,High,no,259,graduation retention earnings carnegie
scorecard:130253,Sacred Heart University,United States,no,81.4,,B,High,no,260,graduation retention earnings carnegie
scorecard:179159,Saint Louis University,United States,yes,81.4,,B,High,no,261,graduation retention earnings sat carnegie leiden
scorecard:212805,Grove City College,United States,no,81.3,,B,High,no,262,graduation retention sat carnegie
scorecard:165334,Clark University,United States,yes,81.2,,B,High,no,263,graduation retention earnings sat carnegie
scorecard:120883,University of the Pacific,United States,yes,81.1,,B,High,no,264,graduation retention earnings sat carnegie
scorecard:109651,Art Center College of Design,United States,no,81,,B,High,no,270,graduation retention earnings carnegie
curated:lund,Lund University,Sweden,yes,81,,B,Medium,no,265,leiden
curated:ntnu,Norwegian University of Science and Technology,Norway,yes,81,,B,Medium,no,265,leiden
curated:ucalgary,University of Calgary,Canada,yes,81,,B,Medium,no,265,leiden
curated:uwa,University of Western Australia,Australia,yes,81,,B,Medium,no,265,leiden
curated:uppsala,Uppsala University,Sweden,yes,81,,B,Medium,no,265,leiden
scorecard:183239,Saint Anselm College,United States,no,80.8,,B,High,no,271,graduation retention earnings sat carnegie
scorecard:167996,Stonehill College,United States,no,80.7,,B,High,no,273,graduation retention earnings carnegie
scorecard:152673,Wabash College,United States,no,80.7,,B,High,no,272,graduation retention earnings sat carnegie
scorecard:221519,The University of the South,United States,no,80.6,,B,High,no,274,graduation retention earnings sat carnegie
scorecard:150400,DePauw University,United States,yes,80.5,,B,High,no,275,graduation retention earnings sat carnegie
scorecard:196088,University at Buffalo,United States,yes,80.4,,B,High,no,276,graduation retention earnings sat carnegie leiden
scorecard:218663,University of South Carolina-Columbia,United States,yes,80.3,,B,High,no,277,graduation retention earnings sat carnegie leiden
scorecard:216339,Temple University,United States,yes,80.2,,B,High,no,278,graduation retention earnings carnegie leiden
scorecard:123952,Southern California Institute of Architecture,United States,no,80.1,,B,High,no,281,graduation retention earnings sat carnegie
scorecard:183044,University of New Hampshire-Main Campus,United States,yes,80.1,,B,High,no,279,graduation retention earnings sat carnegie leiden
scorecard:455257,Yeshiva of Machzikai Hadas,United States,no,80.1,,B,Medium,no,280,graduation retention carnegie
scorecard:190512,CUNY Bernard M Baruch College,United States,yes,80,,B,High,no,284,graduation retention earnings carnegie
curated:auckland,University of Auckland,New Zealand,yes,80,,B,Medium,no,282,leiden
scorecard:216524,Ursinus College,United States,no,80,,B,High,no,283,graduation retention earnings sat carnegie
scorecard:191630,Hobart William Smith Colleges,United States,no,79.9,,B,High,no,285,graduation retention earnings sat carnegie
scorecard:190576,CUNY Graduate School and University Center,United States,yes,79.7,,B,Medium,no,287,earnings carnegie leiden
scorecard:153658,University of Iowa,United States,yes,79.7,,B,High,no,287,graduation retention earnings sat carnegie leiden
scorecard:491057,Yeshiva Kollel Tifereth Elizer,United States,no,79.7,,B,Medium,no,286,graduation carnegie
scorecard:188526,Albany College of Pharmacy and Health Sciences,United States,no,79.6,,B,High,no,289,graduation retention earnings sat carnegie
scorecard:209551,University of Oregon,United States,yes,79.6,,B,High,no,290,graduation retention earnings carnegie leiden
scorecard:164562,Assumption University,United States,no,79.4,,B,High,no,291,graduation retention earnings carnegie
scorecard:217864,Citadel Military College of South Carolina,United States,no,79.3,,B,High,no,292,graduation retention earnings carnegie
scorecard:166939,Mount Holyoke College,United States,yes,79.3,,B,High,no,293,graduation retention earnings sat carnegie
scorecard:231174,University of Vermont,United States,yes,79.2,,B,High,no,294,graduation retention earnings sat carnegie leiden
curated:tum,Technical University of Munich,Germany,yes,79,,B,Medium,no,295,leiden
scorecard:221759,The University of Tennessee-Knoxville,United States,yes,79,,B,High,no,296,graduation retention earnings sat carnegie leiden
scorecard:132903,University of Central Florida,United States,yes,79,,B,High,no,297,graduation retention earnings sat carnegie leiden
scorecard:217536,Salve Regina University,United States,no,78.9,,B,High,no,298,graduation retention earnings carnegie
scorecard:195474,Siena University,United States,no,78.7,,B,High,no,299,graduation retention earnings carnegie
scorecard:204501,Oberlin College,United States,yes,78.6,,B,High,no,300,graduation retention earnings sat carnegie
scorecard:495031,Bais Medrash of Dexter Park,United States,no,78.5,,B,Medium,no,305,graduation retention carnegie
scorecard:173647,Gustavus Adolphus College,United States,no,78.5,,B,High,no,301,graduation retention earnings carnegie
scorecard:451927,Patrick Henry College,United States,yes,78.5,,B,High,no,303,graduation retention sat carnegie
scorecard:122506,San Francisco Conservatory of Music,United States,no,78.5,,B,Medium,no,302,graduation retention carnegie
scorecard:207500,University of Oklahoma-Norman Campus,United States,yes,78.5,,B,High,no,304,graduation retention earnings sat carnegie leiden
scorecard:223232,Baylor University,United States,yes,78.4,,B,High,no,307,graduation retention earnings sat carnegie leiden
scorecard:195003,Rochester Institute of Technology,United States,yes,78.4,,B,High,no,308,graduation retention earnings sat carnegie leiden
scorecard:186584,Seton Hall University,United States,yes,78.4,,B,High,no,306,graduation retention earnings sat carnegie
scorecard:113698,Dominican University of California,United States,no,78.3,,B,High,no,310,graduation retention earnings sat carnegie
scorecard:165662,Emerson College,United States,yes,78.3,,B,High,no,312,graduation retention earnings sat carnegie
scorecard:209056,Lewis & Clark College,United States,no,78.3,,B,High,no,313,graduation retention earnings sat carnegie
scorecard:171128,Michigan Technological University,United States,yes,78.3,,B,High,no,311,graduation retention earnings sat carnegie leiden
scorecard:204635,Ohio Northern University,United States,yes,78.3,,B,High,no,314,graduation retention earnings sat carnegie
scorecard:215929,University of Scranton,United States,no,78.3,,B,High,no,309,graduation retention earnings sat carnegie
scorecard:100858,Auburn University,United States,yes,78.2,,B,High,no,318,graduation retention earnings carnegie leiden
scorecard:486947,Chamberlain University-Michigan,United States,no,78.2,,B,High,no,316,graduation retention earnings carnegie
scorecard:178411,Missouri University of Science and Technology,United States,yes,78.2,,B,High,no,315,graduation retention earnings sat carnegie leiden
scorecard:178396,University of Missouri-Columbia,United States,yes,78.2,,B,High,no,317,graduation retention earnings sat carnegie leiden
scorecard:228875,Texas Christian University,United States,yes,78.1,,B,High,no,320,graduation retention earnings sat carnegie leiden
scorecard:163268,University of Maryland-Baltimore County,United States,yes,78.1,,B,High,no,319,graduation retention earnings sat carnegie leiden
scorecard:123554,Saint Mary's College of California,United States,no,78,,B,High,no,321,graduation retention earnings carnegie
scorecard:170532,Kalamazoo College,United States,no,77.8,,B,High,no,322,graduation retention earnings sat carnegie
scorecard:121309,Point Loma Nazarene University,United States,no,77.7,,B,High,no,323,graduation retention earnings sat carnegie
scorecard:122409,San Diego State University,United States,yes,77.6,,B,High,no,325,graduation retention earnings carnegie leiden
scorecard:167783,Simmons University,United States,no,77.6,,B,High,no,324,graduation retention earnings sat carnegie
scorecard:195720,St. John Fisher University,United States,no,77.5,,B,High,no,326,graduation retention earnings sat carnegie
scorecard:190044,Clarkson University,United States,yes,77.4,,B,High,no,328,graduation retention earnings sat carnegie leiden
scorecard:239318,Milwaukee School of Engineering,United States,no,77.4,,B,High,no,327,graduation retention earnings sat carnegie
scorecard:207971,University of Tulsa,United States,yes,77.3,,B,High,no,329,graduation retention earnings sat carnegie
scorecard:466921,Chamberlain University-Missouri,United States,no,77.2,,B,High,no,330,graduation retention earnings carnegie
scorecard:236595,Seattle University,United States,yes,77.2,,B,High,no,331,graduation retention earnings sat carnegie leiden
curated:sapienza,Sapienza University of Rome,Italy,yes,77,,B,Medium,no,332,leiden
curated:unibo,University of Bologna,Italy,yes,77,,B,Medium,no,332,leiden
scorecard:141060,Spelman College,United States,no,76.9,,B,High,no,334,graduation retention earnings carnegie
scorecard:104151,Arizona State University Campus Immersion,United States,yes,76.8,,B,High,no,336,graduation retention earnings carnegie leiden
scorecard:232186,George Mason University,United States,yes,76.8,,B,High,no,337,graduation retention earnings sat carnegie leiden
scorecard:216366,Thomas Jefferson University,United States,yes,76.8,,B,High,no,335,graduation retention earnings sat carnegie leiden
scorecard:173160,Bethel University,United States,no,76.7,,B,High,no,340,graduation retention earnings sat carnegie
scorecard:399911,Soka University of America,United States,yes,76.7,,B,High,no,338,graduation retention earnings sat carnegie
scorecard:216278,Susquehanna University,United States,no,76.7,,B,High,no,339,graduation retention earnings carnegie
scorecard:181002,Creighton University,United States,yes,76.6,,B,High,no,341,graduation retention earnings sat carnegie leiden
scorecard:146481,Lake Forest College,United States,no,76.5,,B,High,no,342,graduation retention earnings sat carnegie
scorecard:202480,University of Dayton,United States,yes,76.4,,B,High,no,343,graduation retention earnings sat carnegie leiden
scorecard:133553,Embry-Riddle Aeronautical University-Daytona Beach,United States,no,76.2,,B,High,no,344,graduation retention earnings sat carnegie
scorecard:153603,Iowa State University,United States,yes,76.2,,B,High,no,348,graduation retention earnings sat carnegie leiden
scorecard:174792,Saint Johns University,United States,no,76.2,,B,High,no,347,graduation retention earnings sat carnegie
scorecard:230764,University of Utah,United States,yes,76.2,,B,High,no,345,graduation retention earnings sat carnegie leiden
scorecard:234085,Virginia Military Institute,United States,no,76.2,,B,High,no,346,graduation retention earnings sat carnegie
scorecard:191968,Ithaca College,United States,no,76.1,,B,High,no,351,graduation retention earnings carnegie
scorecard:196167,SUNY College at Geneseo,United States,no,76.1,,B,High,no,350,graduation retention earnings sat carnegie
scorecard:445188,University of California-Merced,United States,yes,76.1,,B,High,no,349,graduation retention earnings carnegie leiden
curated:ub,University of Barcelona,Spain,yes,76,,B,Medium,no,352,leiden
curated:uottawa,University of Ottawa,Canada,yes,76,,B,Medium,no,352,leiden
scorecard:193292,Molloy University,United States,no,75.9,,B,High,no,354,graduation retention earnings sat carnegie
scorecard:168227,Wentworth Institute of Technology,United States,no,75.9,,B,High,no,355,graduation retention earnings sat carnegie
scorecard:102049,Samford University,United States,no,75.8,,B,High,no,356,graduation retention earnings sat carnegie
scorecard:494542,Sattler College,United States,no,75.8,,B,Medium,no,358,graduation retention
scorecard:125727,Westmont College,United States,yes,75.8,,B,High,no,359,graduation retention earnings sat carnegie
scorecard:168281,Wheaton College (Massachusetts),United States,no,75.8,,B,High,no,357,graduation retention earnings sat carnegie
scorecard:143358,Bradley University,United States,no,75.7,,B,High,no,360,graduation retention earnings sat carnegie
scorecard:104586,Embry-Riddle Aeronautical University-Prescott,United States,no,75.6,,B,High,no,361,graduation retention earnings sat carnegie
scorecard:110529,California State Polytechnic University-Pomona,United States,no,75.4,,B,High,no,362,graduation retention earnings carnegie
scorecard:124292,Thomas Aquinas College,United States,yes,75.4,,B,High,no,363,graduation retention earnings sat carnegie
scorecard:209065,Linfield University,United States,no,75.3,,B,High,no,364,graduation retention earnings carnegie
scorecard:131283,The Catholic University of America,United States,yes,75.2,,B,High,no,365,graduation retention earnings carnegie leiden
scorecard:440396,New Saint Andrews College,United States,no,75.1,,B,Medium,no,366,graduation retention carnegie
scorecard:213011,Immaculata University,United States,no,75,,B,High,no,367,graduation retention earnings sat carnegie
curated:ualberta,University of Alberta,Canada,yes,75,,B,Medium,no,368,leiden
scorecard:209542,Oregon State University,United States,yes,74.9,,B,High,no,369,graduation retention earnings sat carnegie leiden
scorecard:188429,Adelphi University,United States,no,74.7,,B,High,no,370,graduation retention earnings sat carnegie
scorecard:145646,Illinois Wesleyan University,United States,no,74.6,,B,High,no,371,graduation retention earnings sat carnegie
scorecard:203368,John Carroll University,United States,no,74.6,,B,High,no,372,graduation retention earnings sat carnegie
scorecard:191649,Hofstra University,United States,yes,74.5,,B,High,no,373,graduation retention earnings sat carnegie leiden
scorecard:137351,University of South Florida,United States,yes,74.5,,B,High,no,374,graduation retention earnings sat carnegie leiden
scorecard:174899,The College of Saint Scholastica,United States,no,74.3,,B,High,no,376,graduation retention earnings sat carnegie
scorecard:236328,University of Puget Sound,United States,no,74.3,,B,High,no,375,graduation retention earnings sat carnegie
scorecard:238324,Bellin College,United States,no,74.1,,B,High,no,377,graduation retention earnings carnegie
scorecard:184348,Drew University,United States,no,74.1,,B,High,no,378,graduation retention earnings carnegie
scorecard:166850,Merrimack College,United States,no,74,,B,High,no,381,graduation retention earnings carnegie
curated:sfu,Simon Fraser University,Canada,yes,74,,B,Medium,no,379,leiden
curated:paris-saclay,Université Paris-Saclay,France,yes,74,,B,Medium,no,379,leiden
scorecard:217484,University of Rhode Island,United States,yes,73.9,,B,High,no,383,graduation retention earnings sat carnegie leiden
scorecard:377555,University of Washington-Bothell Campus,United States,no,73.9,,B,High,no,382,graduation retention earnings carnegie
scorecard:209922,Reed College,United States,yes,73.8,,B,High,no,384,graduation retention earnings carnegie
scorecard:146719,Loyola University Chicago,United States,yes,73.7,,B,High,no,385,graduation retention earnings sat carnegie leiden
scorecard:100751,The University of Alabama,United States,yes,73.7,,B,High,no,386,graduation retention earnings sat carnegie leiden
scorecard:170301,Hope College,United States,no,73.6,,B,High,no,388,graduation retention earnings sat carnegie
scorecard:239017,Lawrence University,United States,yes,73.6,,B,High,no,387,graduation retention earnings sat carnegie
scorecard:214069,Misericordia University,United States,no,73.6,,B,High,no,389,graduation retention earnings carnegie
scorecard:206589,The College of Wooster,United States,yes,73.5,,B,High,no,390,graduation retention earnings sat carnegie
scorecard:140447,Mercer University,United States,yes,73.4,,B,High,no,392,graduation retention earnings sat carnegie
scorecard:166513,University of Massachusetts-Lowell,United States,yes,73.4,,B,High,no,391,graduation retention earnings sat carnegie leiden
scorecard:236230,Pacific Lutheran University,United States,no,73,,B,High,no,394,graduation retention earnings sat carnegie
scorecard:104179,University of Arizona,United States,yes,73,,B,High,no,395,graduation retention earnings sat carnegie leiden
scorecard:225511,University of Houston,United States,yes,73,,B,High,no,393,graduation retention earnings sat carnegie leiden
scorecard:208822,George Fox University,United States,no,72.9,,B,High,no,396,graduation retention earnings sat carnegie
scorecard:174747,College of Saint Benedict,United States,no,72.7,,B,High,no,397,graduation retention earnings sat carnegie
scorecard:196291,SUNY Maritime College,United States,no,72.6,,B,High,no,398,graduation retention earnings sat carnegie
scorecard:215743,Saint Francis University,United States,no,72.5,,B,High,no,399,graduation retention earnings carnegie
scorecard:430670,San Juan Bautista School of Medicine,United States,no,72.5,,B,Medium,no,399,graduation retention carnegie
scorecard:192323,Le Moyne College,United States,no,72.3,,B,High,no,402,graduation retention earnings sat carnegie
scorecard:201885,University of Cincinnati-Main Campus,United States,yes,72.3,,B,High,no,401,graduation retention earnings sat carnegie leiden
scorecard:232423,James Madison University,United States,yes,72.2,,B,High,no,404,graduation retention earnings sat carnegie leiden
scorecard:217518,Roger Williams University,United States,no,72.2,,B,High,no,403,graduation retention earnings carnegie
scorecard:204024,Miami University-Oxford,United States,yes,72.1,,B,High,no,405,graduation retention earnings sat carnegie leiden
scorecard:143084,Augustana College,United States,no,72,,B,High,no,408,graduation retention earnings carnegie
scorecard:144740,DePaul University,United States,yes,72,,B,High,no,407,graduation retention earnings carnegie leiden
curated:yonsei,Yonsei University,South Korea,yes,72,,B,Medium,no,406,leiden
scorecard:121691,University of Redlands,United States,no,71.9,,B,High,no,409,graduation retention earnings sat carnegie
scorecard:169080,Calvin University,United States,no,71.8,,B,High,no,411,graduation retention earnings sat carnegie
scorecard:198695,High Point University,United States,no,71.8,,B,High,no,410,graduation retention earnings sat carnegie
scorecard:179043,Rockhurst University,United States,no,71.8,,B,High,no,412,graduation retention earnings sat carnegie
scorecard:133951,Florida International University,United States,yes,71.7,,B,High,no,413,graduation retention earnings sat carnegie leiden
scorecard:159391,Louisiana State University and Agricultural & Mechanical College,United States,yes,71.6,,B,High,no,414,graduation retention earnings sat carnegie leiden
scorecard:212197,Elizabethtown College,United States,no,71.5,,B,High,no,416,graduation retention earnings sat carnegie
scorecard:169716,University of Detroit Mercy,United States,no,71.5,,B,High,no,415,graduation retention earnings sat carnegie
scorecard:216852,Widener University,United States,no,71.5,,B,High,no,417,graduation retention earnings sat carnegie
scorecard:219709,Belmont University,United States,no,71.4,,B,High,no,419,graduation retention earnings sat carnegie
scorecard:186201,Ramapo College of New Jersey,United States,no,71.4,,B,High,no,418,graduation retention earnings sat carnegie
scorecard:197197,Wagner College,United States,no,71.3,,B,High,no,420,graduation retention earnings carnegie
scorecard:210739,DeSales University,United States,no,71.2,,B,High,no,422,graduation retention earnings sat carnegie
scorecard:157085,University of Kentucky,United States,yes,71.2,,B,High,no,421,graduation retention earnings sat carnegie leiden
scorecard:240329,University of Wisconsin-La Crosse,United States,no,71.1,,B,High,no,423,graduation retention earnings carnegie
scorecard:165699,Endicott College,United States,no,71,,B,High,no,426,graduation retention earnings carnegie
curated:polito,Politecnico di Torino,Italy,yes,71,,B,Medium,no,424,leiden
curated:western,Western University,Canada,yes,71,,B,Medium,no,424,leiden
scorecard:136950,Rollins College,United States,no,70.9,,B,High,no,427,graduation retention earnings carnegie
scorecard:163912,St. Mary's College of Maryland,United States,no,70.9,,B,High,no,428,graduation retention earnings sat carnegie
scorecard:122755,San Jose State University,United States,no,70.8,,B,High,no,429,graduation retention earnings carnegie leiden
scorecard:155317,University of Kansas,United States,yes,70.7,,B,High,no,430,graduation retention earnings sat carnegie leiden
scorecard:194578,Pratt Institute-Main,United States,no,70.6,,B,High,no,432,graduation retention earnings sat carnegie
scorecard:186399,Rutgers University-Newark,United States,yes,70.6,,B,High,no,433,graduation retention earnings sat carnegie
scorecard:145600,University of Illinois Chicago,United States,yes,70.6,,B,High,no,431,graduation retention earnings sat carnegie leiden
scorecard:210669,Allegheny College,United States,no,70.5,,B,High,no,434,graduation retention earnings sat carnegie
scorecard:195809,St. John's University-New York,United States,no,70.5,,B,High,no,435,graduation retention earnings sat carnegie leiden
scorecard:196060,University at Albany,United States,yes,70.2,,B,High,no,436,graduation retention earnings sat carnegie leiden
scorecard:216764,West Chester University of Pennsylvania,United States,yes,70.2,,B,High,no,437,graduation retention earnings sat carnegie
scorecard:110583,California State University-Long Beach,United States,yes,70.1,,B,High,no,438,graduation retention earnings carnegie leiden
scorecard:126818,Colorado State University-Fort Collins,United States,yes,70.1,,B,High,no,441,graduation retention earnings sat carnegie leiden
scorecard:118888,Northeastern University Oakland,United States,yes,70.1,,B,High,no,440,retention earnings sat carnegie
scorecard:186371,Rutgers University-Camden,United States,yes,70.1,,B,High,no,439,graduation retention earnings sat carnegie
scorecard:185572,Monmouth University,United States,no,69.9,,B,High,no,442,graduation retention earnings sat carnegie
scorecard:110413,California Lutheran University,United States,no,69.8,,B,High,no,444,graduation retention earnings sat carnegie
scorecard:196176,State University of New York at New Paltz,United States,no,69.8,,B,High,no,443,graduation retention earnings sat carnegie
scorecard:231059,Saint Michael's College,United States,no,69.7,,B,High,no,446,graduation retention earnings carnegie
scorecard:152600,Valparaiso University,United States,no,69.7,,B,High,no,445,graduation retention earnings carnegie
scorecard:206622,Xavier University,United States,no,69.7,,B,High,no,447,graduation retention earnings sat carnegie
scorecard:201654,Cedarville University,United States,no,69.6,,B,High,no,449,graduation retention earnings sat carnegie
scorecard:216667,Washington & Jefferson College,United States,no,69.6,,B,High,no,448,graduation retention earnings sat carnegie
scorecard:166656,Massachusetts College of Pharmacy and Health Sciences,United States,yes,69.5,,B,High,no,452,graduation retention earnings sat carnegie
scorecard:215655,Robert Morris University,United States,no,69.5,,B,High,no,451,graduation retention earnings carnegie
scorecard:195304,Sarah Lawrence College,United States,yes,69.5,,B,High,no,450,graduation retention earnings sat carnegie
scorecard:231712,Christopher Newport University,United States,no,69.4,,B,High,no,454,graduation retention earnings sat carnegie
scorecard:200217,University of Mary,United States,no,69.4,,B,High,no,453,graduation retention earnings carnegie
scorecard:165671,Emmanuel College,United States,no,69.3,,B,High,no,455,graduation retention earnings sat carnegie
scorecard:377564,University of Washington-Tacoma Campus,United States,no,69.3,,B,High,no,456,graduation retention earnings carnegie
scorecard:443410,DigiPen Institute of Technology,United States,yes,69.1,,B,High,no,459,graduation retention earnings sat carnegie
scorecard:107080,Hendrix College,United States,no,69.1,,B,High,no,457,graduation retention earnings sat carnegie
scorecard:214157,Moravian University,United States,no,69.1,,B,High,no,460,graduation retention earnings carnegie
scorecard:229115,Texas Tech University,United States,yes,69.1,,B,High,no,458,graduation retention earnings sat carnegie leiden
curated:polimi,Politecnico di Milano,Italy,yes,69,,B,Medium,no,462,leiden
curated:queens,Queen's University,Canada,yes,69,,B,Medium,no,462,leiden
scorecard:196592,Touro University,United States,yes,69,,B,High,no,461,graduation retention earnings carnegie
scorecard:236939,Washington State University,United States,yes,68.9,,B,High,no,464,graduation retention earnings carnegie leiden
scorecard:164216,Washington College,United States,no,68.7,,B,High,no,465,graduation retention earnings carnegie
scorecard:181464,University of Nebraska-Lincoln,United States,yes,68.6,,B,High,no,466,graduation retention earnings sat carnegie leiden
scorecard:192703,Manhattan University,United States,no,68.4,,B,High,no,468,graduation retention earnings carnegie
scorecard:213996,Messiah University,United States,no,68.4,,B,High,no,467,graduation retention earnings sat carnegie
scorecard:219000,Augustana University,United States,no,68.3,,B,High,no,469,graduation retention earnings sat carnegie
scorecard:199139,University of North Carolina at Charlotte,United States,yes,68.3,,B,High,no,470,graduation retention earnings sat carnegie leiden
scorecard:110097,Biola University,United States,no,68.2,,B,High,no,471,graduation retention earnings sat carnegie
scorecard:168254,Western New England University,United States,no,68.2,,B,High,no,472,graduation retention earnings sat carnegie
scorecard:224323,University of Dallas,United States,no,68.1,,B,High,no,473,graduation retention earnings sat carnegie
scorecard:100706,University of Alabama in Huntsville,United States,yes,68,,B,High,no,474,graduation retention earnings sat carnegie leiden
scorecard:219976,Lipscomb University,United States,no,67.9,,B,High,no,476,graduation retention earnings sat carnegie
scorecard:161299,Maine Maritime Academy,United States,no,67.9,,B,High,no,475,graduation retention earnings carnegie
scorecard:228343,Southwestern University,United States,no,67.9,,B,High,no,477,graduation retention earnings sat carnegie
scorecard:463056,University of Connecticut-Hartford Campus,United States,no,67.9,,B,High,no,478,graduation retention earnings sat
scorecard:180106,Carroll College,United States,no,67.8,,B,High,no,483,graduation retention earnings sat carnegie
scorecard:193584,Nazareth University,United States,no,67.8,,B,High,no,482,graduation retention earnings carnegie
scorecard:445692,Neumont College of Computer Science,United States,no,67.8,,B,High,no,480,graduation retention earnings carnegie
scorecard:117751,The Master's University and Seminary,United States,no,67.8,,B,High,no,479,graduation retention earnings carnegie
scorecard:210401,Willamette University,United States,yes,67.8,,B,High,no,481,graduation retention earnings carnegie
scorecard:209612,Pacific University,United States,no,67.7,,B,High,no,484,graduation retention earnings sat carnegie
scorecard:213251,Juniata College,United States,no,67.6,,B,High,no,485,graduation retention earnings carnegie
scorecard:180878,Bryan College of Health Sciences,United States,no,67.5,,B,High,no,488,graduation retention earnings carnegie
scorecard:476975,Colorado State University Global,United States,no,67.5,,B,Medium,no,487,retention earnings carnegie
scorecard:131520,Howard University,United States,yes,67.5,,B,High,no,490,graduation retention earnings sat carnegie leiden
scorecard:233295,Randolph-Macon College,United States,no,67.5,,B,High,no,489,graduation retention earnings carnegie
scorecard:232681,University of Mary Washington,United States,no,67.5,,B,High,no,486,graduation retention earnings sat carnegie
scorecard:239716,Saint Norbert College,United States,no,67.4,,B,High,no,492,graduation retention earnings sat carnegie
scorecard:100663,University of Alabama at Birmingham,United States,yes,67.4,,B,High,no,491,graduation retention earnings sat carnegie leiden
scorecard:111188,Cal Poly Maritime Academy,United States,no,67.3,,B,High,no,493,graduation retention earnings carnegie
scorecard:200280,University of North Dakota,United States,yes,67.2,,B,High,no,494,graduation retention earnings sat carnegie leiden
scorecard:155399,Kansas State University,United States,yes,67.1,,B,High,no,495,graduation retention earnings carnegie leiden
scorecard:152390,Saint Mary's College,United States,no,67,,B,High,no,496,graduation retention earnings sat carnegie
curated:umontreal,Université de Montréal,Canada,yes,67,,B,Medium,no,496,leiden
scorecard:222983,Austin College,United States,no,66.8,,B,High,no,500,graduation retention earnings sat carnegie
scorecard:233541,Shenandoah University,United States,no,66.8,,B,High,no,498,graduation retention earnings carnegie
scorecard:195544,St. Joseph's University-New York,United States,no,66.8,,B,High,no,499,graduation retention earnings sat carnegie
scorecard:196103,SUNY College of Environmental Science and Forestry,United States,yes,66.7,,B,High,no,501,graduation retention earnings carnegie
scorecard:230807,Westminster University,United States,no,66.6,,B,High,no,502,graduation retention earnings sat carnegie
scorecard:164173,Stevenson University,United States,no,66.4,,C,High,no,503,graduation retention earnings carnegie
scorecard:433004,American University of Health Sciences,United States,no,66.1,,C,High,no,507,graduation retention earnings carnegie
scorecard:194310,Pace University,United States,no,66.1,,C,High,no,504,graduation retention earnings sat carnegie
scorecard:163976,St. John's College,United States,yes,66.1,,C,High,no,505,graduation retention earnings sat carnegie
scorecard:221971,Union University,United States,no,66.1,,C,High,no,506,graduation retention earnings sat carnegie
scorecard:153834,Luther College,United States,yes,66,,C,High,no,508,graduation retention earnings sat carnegie
curated:tu-berlin,Technische Universität Berlin,Germany,yes,66,,C,Medium,no,509,leiden
scorecard:234030,Virginia Commonwealth University,United States,yes,65.8,,C,High,no,510,graduation retention earnings sat carnegie leiden
scorecard:200332,North Dakota State University-Main Campus,United States,yes,65.7,,C,High,no,511,graduation retention earnings sat carnegie leiden
scorecard:157818,Transylvania University,United States,no,65.7,,C,High,no,512,graduation retention earnings sat carnegie
scorecard:134079,Florida Southern College,United States,no,65.5,,C,High,no,513,graduation retention earnings sat carnegie
scorecard:238333,Beloit College,United States,yes,65.4,,C,High,no,514,graduation retention earnings sat carnegie
scorecard:232256,Hampden-Sydney College,United States,no,65.4,,C,High,no,516,graduation retention earnings sat carnegie
scorecard:106397,University of Arkansas,United States,yes,65.4,,C,High,no,515,graduation retention earnings sat carnegie leiden
scorecard:109785,Azusa Pacific University,United States,yes,65.3,,C,High,no,517,graduation retention earnings sat carnegie
scorecard:193654,The New School,United States,yes,65.3,,C,High,no,518,graduation retention earnings carnegie
scorecard:161457,University of New England,United States,yes,65.2,,C,High,no,519,graduation retention earnings carnegie
scorecard:213507,Lebanon Valley College,United States,no,65.1,,C,High,no,523,graduation retention earnings sat carnegie
scorecard:178059,Maryville University of Saint Louis,United States,no,65.1,,C,High,no,520,graduation retention earnings sat carnegie
scorecard:152530,Taylor University,United States,no,65.1,,C,High,no,521,graduation retention earnings carnegie
scorecard:141574,University of Hawaii at Manoa,United States,yes,65.1,,C,High,no,522,graduation retention earnings sat carnegie leiden
scorecard:199218,University of North Carolina Wilmington,United States,yes,65.1,,C,High,no,524,graduation retention earnings sat carnegie leiden
curated:korea-univ,Korea University,South Korea,yes,65,,C,Medium,no,526,leiden
scorecard:163851,Salisbury University,United States,no,65,,C,High,no,525,graduation retention earnings carnegie
scorecard:110565,California State University-Fullerton,United States,yes,64.9,,C,High,no,528,graduation retention earnings carnegie leiden
scorecard:146427,Knox College,United States,yes,64.9,,C,High,no,527,graduation retention earnings sat carnegie
scorecard:110538,California State University-Chico,United States,no,64.8,,C,High,no,530,graduation retention earnings carnegie
scorecard:181297,Nebraska Methodist College of Nursing & Allied Health,United States,no,64.8,,C,High,no,529,graduation retention earnings carnegie
scorecard:168740,Andrews University,United States,no,64.5,,C,High,no,531,graduation retention earnings sat carnegie
scorecard:178615,Truman State University,United States,no,64.5,,C,High,no,532,graduation retention earnings sat carnegie
scorecard:184782,Rowan University,United States,yes,64.4,,C,High,no,535,graduation retention earnings sat carnegie leiden
scorecard:219347,South Dakota School of Mines and Technology,United States,no,64.4,,C,High,no,534,graduation retention earnings sat carnegie
scorecard:237011,Western Washington University,United States,no,64.4,,C,High,no,533,graduation retention earnings sat carnegie
scorecard:156286,Bellarmine University,United States,no,64.3,,C,High,no,539,graduation retention earnings sat carnegie
scorecard:190716,D'Youville  University,United States,no,64.3,,C,High,no,536,graduation retention earnings sat carnegie
scorecard:205957,Franciscan University of Steubenville,United States,no,64.3,,C,High,no,538,graduation retention earnings sat carnegie
scorecard:151786,Marian University,United States,no,64.3,,C,High,no,537,graduation retention earnings carnegie
scorecard:196149,State University of New York at Cortland,United States,no,64.3,,C,High,no,540,graduation retention earnings sat carnegie
scorecard:146612,Lewis University,United States,no,64.2,,C,High,no,541,graduation retention earnings sat carnegie
scorecard:179265,University of Health Sciences and Pharmacy in St. Louis,United States,no,64.2,,C,High,no,542,graduation retention earnings sat carnegie
scorecard:138600,Agnes Scott College,United States,no,64.1,,C,High,no,543,graduation retention earnings carnegie
scorecard:153825,Loras College,United States,no,64.1,,C,High,no,543,graduation retention earnings carnegie
scorecard:107044,Harding University,United States,no,64,,C,High,no,546,graduation retention earnings sat carnegie
curated:um,Universiti Malaya,Malaysia,yes,64,,C,Medium,no,545,leiden
scorecard:190567,CUNY City College,United States,yes,63.9,,C,High,no,548,graduation retention earnings carnegie leiden
scorecard:107141,John Brown University,United States,no,63.9,,C,High,no,550,graduation retention earnings sat carnegie
scorecard:187967,New Mexico Institute of Mining and Technology,United States,no,63.9,,C,High,no,549,graduation retention earnings sat carnegie
scorecard:194091,New York Institute of Technology,United States,yes,63.9,,C,High,no,551,graduation retention earnings sat carnegie
scorecard:168005,Suffolk University,United States,no,63.9,,C,High,no,547,graduation retention earnings sat carnegie
scorecard:238458,Carroll University,United States,no,63.8,,C,High,no,554,graduation retention earnings sat carnegie
scorecard:238616,Concordia University-Wisconsin,United States,no,63.8,,C,High,no,553,graduation retention earnings carnegie
scorecard:237066,Whitworth University,United States,no,63.8,,C,High,no,552,graduation retention earnings sat carnegie
scorecard:170675,Lawrence Technological University,United States,no,63.7,,C,High,no,555,graduation retention earnings carnegie
scorecard:165936,Gordon College,United States,no,63.6,,C,High,no,556,graduation retention earnings sat carnegie
scorecard:139144,Berry College,United States,no,63.5,,C,High,no,558,graduation retention earnings sat carnegie
scorecard:196185,SUNY Oneonta,United States,no,63.5,,C,High,no,557,graduation retention earnings carnegie
scorecard:203544,Kettering College,United States,no,63.4,,C,High,no,561,graduation retention earnings carnegie
scorecard:193973,Niagara University,United States,no,63.4,,C,High,no,563,graduation retention earnings sat carnegie
scorecard:186876,Stockton University,United States,no,63.4,,C,High,no,559,graduation retention earnings sat carnegie
scorecard:174233,University of Minnesota-Duluth,United States,no,63.4,,C,High,no,562,graduation retention earnings sat carnegie leiden
scorecard:227863,University of St Thomas,United States,no,63.4,,C,High,no,559,graduation retention earnings sat carnegie
scorecard:207388,Oklahoma State University-Main Campus,United States,yes,63.2,,C,High,no,564,graduation retention earnings sat carnegie leiden
scorecard:164368,Hult International Business School,United States,no,63.1,,C,Medium,no,566,graduation retention carnegie
scorecard:195164,St Bonaventure University,United States,no,63.1,,C,High,no,565,graduation retention earnings sat carnegie
scorecard:436836,University of Connecticut-Stamford,United States,no,63.1,,C,High,no,567,graduation retention earnings sat
scorecard:144962,Elmhurst University,United States,no,63,,C,High,no,569,graduation retention earnings sat carnegie
curated:rwth,RWTH Aachen University,Germany,yes,63,,C,Medium,no,568,leiden
scorecard:197151,School of Visual Arts,United States,yes,62.8,,C,High,no,570,graduation retention earnings sat carnegie
scorecard:167899,Springfield College,United States,no,62.6,,C,High,no,571,graduation retention earnings sat carnegie
scorecard:232043,Eastern Mennonite University,United States,no,62.5,,C,High,no,573,graduation retention earnings sat carnegie
scorecard:171492,Northwood University,United States,no,62.5,,C,High,no,572,graduation retention earnings carnegie
scorecard:493594,Yeshiva of Ocean,United States,no,62.4,,C,Medium,no,574,graduation retention carnegie
scorecard:230995,Norwich University,United States,no,62.3,,C,High,no,576,graduation retention earnings carnegie
scorecard:182290,University of Nevada-Reno,United States,yes,62.3,,C,High,no,575,graduation retention earnings sat carnegie leiden
scorecard:236577,Seattle Pacific University,United States,no,62.2,,C,High,no,577,graduation retention earnings sat carnegie
scorecard:192110,The Juilliard School,United States,no,62.1,,C,High,no,578,graduation retention earnings carnegie
scorecard:120403,Otis College of Art and Design,United States,no,62,,C,High,no,582,graduation retention earnings sat carnegie
scorecard:127918,Regis University,United States,no,62,,C,High,no,579,graduation retention earnings sat carnegie
scorecard:137847,The University of Tampa,United States,no,62,,C,High,no,580,graduation retention earnings sat carnegie
scorecard:199184,University of North Carolina School of the Arts,United States,no,62,,C,High,no,580,graduation retention earnings sat carnegie
scorecard:230852,Champlain College,United States,no,61.9,,C,High,no,583,graduation retention earnings carnegie
scorecard:139393,Covenant College,United States,no,61.9,,C,High,no,584,graduation retention earnings sat carnegie
scorecard:164076,Towson University,United States,no,61.8,,C,High,no,585,graduation retention earnings sat carnegie leiden
scorecard:232265,Hampton University,United States,no,61.7,,C,High,no,586,graduation retention earnings carnegie
scorecard:199759,Southeastern Baptist Theological Seminary,United States,no,61.7,,C,Medium,no,587,graduation retention carnegie
scorecard:211088,Arcadia University,United States,no,61.6,,C,High,no,588,graduation retention earnings sat carnegie
scorecard:173665,Hamline University,United States,no,61.6,,C,High,no,589,graduation retention earnings sat carnegie
scorecard:170082,Grand Valley State University,United States,no,61.5,,C,High,no,591,graduation retention earnings carnegie
scorecard:204909,Ohio Wesleyan University,United States,no,61.5,,C,High,no,590,graduation retention earnings sat carnegie
scorecard:174817,Saint Mary's University of Minnesota,United States,no,61.5,,C,High,no,592,graduation retention earnings carnegie
scorecard:176017,University of Mississippi,United States,yes,61.4,,C,High,no,593,graduation retention earnings sat carnegie leiden
scorecard:197869,Appalachian State University,United States,no,61.2,,C,High,no,596,graduation retention earnings sat carnegie leiden
scorecard:489344,Chamberlain University-North Carolina,United States,no,61.2,,C,Medium,no,597,retention earnings carnegie
scorecard:462354,John Paul the Great Catholic University,United States,no,61.2,,C,High,no,594,graduation retention earnings sat carnegie
scorecard:436827,University of Connecticut-Avery Point,United States,no,61.2,,C,High,no,595,graduation retention earnings sat
scorecard:217819,College of Charleston,United States,no,61,,C,High,no,600,graduation retention earnings sat carnegie
curated:tuwien,TU Wien,Austria,yes,61,,C,Medium,no,599,leiden
scorecard:240268,University of Wisconsin-Eau Claire,United States,no,61,,C,High,no,598,graduation retention earnings carnegie
scorecard:153250,Dordt University,United States,no,60.9,,C,High,no,601,graduation retention earnings sat carnegie
scorecard:150756,Hanover College,United States,no,60.8,,C,High,no,602,graduation retention earnings sat carnegie
scorecard:192448,Long Island University,United States,yes,60.8,,C,High,no,603,graduation retention earnings sat carnegie
scorecard:204176,Mount Carmel College of Nursing,United States,no,60.8,,C,High,no,606,graduation retention earnings carnegie
scorecard:163462,Mount St. Mary's University,United States,no,60.8,,C,High,no,604,graduation retention earnings carnegie
scorecard:179955,William Jewell College,United States,no,60.8,,C,High,no,605,graduation retention earnings sat carnegie
scorecard:213367,La Salle University,United States,no,60.7,,C,High,no,607,graduation retention earnings carnegie
scorecard:178402,University of Missouri-Kansas City,United States,yes,60.7,,C,High,no,607,graduation retention earnings sat carnegie leiden
scorecard:123572,Sonoma State University,United States,no,60.5,,C,High,no,609,graduation retention earnings carnegie
scorecard:133669,Florida Atlantic University,United States,yes,60.4,,C,High,no,610,graduation retention earnings sat carnegie leiden
scorecard:167598,Regis College,United States,no,60.2,,C,High,no,612,graduation retention earnings carnegie
scorecard:216931,Wilkes University,United States,no,60.2,,C,High,no,611,graduation retention earnings sat carnegie
scorecard:129941,University of New Haven,United States,no,60.1,,C,High,no,613,graduation retention earnings sat carnegie
scorecard:190725,Daemen University,United States,no,60,,C,High,no,614,graduation retention earnings carnegie
scorecard:213826,Marywood University,United States,no,60,,C,High,no,616,graduation retention earnings sat carnegie
curated:snu,Seoul National University,South Korea,yes,60,,C,Medium,no,615,leiden
scorecard:184694,Fairleigh Dickinson University-Florham Campus,United States,no,59.9,,C,High,no,618,graduation retention earnings carnegie
scorecard:139861,Georgia College & State University,United States,no,59.9,,C,High,no,619,graduation retention earnings sat carnegie
scorecard:226231,LeTourneau University,United States,no,59.9,,C,High,no,621,graduation retention earnings sat carnegie
scorecard:440828,Oregon State University-Cascades Campus,United States,no,59.9,,C,High,no,620,graduation retention earnings sat
scorecard:148584,University of St Francis,United States,no,59.9,,C,High,no,617,graduation retention earnings sat carnegie
scorecard:110617,California State University-Sacramento,United States,no,59.8,,C,High,no,622,graduation retention earnings carnegie
scorecard:212601,Gannon University,United States,no,59.8,,C,High,no,624,graduation retention earnings sat carnegie
scorecard:207458,Oklahoma City University,United States,no,59.8,,C,High,no,623,graduation retention earnings sat carnegie
scorecard:185590,Montclair State University,United States,yes,59.7,,C,High,no,625,graduation retention earnings sat carnegie leiden
scorecard:186283,Rider University,United States,no,59.6,,C,High,no,626,graduation retention earnings sat carnegie
scorecard:215798,Saint Vincent College,United States,no,59.6,,C,High,no,626,graduation retention earnings sat carnegie
scorecard:112075,Concordia University-Irvine,United States,no,59.5,,C,High,no,628,graduation retention earnings sat carnegie
scorecard:482556,DeVry University-New Jersey,United States,no,59.5,,C,High,no,629,graduation retention earnings carnegie
scorecard:227845,Saint Edward's University,United States,no,59.4,,C,High,no,630,graduation retention earnings carnegie
scorecard:151801,Indiana Wesleyan University-Marion,United States,no,59.2,,C,High,no,631,graduation retention earnings sat carnegie
scorecard:191931,Iona University,United States,no,59.2,,C,High,no,632,graduation retention earnings sat carnegie
scorecard:164270,McDaniel College,United States,no,59.2,,C,High,no,635,graduation retention earnings carnegie
scorecard:129525,University of Hartford,United States,no,59.2,,C,High,no,634,graduation retention earnings sat carnegie
scorecard:136172,University of North Florida,United States,yes,59.2,,C,High,no,633,graduation retention earnings sat carnegie leiden
scorecard:173300,Concordia College at Moorhead,United States,no,59,,C,High,no,638,graduation retention earnings sat carnegie
scorecard:105330,Northern Arizona University,United States,yes,59,,C,High,no,636,graduation retention earnings carnegie leiden
scorecard:233426,Roanoke College,United States,no,59,,C,High,no,639,graduation retention earnings sat carnegie
scorecard:125897,Woodbury University,United States,no,59,,C,High,no,637,graduation retention earnings carnegie
scorecard:159647,Louisiana Tech University,United States,yes,58.9,,C,High,no,640,graduation retention earnings sat carnegie
scorecard:177038,Cleveland University-Kansas City,United States,no,58.8,,C,High,no,642,graduation retention earnings carnegie
scorecard:153162,Cornell College,United States,no,58.8,,C,High,no,644,graduation retention earnings sat carnegie
scorecard:204857,Ohio University-Main Campus,United States,yes,58.8,,C,High,no,643,graduation retention earnings sat carnegie leiden
scorecard:238032,West Virginia University,United States,yes,58.8,,C,High,no,641,graduation retention earnings sat carnegie leiden
scorecard:171137,University of Michigan-Dearborn,United States,no,58.7,,C,High,no,645,graduation retention earnings sat carnegie
scorecard:136215,Nova Southeastern University,United States,yes,58.6,,C,High,no,646,graduation retention earnings sat carnegie leiden
scorecard:189705,Canisius University,United States,no,58.5,,C,High,no,650,graduation retention earnings sat carnegie
scorecard:153977,Mercy College of Health Sciences,United States,no,58.5,,C,High,no,649,graduation retention earnings carnegie
scorecard:198950,Meredith College,United States,no,58.5,,C,High,no,647,graduation retention earnings sat carnegie
scorecard:236133,Northwest University,United States,no,58.5,,C,High,no,647,graduation retention earnings sat carnegie
scorecard:194958,Roberts Wesleyan University,United States,no,58.3,,C,High,no,652,graduation retention earnings sat carnegie
scorecard:217059,York College of Pennsylvania,United States,no,58.3,,C,High,no,651,graduation retention earnings sat carnegie
scorecard:201195,Baldwin Wallace University,United States,no,58.2,,C,High,no,653,graduation retention earnings sat carnegie
scorecard:176080,Mississippi State University,United States,yes,58.2,,C,High,no,654,graduation retention earnings sat carnegie leiden
scorecard:483780,Washington University of Science and Technology,United States,no,58.1,,C,Medium,no,655,graduation retention carnegie
scorecard:110510,California State University-San Bernardino,United States,yes,57.9,,C,High,no,656,graduation retention earnings carnegie
scorecard:150455,Earlham College,United States,no,57.9,,C,High,no,658,graduation retention earnings sat carnegie
scorecard:183071,University of New Hampshire at Manchester,United States,no,57.9,,C,High,no,657,graduation retention earnings sat carnegie
scorecard:130314,University of Saint Joseph,United States,no,57.9,,C,High,no,659,graduation retention earnings sat carnegie
scorecard:168591,Alma College,United States,no,57.8,,C,High,no,664,graduation retention earnings carnegie
scorecard:154712,Benedictine College,United States,no,57.8,,C,High,no,663,graduation retention earnings sat carnegie
scorecard:485999,Bet Medrash Gadol Ateret Torah,United States,no,57.8,,C,Medium,no,662,graduation retention carnegie
scorecard:110361,California Baptist University,United States,no,57.8,,C,High,no,660,graduation retention earnings carnegie
scorecard:238661,Edgewood University,United States,no,57.8,,C,High,no,660,graduation retention earnings carnegie
scorecard:147660,North Central College,United States,no,57.7,,C,High,no,665,graduation retention earnings sat carnegie
scorecard:157289,University of Louisville,United States,yes,57.6,,C,High,no,666,graduation retention earnings sat carnegie leiden
scorecard:193353,Mount Saint Mary College,United States,no,57.5,,C,High,no,667,graduation retention earnings sat carnegie
scorecard:119775,Newschool of Architecture and Design,United States,no,57.5,,C,High,no,668,graduation retention earnings carnegie
scorecard:409698,California State University-Monterey Bay,United States,no,57.4,,C,High,no,669,graduation retention earnings carnegie
scorecard:173452,Martin Luther College,United States,no,57.3,,C,High,no,672,graduation retention earnings sat carnegie
scorecard:152567,Trine University,United States,no,57.3,,C,High,no,671,graduation retention earnings sat carnegie
scorecard:240727,University of Wyoming,United States,yes,57.3,,C,High,no,670,graduation retention earnings carnegie leiden
scorecard:222178,Abilene Christian University,United States,no,57.1,,C,High,no,673,graduation retention earnings sat carnegie
scorecard:122597,San Francisco State University,United States,yes,57.1,,C,High,no,673,graduation retention earnings carnegie leiden
scorecard:227216,University of North Texas,United States,yes,57.1,,C,High,no,675,graduation retention earnings sat carnegie leiden
scorecard:475200,Whitworth University-Adult Degree Programs,United States,no,56.9,,C,Medium,no,676,earnings carnegie
scorecard:212832,Gwynedd Mercy University,United States,no,56.8,,C,High,no,677,graduation retention earnings sat carnegie
scorecard:181446,Nebraska Wesleyan University,United States,no,56.8,,C,High,no,678,graduation retention earnings sat carnegie
scorecard:150774,Holy Cross College,United States,no,56.6,,C,High,no,679,graduation retention earnings sat carnegie
scorecard:229027,The University of Texas at San Antonio,United States,yes,56.6,,C,High,no,682,graduation retention earnings sat carnegie leiden
scorecard:456959,University of Minnesota-Rochester,United States,no,56.6,,C,High,no,683,graduation retention earnings carnegie
scorecard:174491,University of Northwestern-St Paul,United States,no,56.6,,C,High,no,681,graduation retention earnings carnegie
scorecard:216694,Waynesburg University,United States,no,56.6,,C,High,no,680,graduation retention earnings carnegie
scorecard:161518,Saint Joseph's College of Maine,United States,no,56.4,,C,High,no,684,graduation retention earnings sat carnegie
scorecard:436818,University of Connecticut-Waterbury Campus,United States,no,56.3,,C,High,no,686,graduation retention earnings sat
scorecard:150534,University of Evansville,United States,no,56.3,,C,High,no,685,graduation retention earnings sat carnegie
scorecard:110495,California State University-Stanislaus,United States,no,56,,C,High,no,688,graduation retention earnings carnegie
scorecard:153144,Coe College,United States,no,56,,C,High,no,691,graduation retention earnings carnegie
curated:kit,Karlsruhe Institute of Technology,Germany,yes,56,,C,Medium,no,690,leiden
scorecard:204936,Otterbein University,United States,no,56,,C,High,no,689,graduation retention earnings sat carnegie
scorecard:154235,Saint Ambrose University,United States,no,56,,C,High,no,692,graduation retention earnings sat carnegie
scorecard:215947,Seton Hill University,United States,no,56,,C,High,no,687,graduation retention earnings carnegie
scorecard:198464,East Carolina University,United States,yes,55.8,,C,High,no,693,graduation retention earnings carnegie leiden
scorecard:168430,Worcester State University,United States,no,55.7,,C,High,no,694,graduation retention earnings sat carnegie
scorecard:195128,Russell Sage College,United States,no,55.6,,C,High,no,697,graduation retention earnings carnegie
scorecard:172644,Wayne State University,United States,yes,55.6,,C,High,no,696,graduation retention earnings sat carnegie leiden
scorecard:216807,Westminster College,United States,no,55.6,,C,High,no,698,graduation retention earnings sat carnegie
scorecard:125763,Whittier College,United States,no,55.6,,C,High,no,695,graduation retention earnings sat carnegie
scorecard:145813,Illinois State University,United States,yes,55.5,,C,High,no,701,graduation retention earnings sat carnegie leiden
scorecard:213321,King's College,United States,no,55.5,,C,High,no,702,graduation retention earnings carnegie
scorecard:196112,SUNY Polytechnic Institute,United States,no,55.5,,C,High,no,700,graduation retention earnings sat carnegie
scorecard:240462,University of Wisconsin-Platteville,United States,no,55.5,,C,High,no,699,graduation retention earnings carnegie
scorecard:153108,Central College,United States,no,55.4,,C,High,no,703,graduation retention earnings sat carnegie
scorecard:154350,Simpson College,United States,no,55.2,,C,High,no,704,graduation retention earnings sat carnegie
scorecard:129215,Eastern Connecticut State University,United States,no,55.1,,C,High,no,705,graduation retention earnings carnegie
scorecard:126562,University of Colorado Denver/Anschutz Medical Campus,United States,yes,55.1,,C,High,no,706,graduation retention earnings sat carnegie leiden
scorecard:110574,California State University-East Bay,United States,yes,55,,C,High,no,710,graduation retention earnings carnegie
scorecard:209506,Oregon Institute of Technology,United States,no,55,,C,High,no,707,graduation retention earnings sat carnegie
scorecard:219356,South Dakota State University,United States,yes,55,,C,High,no,709,graduation retention earnings sat carnegie leiden
scorecard:154095,University of Northern Iowa,United States,no,55,,C,High,no,707,graduation retention earnings sat carnegie
scorecard:366711,California State University-San Marcos,United States,no,54.9,,C,High,no,711,graduation retention earnings carnegie
scorecard:211556,Chatham University,United States,no,54.9,,C,High,no,712,graduation retention earnings carnegie
scorecard:192712,Manhattan School of Music,United States,no,54.9,,C,High,no,713,graduation retention earnings carnegie
scorecard:180461,Montana State University,United States,yes,54.8,,C,High,no,714,graduation retention earnings sat carnegie leiden
scorecard:149639,VanderCook College of Music,United States,no,54.7,,C,High,no,716,graduation retention earnings carnegie
scorecard:240107,Viterbo University,United States,no,54.7,,C,High,no,715,graduation retention earnings sat carnegie
scorecard:163295,Maryland Institute College of Art,United States,no,54.6,,C,High,no,717,graduation retention earnings carnegie
scorecard:136774,Ringling College of Art and Design,United States,no,54.6,,C,High,no,719,graduation retention earnings carnegie
scorecard:140951,Savannah College of Art and Design,United States,no,54.6,,C,High,no,717,graduation retention earnings carnegie
scorecard:162061,Capitol Technology University,United States,no,54.5,,C,High,no,722,graduation retention earnings carnegie
scorecard:118693,Menlo College,United States,no,54.5,,C,High,no,720,graduation retention earnings carnegie
scorecard:206437,Walsh University,United States,no,54.5,,C,High,no,721,graduation retention earnings sat carnegie
scorecard:110556,California State University-Fresno,United States,yes,54.4,,C,High,no,723,graduation retention earnings carnegie leiden
scorecard:175005,St Catherine University,United States,no,54.3,,C,High,no,724,graduation retention earnings sat carnegie
scorecard:190983,Elmira College,United States,no,54.1,,C,High,no,727,graduation retention earnings carnegie
scorecard:196042,Farmingdale State College,United States,no,54.1,,C,High,no,726,graduation retention earnings sat carnegie
scorecard:215284,University of Pittsburgh-Johnstown,United States,no,54.1,,C,High,no,725,graduation retention earnings sat carnegie
scorecard:123280,Shasta Bible College and Graduate School,United States,no,54,,C,Medium,no,728,graduation earnings carnegie
scorecard:190594,CUNY Hunter College,United States,yes,53.9,,C,High,no,729,graduation retention earnings carnegie leiden
scorecard:159656,Loyola University New Orleans,United States,no,53.9,,C,High,no,730,graduation retention earnings carnegie
scorecard:140553,Morehouse College,United States,no,53.9,,C,High,no,732,graduation retention earnings carnegie
scorecard:166638,University of Massachusetts-Boston,United States,yes,53.9,,C,High,no,731,graduation retention earnings sat carnegie leiden
scorecard:190549,CUNY Brooklyn College,United States,no,53.8,,C,High,no,733,graduation retention earnings carnegie
scorecard:482936,Florida Polytechnic University,United States,no,53.7,,C,High,no,734,graduation retention sat carnegie
scorecard:119173,Mount Saint Mary's University,United States,no,53.7,,C,High,no,735,graduation retention earnings carnegie
scorecard:201821,The Christ College of Nursing and Health Sciences,United States,no,53.7,,C,High,no,736,graduation retention earnings carnegie
scorecard:198136,Campbell University,United States,no,53.6,,C,High,no,737,graduation retention earnings sat carnegie
scorecard:190664,CUNY Queens College,United States,no,53.6,,C,High,no,740,graduation retention earnings carnegie
scorecard:262129,New College of Florida,United States,no,53.6,,C,High,no,739,graduation retention earnings sat carnegie
scorecard:199412,Queens University of Charlotte,United States,no,53.6,,C,High,no,738,graduation retention earnings sat carnegie
scorecard:142115,Boise State University,United States,yes,53.5,,C,High,no,742,graduation retention earnings carnegie leiden
scorecard:166674,Massachusetts College of Art and Design,United States,no,53.5,,C,High,no,741,graduation retention earnings carnegie
scorecard:230728,Utah State University,United States,yes,53.5,,C,High,no,743,graduation retention earnings sat carnegie leiden
scorecard:168546,Albion College,United States,no,53.4,,C,High,no,744,graduation retention earnings carnegie
scorecard:212984,Holy Family University,United States,no,53.4,,C,High,no,746,graduation retention earnings sat carnegie
scorecard:154013,Mount Mercy University,United States,no,53.4,,C,High,no,745,graduation retention earnings carnegie
scorecard:191676,Houghton University,United States,no,53.2,,C,High,no,748,graduation retention earnings sat carnegie
scorecard:213668,Lycoming College,United States,no,53.2,,C,High,no,748,graduation retention earnings sat carnegie
scorecard:137546,Stetson University,United States,no,53.2,,C,High,no,747,graduation retention earnings sat carnegie
scorecard:209241,Mount Angel Seminary,United States,no,53.1,,C,High,no,750,graduation retention earnings carnegie
scorecard:181604,College of Saint Mary,United States,no,53,,C,High,no,755,graduation retention earnings carnegie
scorecard:133881,Florida Institute of Technology,United States,yes,53,,C,High,no,754,graduation retention earnings sat carnegie leiden
scorecard:162654,Goucher College,United States,no,53,,C,High,no,753,graduation retention earnings sat carnegie
scorecard:228769,The University of Texas at Arlington,United States,yes,53,,C,High,no,751,graduation retention earnings sat carnegie leiden
scorecard:193399,University of Mount Saint Vincent,United States,no,53,,C,High,no,752,graduation retention earnings sat carnegie
scorecard:189088,Bard College,United States,yes,52.9,,C,High,no,756,graduation retention earnings carnegie
scorecard:173045,Augsburg University,United States,no,52.8,,C,High,no,757,graduation retention earnings sat carnegie
scorecard:142461,Northwest Nazarene University,United States,no,52.8,,C,High,no,759,graduation retention earnings sat carnegie
scorecard:209807,Portland State University,United States,yes,52.8,,C,High,no,758,graduation retention earnings sat carnegie leiden
scorecard:150668,Goshen College,United States,no,52.7,,C,High,no,761,graduation retention earnings sat carnegie
scorecard:196194,State University of New York at Oswego,United States,no,52.7,,C,High,no,760,graduation retention earnings sat carnegie
scorecard:167987,University of Massachusetts-Dartmouth,United States,yes,52.7,,C,High,no,762,graduation retention earnings sat carnegie
scorecard:180984,Concordia University-Nebraska,United States,no,52.5,,C,High,no,763,graduation retention earnings sat carnegie
scorecard:220215,Freed-Hardeman University,United States,no,52.5,,C,High,no,764,graduation retention earnings sat carnegie
scorecard:180416,Montana Technological University,United States,no,52.5,,C,High,no,766,graduation retention earnings sat carnegie
scorecard:219471,University of South Dakota,United States,yes,52.5,,C,High,no,765,graduation retention earnings sat carnegie leiden
scorecard:139940,Georgia State University,United States,yes,52.4,,C,High,no,769,graduation retention earnings sat carnegie leiden
scorecard:497213,Great Northern University,United States,no,52.4,,C,Medium,no,767,graduation retention
scorecard:228802,The University of Texas at Tyler,United States,yes,52.4,,C,High,no,768,graduation retention earnings sat carnegie
scorecard:175272,Winona State University,United States,no,52.4,,C,High,no,770,graduation retention earnings sat carnegie
scorecard:454245,Chamberlain University-Arizona,United States,no,52.3,,C,High,no,771,graduation retention earnings carnegie
scorecard:169442,College for Creative Studies,United States,no,52.3,,C,High,no,771,graduation retention earnings carnegie
scorecard:143978,The Chicago School at Chicago,United States,no,52.3,,C,Medium,no,773,earnings carnegie
scorecard:167057,The New England Conservatory of Music,United States,no,52.3,,C,High,no,774,graduation retention earnings carnegie
scorecard:147341,Monmouth College,United States,no,52.2,,C,High,no,775,graduation retention earnings sat carnegie
scorecard:197045,Utica University,United States,no,52.2,,C,High,no,776,graduation retention earnings carnegie
scorecard:199148,University of North Carolina at Greensboro,United States,yes,52.1,,C,High,no,777,graduation retention earnings sat carnegie leiden
scorecard:206084,University of Toledo,United States,yes,52,,C,High,no,778,graduation retention earnings sat carnegie leiden
scorecard:240189,University of Wisconsin-Whitewater,United States,no,52,,C,High,no,779,graduation retention earnings carnegie
scorecard:188641,Alfred University,United States,no,51.9,,C,High,no,781,graduation retention earnings sat carnegie
scorecard:475741,Chamberlain University-Indiana,United States,no,51.9,,C,High,no,780,graduation retention earnings carnegie
scorecard:167394,College of Our Lady of the Elms,United States,no,51.9,,C,High,no,782,graduation retention earnings sat carnegie
scorecard:202073,Cleveland Institute of Music,United States,no,51.8,,C,High,no,787,graduation retention earnings carnegie
scorecard:130989,Goldey-Beacom College,United States,no,51.8,,C,High,no,783,graduation retention earnings carnegie
scorecard:204194,Mount Vernon Nazarene University,United States,no,51.8,,C,High,no,784,graduation retention earnings sat carnegie
scorecard:171571,Oakland University,United States,yes,51.8,,C,High,no,786,graduation retention earnings sat carnegie leiden
scorecard:206349,Ursuline College,United States,no,51.8,,C,High,no,784,graduation retention earnings sat carnegie
scorecard:169248,Central Michigan University,United States,yes,51.7,,C,High,no,788,graduation retention earnings sat carnegie leiden
scorecard:190600,CUNY John Jay College of Criminal Justice,United States,no,51.7,,C,High,no,794,graduation retention earnings carnegie
scorecard:133492,Eckerd College,United States,no,51.7,,C,High,no,790,graduation retention earnings carnegie
scorecard:433660,Florida Gulf Coast University,United States,no,51.7,,C,High,no,792,graduation retention earnings sat carnegie
scorecard:107512,Ouachita Baptist University,United States,no,51.7,,C,High,no,791,graduation retention earnings carnegie
scorecard:148627,Saint Xavier University,United States,no,51.7,,C,High,no,789,graduation retention earnings carnegie
scorecard:219383,University of Sioux Falls,United States,no,51.7,,C,High,no,793,graduation retention earnings carnegie
scorecard:192749,Manhattanville University,United States,no,51.6,,C,High,no,795,graduation retention earnings sat carnegie
scorecard:110370,California College of the Arts,United States,no,51.5,,C,High,no,796,graduation retention earnings carnegie
scorecard:203517,Kent State University at Kent,United States,yes,51.5,,C,High,no,797,graduation retention earnings sat carnegie leiden
scorecard:143118,Aurora University,United States,no,51.4,,C,High,no,800,graduation retention earnings sat carnegie
scorecard:202763,The University of Findlay,United States,no,51.4,,C,High,no,798,graduation retention earnings sat carnegie
scorecard:240417,University of Wisconsin-Stout,United States,no,51.4,,C,High,no,799,graduation retention earnings carnegie
scorecard:216038,Slippery Rock University of Pennsylvania,United States,no,51.3,,C,High,no,801,graduation retention earnings sat carnegie
scorecard:211468,Cedar Crest College,United States,no,51.2,,C,High,no,803,graduation retention earnings sat carnegie
scorecard:134945,Jacksonville University,United States,no,51.2,,C,High,no,802,graduation retention earnings sat carnegie
scorecard:192192,Keuka College,United States,no,51.1,,C,High,no,808,graduation retention earnings sat carnegie
scorecard:195243,St. Thomas Aquinas College,United States,no,51.1,,C,High,no,806,graduation retention earnings sat carnegie
scorecard:228459,Texas State University,United States,yes,51.1,,C,High,no,805,graduation retention earnings sat carnegie leiden
scorecard:117140,University of La Verne,United States,no,51.1,,C,High,no,804,graduation retention earnings sat carnegie
scorecard:451370,Yeshivas Be'er Yitzchok,United States,no,51.1,,C,High,no,807,graduation retention earnings carnegie
scorecard:232609,University of Lynchburg,United States,no,51,,C,High,no,809,graduation retention earnings carnegie
scorecard:154527,Wartburg College,United States,no,50.9,,C,High,no,810,graduation retention earnings sat carnegie
scorecard:228149,St. Mary's University,United States,no,50.8,,C,High,no,812,graduation retention earnings carnegie
scorecard:200004,Western Carolina University,United States,no,50.8,,C,High,no,811,graduation retention earnings sat carnegie
scorecard:142294,The College of Idaho,United States,no,50.7,,C,High,no,813,graduation retention earnings sat carnegie
scorecard:201441,Bowling Green State University-Main Campus,United States,yes,50.6,,C,High,no,815,graduation retention earnings sat carnegie leiden
scorecard:238476,Carthage College,United States,no,50.6,,C,High,no,816,graduation retention earnings sat carnegie
scorecard:196219,SUNY at Purchase College,United States,no,50.6,,C,High,no,814,graduation retention earnings sat carnegie
scorecard:151263,University of Indianapolis,United States,no,50.6,,C,High,no,817,graduation retention earnings carnegie leiden
scorecard:161253,University of Maine,United States,yes,50.5,,C,High,no,818,graduation retention earnings sat carnegie leiden
scorecard:485698,American College of the Building Arts,United States,no,50.4,,C,High,no,820,graduation retention sat carnegie
scorecard:232557,Liberty University,United States,no,50.4,,C,High,no,822,graduation retention earnings carnegie
scorecard:172334,Spring Arbor University,United States,no,50.4,,C,High,no,823,graduation retention earnings carnegie
scorecard:182281,University of Nevada-Las Vegas,United States,yes,50.4,,C,High,no,819,graduation retention earnings carnegie leiden
scorecard:493664,Yeshivat Hechal Shemuel,United States,no,50.4,,C,Medium,no,821,graduation retention carnegie
scorecard:173920,Minnesota State University-Mankato,United States,no,50.3,,C,High,no,825,graduation retention earnings carnegie
scorecard:196246,State University of New York at Plattsburgh,United States,no,50.3,,C,High,no,824,graduation retention earnings sat carnegie
scorecard:201104,Ashland University,United States,no,50.2,,C,High,no,827,graduation retention earnings sat carnegie
scorecard:138354,University of West Florida,United States,no,50.2,,C,High,no,826,graduation retention earnings sat carnegie
scorecard:487375,Arizona College of Nursing-Las Vegas,United States,no,50.1,,C,High,no,829,graduation retention earnings carnegie
scorecard:197692,Yeshivath Shaar Hatorah,United States,no,50.1,,C,Medium,no,828,graduation retention carnegie
scorecard:490133,Westcliff University,United States,no,50,,C,Medium,no,830,graduation retention carnegie
scorecard:183910,Caldwell University,United States,no,49.9,,C,High,no,832,graduation retention earnings sat carnegie
scorecard:214591,Pennsylvania State University-Penn State Erie-Behrend College,United States,no,49.9,,C,Medium,no,831,graduation retention earnings
scorecard:486840,Kennesaw State University,United States,yes,49.7,,C,High,no,833,graduation retention earnings sat carnegie leiden
scorecard:203960,Mercy College of Ohio,United States,no,49.6,,C,High,no,834,graduation retention earnings sat carnegie
scorecard:172699,Western Michigan University,United States,yes,49.6,,C,High,no,835,graduation retention earnings sat carnegie leiden
scorecard:245652,St. John's College,United States,yes,49.5,,C,High,no,836,graduation retention earnings sat carnegie
scorecard:154688,Baker University,United States,no,49.4,,C,High,no,840,graduation retention earnings sat carnegie
scorecard:201548,Capital University,United States,no,49.4,,C,High,no,839,graduation retention earnings sat carnegie
scorecard:475732,Chamberlain University-Georgia,United States,no,49.4,,C,High,no,838,graduation retention earnings carnegie
scorecard:219833,Christian Brothers University,United States,no,49.4,,C,High,no,837,graduation retention earnings sat carnegie
scorecard:122728,William Jessup University,United States,no,49.3,,C,High,no,841,graduation retention earnings carnegie
scorecard:230816,Bennington College,United States,yes,49.2,,C,High,no,843,graduation retention earnings carnegie
scorecard:486956,Chamberlain University-New Jersey,United States,no,49.2,,C,High,no,842,graduation retention earnings carnegie
scorecard:421708,Arizona College of Nursing-Tempe,United States,no,49.1,,C,High,no,846,graduation retention earnings carnegie
scorecard:160959,College of the Atlantic,United States,yes,49.1,,C,High,no,844,graduation retention earnings carnegie
scorecard:178420,University of Missouri-St Louis,United States,yes,49.1,,C,High,no,845,graduation retention earnings sat carnegie leiden
curated:iitd,Indian Institute of Technology Delhi,India,yes,49,,C,Medium,no,848,leiden
scorecard:218539,Presbyterian College,United States,no,49,,C,High,no,847,graduation retention earnings sat carnegie
scorecard:150136,Ball State University,United States,yes,48.9,,C,High,no,849,graduation retention earnings sat carnegie leiden
scorecard:209409,Bushnell University,United States,no,48.9,,C,High,no,851,graduation retention earnings sat carnegie
scorecard:454227,Chamberlain University-Illinois,United States,no,48.9,,C,High,no,850,graduation retention earnings carnegie
scorecard:181020,Doane University,United States,no,48.7,,C,High,no,854,graduation retention earnings carnegie
scorecard:174437,North Central University,United States,no,48.7,,C,High,no,855,graduation retention earnings carnegie
scorecard:163578,Notre Dame of Maryland University,United States,no,48.7,,C,High,no,853,graduation retention earnings carnegie
scorecard:149505,Trinity Christian College,United States,no,48.7,,C,High,no,852,graduation retention earnings sat carnegie
scorecard:142285,University of Idaho,United States,yes,48.7,,C,High,no,856,graduation retention earnings sat carnegie leiden
scorecard:117627,La Sierra University,United States,no,48.6,,C,High,no,857,graduation retention earnings sat carnegie
scorecard:151111,Indiana University-Indianapolis,United States,yes,48.4,,C,High,no,858,graduation retention earnings sat carnegie
scorecard:232566,Longwood University,United States,no,48.4,,C,High,no,859,graduation retention earnings sat carnegie
scorecard:214041,Millersville University of Pennsylvania,United States,no,48.3,,C,High,no,861,graduation retention earnings sat carnegie
scorecard:167260,Nichols College,United States,no,48.3,,C,High,no,860,graduation retention earnings sat carnegie
scorecard:480781,California Miramar University,United States,no,48.2,,C,Medium,no,863,graduation retention carnegie
scorecard:234827,Central Washington University,United States,no,48.2,,C,High,no,864,graduation retention earnings carnegie
scorecard:210304,Warner Pacific University,United States,no,48.2,,C,High,no,862,graduation retention earnings carnegie
scorecard:210775,Alvernia University,United States,no,48.1,,C,High,no,866,graduation retention earnings carnegie
scorecard:113582,Design Institute of San Diego,United States,no,48.1,,C,High,no,867,graduation retention earnings carnegie
scorecard:175980,Millsaps College,United States,no,48.1,,C,High,no,865,graduation retention earnings sat carnegie
scorecard:221847,Tennessee Technological University,United States,yes,48.1,,C,High,no,867,graduation retention earnings carnegie
scorecard:480198,Warner Pacific University Professional and Graduate Studies,United States,no,48.1,,C,Medium,no,869,earnings carnegie
curated:utokyo,University of Tokyo,Japan,yes,48,,C,Medium,no,870,leiden
scorecard:240471,University of Wisconsin-River Falls,United States,no,48,,C,High,no,870,graduation retention earnings carnegie
scorecard:145619,Benedictine University,United States,no,47.8,,C,High,no,874,graduation retention earnings sat carnegie
scorecard:184603,Fairleigh Dickinson University-Metropolitan Campus,United States,no,47.8,,C,High,no,872,graduation retention earnings carnegie
scorecard:191533,Hartwick College,United States,no,47.8,,C,High,no,873,graduation retention earnings sat carnegie
scorecard:232706,Marymount University,United States,no,47.7,,C,High,no,875,graduation retention earnings carnegie leiden
scorecard:164748,Berklee College of Music,United States,no,47.6,,C,High,no,877,graduation retention earnings carnegie
scorecard:140696,Oglethorpe University,United States,no,47.6,,C,High,no,878,graduation retention earnings sat carnegie
scorecard:240338,Wisconsin Lutheran College,United States,no,47.6,,C,High,no,876,graduation retention earnings sat carnegie
scorecard:441937,California State University-Channel Islands,United States,no,47.5,,C,High,no,880,graduation retention earnings carnegie
scorecard:181394,University of Nebraska at Omaha,United States,yes,47.5,,C,High,no,879,graduation retention earnings carnegie leiden
scorecard:110608,California State University-Northridge,United States,no,47.4,,C,High,no,881,graduation retention earnings carnegie leiden
scorecard:215053,Pennsylvania College of Art and Design,United States,no,47.3,,C,High,no,883,graduation retention earnings carnegie
scorecard:143048,School of the Art Institute of Chicago,United States,no,47.3,,C,High,no,882,graduation retention earnings carnegie
scorecard:110486,California State University-Bakersfield,United States,no,47.2,,C,High,no,885,graduation retention earnings carnegie
scorecard:150941,Huntington University,United States,no,47.2,,C,High,no,884,graduation retention earnings sat carnegie
scorecard:241331,Albizu University-San Juan,United States,no,47.1,,C,High,no,886,graduation retention earnings carnegie
scorecard:444413,Beis Medrash Heichal Dovid,United States,no,47.1,,C,Medium,no,887,graduation retention carnegie
scorecard:168786,Aquinas College,United States,no,47,,C,High,no,888,graduation retention earnings sat carnegie
scorecard:147369,Moody Bible Institute,United States,no,47,,C,High,no,890,graduation retention earnings carnegie
curated:ntu-tw,National Taiwan University,Taiwan,yes,47,,C,Medium,no,889,leiden
scorecard:150677,Grace College and Theological Seminary,United States,no,46.9,,C,High,no,892,graduation retention earnings sat carnegie
scorecard:183062,Keene State College,United States,no,46.9,,C,High,no,891,graduation retention earnings sat carnegie
scorecard:176053,Mississippi Christian University,United States,no,46.9,,C,High,no,892,graduation retention earnings carnegie
scorecard:174251,University of Minnesota-Morris,United States,no,46.9,,C,High,no,894,graduation retention earnings carnegie
scorecard:174075,University of Minnesota-Crookston,United States,no,46.8,,C,High,no,895,graduation retention earnings carnegie
scorecard:230603,Southern Utah University,United States,no,46.7,,C,High,no,897,graduation retention earnings sat carnegie
scorecard:179894,Webster University,United States,no,46.7,,C,High,no,896,graduation retention earnings sat carnegie
scorecard:111081,California Institute of the Arts,United States,no,46.6,,C,High,no,899,graduation retention earnings carnegie
scorecard:166391,Lasell University,United States,no,46.6,,C,High,no,898,graduation retention earnings sat carnegie
scorecard:166452,Lesley University,United States,no,46.6,,C,High,no,900,graduation retention earnings carnegie
scorecard:482149,Augusta University,United States,yes,46.5,,C,High,no,903,graduation retention earnings sat carnegie leiden
scorecard:110592,California State University-Los Angeles,United States,no,46.5,,C,High,no,901,graduation retention earnings carnegie
scorecard:178697,College of the Ozarks,United States,no,46.5,,C,High,no,902,graduation retention earnings sat carnegie
scorecard:211981,Delaware Valley University,United States,no,46.4,,C,High,no,904,graduation retention earnings sat carnegie
scorecard:162760,Hood College,United States,no,46.4,,C,High,no,907,graduation retention earnings carnegie
scorecard:179566,Missouri State University-Springfield,United States,no,46.4,,C,High,no,906,graduation retention earnings sat carnegie
scorecard:123651,Vanguard University of Southern California,United States,no,46.4,,C,High,no,905,graduation retention earnings sat carnegie
scorecard:156213,Asbury University,United States,no,46.2,,C,High,no,909,graduation retention earnings carnegie
scorecard:417752,Messenger College,United States,no,46.2,,C,High,no,909,graduation retention earnings carnegie
scorecard:205124,Rabbinical College Telshe,United States,no,46.2,,C,Medium,no,908,graduation retention carnegie
scorecard:133650,Florida Agricultural and Mechanical University,United States,yes,46.1,,C,High,no,911,graduation retention earnings sat carnegie leiden
scorecard:203845,Marietta College,United States,no,46.1,,C,High,no,913,graduation retention earnings sat carnegie
scorecard:149231,Southern Illinois University Edwardsville,United States,no,46.1,,C,High,no,912,graduation retention earnings sat carnegie
scorecard:148496,Dominican University,United States,no,46,,C,High,no,914,graduation retention earnings sat carnegie
scorecard:177339,Evangel University,United States,no,46,,C,High,no,916,graduation retention earnings carnegie
scorecard:232982,Old Dominion University,United States,yes,46,,C,High,no,917,graduation retention earnings sat carnegie leiden
scorecard:130776,Western Connecticut State University,United States,no,46,,C,High,no,915,graduation retention earnings carnegie
scorecard:217633,Anderson University,United States,no,45.9,,C,High,no,918,graduation retention earnings carnegie
scorecard:239071,Maranatha Baptist University,United States,no,45.9,,C,High,no,921,graduation retention earnings sat carnegie
scorecard:214740,Pennsylvania State University-Penn State DuBois,United States,no,45.9,,C,Medium,no,922,graduation retention earnings
scorecard:180489,The University of Montana,United States,yes,45.9,,C,High,no,919,graduation retention earnings sat carnegie leiden
scorecard:187985,University of New Mexico-Main Campus,United States,yes,45.9,,C,High,no,920,graduation retention earnings carnegie leiden
scorecard:213400,Lancaster Bible College,United States,no,45.7,,C,High,no,925,graduation retention earnings sat carnegie
scorecard:447953,SUM Bible College and Theological Seminary,United States,no,45.7,,C,High,no,923,graduation retention earnings carnegie
scorecard:148654,University of Illinois Springfield,United States,no,45.7,,C,High,no,924,graduation retention earnings sat carnegie
scorecard:239309,Milwaukee Institute of Art & Design,United States,no,45.6,,C,High,no,927,graduation retention earnings carnegie
scorecard:154101,Northwestern College,United States,no,45.6,,C,High,no,926,graduation retention earnings sat carnegie
scorecard:240453,University of Wisconsin-Milwaukee,United States,yes,45.6,,C,High,no,928,graduation retention earnings carnegie leiden
scorecard:202046,Cleveland Institute of Art,United States,no,45.5,,C,High,no,930,graduation retention earnings sat carnegie
scorecard:241766,Puerto Rico Conservatory of Music,United States,no,45.5,,C,High,no,931,graduation retention earnings carnegie
scorecard:196158,SUNY at Fredonia,United States,no,45.5,,C,High,no,929,graduation retention earnings sat carnegie
scorecard:225414,University of Houston-Clear Lake,United States,no,45.4,,C,High,no,932,graduation retention earnings sat carnegie
scorecard:165024,Bridgewater State University,United States,no,45.3,,C,High,no,935,graduation retention earnings sat carnegie
scorecard:213987,Mercyhurst University,United States,no,45.3,,C,High,no,934,graduation retention earnings carnegie
scorecard:176479,William Carey University,United States,no,45.3,,C,High,no,933,graduation retention earnings sat carnegie
scorecard:150604,Franklin College,United States,no,45.2,,C,High,no,936,graduation retention earnings sat carnegie
scorecard:186432,Saint Peter's University,United States,no,45.2,,C,High,no,937,graduation retention earnings sat carnegie
scorecard:239628,Ripon College,United States,no,45.1,,C,High,no,938,graduation retention earnings sat carnegie
scorecard:156295,Berea College,United States,no,45,,C,High,no,941,graduation retention earnings sat carnegie
scorecard:192271,LIM College,United States,no,45,,C,High,no,939,graduation retention earnings carnegie
scorecard:486901,Milligan University,United States,no,45,,C,High,no,941,graduation retention earnings sat carnegie
scorecard:216010,Shippensburg University of Pennsylvania,United States,no,45,,C,High,no,940,graduation retention earnings sat carnegie
scorecard:451398,Yeshiva Toras Chaim,United States,no,45,,C,High,no,943,graduation retention earnings carnegie
scorecard:231581,Bridgewater College,United States,no,44.8,,C,High,no,946,graduation retention earnings sat carnegie
scorecard:211431,Carlow University,United States,no,44.8,,C,High,no,948,graduation retention earnings sat carnegie
scorecard:498562,Commonwealth University of Pennsylvania,United States,no,44.8,,C,Medium,no,945,graduation retention earnings
scorecard:196121,SUNY Brockport,United States,no,44.8,,C,High,no,947,graduation retention earnings sat carnegie
scorecard:490504,Yeshiva Ohr Naftoli,United States,no,44.8,,C,Medium,no,944,graduation retention carnegie
scorecard:178679,Ozark Christian College,United States,no,44.7,,C,High,no,951,graduation retention earnings carnegie
scorecard:216311,Talmudical Yeshiva of Philadelphia,United States,no,44.7,,C,Medium,no,950,graduation retention carnegie
scorecard:204185,University of Mount Union,United States,no,44.7,,C,High,no,949,graduation retention earnings sat carnegie
scorecard:170806,Madonna University,United States,no,44.6,,C,High,no,952,graduation retention earnings sat carnegie
scorecard:214652,Pennsylvania State University-Penn State Scranton,United States,no,44.5,,C,Medium,no,953,graduation retention earnings
scorecard:147013,McKendree University,United States,no,44.4,,C,High,no,954,graduation retention earnings carnegie
scorecard:190637,CUNY Lehman College,United States,no,44.3,,C,High,no,955,graduation retention earnings carnegie
scorecard:220613,Lee University,United States,no,44.2,,C,High,no,956,graduation retention earnings sat carnegie
scorecard:236452,Saint Martin's University,United States,no,44.2,,C,High,no,958,graduation retention earnings sat carnegie
scorecard:168263,Westfield State University,United States,no,44.2,,C,High,no,957,graduation retention earnings sat carnegie
scorecard:177214,Drury University,United States,no,44.1,,C,High,no,959,graduation retention earnings sat carnegie
scorecard:223117,Baptist Missionary Association Theological Seminary,United States,no,44,26.3-59.8,C,Low,yes,622-1368,carnegie
scorecard:224226,Dallas Baptist University,United States,no,44,,C,High,no,960,graduation retention earnings sat carnegie
scorecard:443058,Family of Faith Christian University,United States,no,44,26.3-59.8,C,Low,yes,622-1368,carnegie
scorecard:219240,Kairos University,United States,no,44,26.3-59.8,C,Low,yes,622-1368,carnegie
scorecard:483036,Texas A&M University-Central Texas,United States,no,44,26.3-59.8,C,Low,yes,622-1368,carnegie
scorecard:128498,Albertus Magnus College,United States,no,43.9,,C,High,no,961,graduation retention earnings carnegie
scorecard:220978,Middle Tennessee State University,United States,yes,43.8,,C,High,no,963,graduation retention earnings sat carnegie
scorecard:214795,Pennsylvania State University-Penn State Mont Alto,United States,no,43.8,,C,Medium,no,962,graduation retention earnings
scorecard:190761,Dominican University New York,United States,no,43.7,,C,High,no,964,graduation retention earnings sat carnegie
scorecard:155681,Pittsburg State University,United States,no,43.7,,C,High,no,965,graduation retention earnings carnegie
scorecard:183974,Centenary University,United States,no,43.6,,C,High,no,970,graduation retention earnings sat carnegie
scorecard:170037,Cornerstone University,United States,no,43.6,,C,High,no,968,graduation retention earnings sat carnegie
scorecard:152099,Oakland City University,United States,no,43.6,,C,High,no,966,graduation retention earnings sat carnegie
scorecard:147828,Olivet Nazarene University,United States,no,43.6,,C,High,no,969,graduation retention earnings sat carnegie
scorecard:214625,Pennsylvania State University-Penn State New Kensington,United States,no,43.6,,C,Medium,no,967,graduation retention earnings
scorecard:210492,Bryn Athyn College of the New Church,United States,no,43.5,,C,High,no,971,graduation retention earnings sat carnegie
scorecard:199102,North Carolina A & T State University,United States,yes,43.4,,C,High,no,972,graduation retention earnings sat carnegie leiden
scorecard:486938,Chamberlain University-Nevada,United States,no,43.3,,C,High,no,973,graduation retention earnings carnegie
scorecard:194657,Rabbinical Academy Mesivta Rabbi Chaim Berlin,United States,no,43.3,,C,Medium,no,974,graduation retention carnegie
scorecard:214759,Pennsylvania State University-Penn State Fayette- Eberly,United States,no,43.2,,C,Medium,no,975,graduation retention earnings
scorecard:230047,Brigham Young University-Hawaii,United States,no,43,,C,High,no,977,graduation retention earnings sat carnegie
scorecard:147703,Northern Illinois University,United States,yes,43,,C,High,no,978,graduation retention earnings carnegie leiden
scorecard:221661,Southern Adventist University,United States,no,43,,C,High,no,976,graduation retention earnings carnegie
scorecard:210331,Corban University,United States,no,42.9,,C,High,no,981,graduation retention earnings sat carnegie
scorecard:487524,Husson University,United States,no,42.9,,C,High,no,982,graduation retention earnings carnegie
scorecard:213349,Kutztown University of Pennsylvania,United States,no,42.9,,C,High,no,979,graduation retention earnings sat carnegie
scorecard:227368,The University of Texas Rio Grande Valley,United States,yes,42.9,,C,High,no,983,graduation retention earnings carnegie leiden
scorecard:181738,Union Adventist University,United States,no,42.9,,C,High,no,980,graduation retention earnings sat carnegie
scorecard:203128,Hiram College,United States,no,42.8,,C,High,no,984,graduation retention earnings carnegie
scorecard:385619,Everglades University,United States,no,42.7,,C,High,no,985,graduation retention earnings carnegie
scorecard:145691,Illinois College,United States,no,42.7,,C,High,no,985,graduation retention earnings sat carnegie
scorecard:174358,Minnesota State University Moorhead,United States,no,42.7,,C,High,no,988,graduation retention earnings sat carnegie
scorecard:215691,Rosemont College,United States,no,42.7,,C,High,no,987,graduation retention earnings sat carnegie
scorecard:153320,Faith Baptist Bible College and Theological Seminary,United States,no,42.6,,C,High,no,990,graduation retention earnings sat carnegie
scorecard:149222,Southern Illinois University-Carbondale,United States,yes,42.6,,C,High,no,989,graduation retention earnings sat carnegie leiden
scorecard:196237,SUNY Old Westbury,United States,no,42.6,,C,High,no,991,graduation retention earnings sat carnegie
scorecard:130493,Southern Connecticut State University,United States,no,42.5,,C,High,no,993,graduation retention earnings carnegie
scorecard:482228,Veritas Baptist College,United States,no,42.5,,C,Medium,no,992,graduation retention carnegie
scorecard:167729,Salem State University,United States,no,42.4,,C,High,no,995,graduation retention earnings carnegie
scorecard:159993,University of Louisiana at Monroe,United States,no,42.4,,C,High,no,994,graduation retention earnings sat carnegie
scorecard:114813,Fresno Pacific University,United States,no,42.3,,C,High,no,996,graduation retention earnings sat carnegie
scorecard:139931,Georgia Southern University,United States,yes,42.2,,C,High,no,997,graduation retention earnings sat carnegie leiden
scorecard:204200,Mount St. Joseph University,United States,no,42.2,,C,High,no,998,graduation retention earnings sat carnegie
scorecard:183080,Plymouth State University,United States,no,42.1,,C,High,no,999,graduation retention earnings carnegie
scorecard:182795,Franklin Pierce University,United States,no,42,,C,High,no,1000,graduation retention earnings carnegie
scorecard:147679,North Park University,United States,no,41.8,,C,High,no,1001,graduation retention earnings sat carnegie
scorecard:136330,Palm Beach Atlantic University,United States,no,41.8,,C,High,no,1002,graduation retention earnings sat carnegie
scorecard:163532,Ner Israel Rabbinical College,United States,no,41.6,,C,High,no,1003,graduation retention earnings carnegie
scorecard:180832,Clarkson College,United States,no,41.5,,D,High,no,1006,graduation retention earnings carnegie
scorecard:227881,Sam Houston State University,United States,yes,41.5,,C,High,no,1004,graduation retention earnings sat carnegie
scorecard:215266,University of Pittsburgh-Bradford,United States,no,41.5,,D,High,no,1005,graduation retention earnings sat carnegie
scorecard:158477,Centenary College of Louisiana,United States,no,41.4,,D,High,no,1008,graduation retention earnings sat carnegie
scorecard:174020,Metropolitan State University,United States,no,41.4,,D,High,no,1007,graduation retention earnings carnegie
scorecard:446048,Ave Maria University,United States,no,41.3,,D,High,no,1011,graduation retention earnings carnegie
scorecard:154004,Morningside University,United States,no,41.3,,D,High,no,1010,graduation retention earnings carnegie
scorecard:214713,Pennsylvania State University-Penn State Harrisburg,United States,no,41.3,,D,Medium,no,1013,graduation retention earnings
scorecard:200800,University of Akron Main Campus,United States,yes,41.3,,D,High,no,1012,graduation retention earnings carnegie leiden
scorecard:237312,University of Charleston,United States,no,41.3,,D,High,no,1009,graduation retention earnings carnegie
scorecard:153001,Buena Vista University,United States,no,41.2,,D,High,no,1014,graduation retention earnings sat carnegie
scorecard:237136,Appalachian Bible College,United States,no,41.1,,D,High,no,1018,graduation retention earnings sat carnegie
scorecard:457129,Chamberlain University-Florida,United States,no,41.1,,D,High,no,1016,graduation retention earnings carnegie
scorecard:217961,Converse University,United States,no,41.1,,D,High,no,1017,graduation retention earnings carnegie
scorecard:228796,The University of Texas at El Paso,United States,yes,41.1,,D,High,no,1015,graduation retention earnings carnegie leiden
scorecard:127741,University of Northern Colorado,United States,no,41.1,,D,High,no,1018,graduation retention earnings sat carnegie
scorecard:225399,Houston Christian University,United States,no,40.9,,D,High,no,1020,graduation retention earnings sat carnegie
scorecard:490513,Bais Medrash Mayan Hatorah,United States,no,40.8,,D,Medium,no,1023,graduation retention carnegie
scorecard:141486,Chaminade University of Honolulu,United States,no,40.8,,D,High,no,1024,graduation retention earnings carnegie
scorecard:169479,Davenport University,United States,no,40.8,,D,High,no,1021,graduation retention earnings carnegie
scorecard:120768,Pacific Oaks College,United States,no,40.8,,D,Medium,no,1022,earnings carnegie
scorecard:128771,Central Connecticut State University,United States,no,40.7,,D,High,no,1029,graduation retention earnings sat carnegie
scorecard:214670,Pennsylvania State University-Penn State Lehigh Valley,United States,no,40.7,,D,Medium,no,1025,graduation retention earnings
scorecard:214810,Pennsylvania State University-Penn State Schuylkill,United States,no,40.7,,D,Medium,no,1027,graduation retention earnings
scorecard:181215,University of Nebraska at Kearney,United States,no,40.7,,D,High,no,1026,graduation retention earnings sat carnegie
scorecard:199111,University of North Carolina Asheville,United States,no,40.7,,D,High,no,1030,graduation retention earnings sat carnegie
scorecard:215275,University of Pittsburgh-Greensburg,United States,no,40.7,,D,High,no,1028,graduation retention earnings sat carnegie
scorecard:210571,Albright College,United States,no,40.6,,D,High,no,1032,graduation retention earnings carnegie
scorecard:221740,The University of Tennessee-Chattanooga,United States,no,40.6,,D,High,no,1031,graduation retention earnings sat carnegie
scorecard:106458,Arkansas State University,United States,yes,40.5,,D,High,no,1034,graduation retention earnings sat carnegie
scorecard:155335,Newman University,United States,no,40.5,,D,High,no,1035,graduation retention earnings carnegie
scorecard:221892,Trevecca Nazarene University,United States,no,40.5,,D,High,no,1036,graduation retention earnings carnegie
scorecard:157951,Western Kentucky University,United States,no,40.5,,D,High,no,1033,graduation retention earnings carnegie
scorecard:157447,Northern Kentucky University,United States,no,40.4,,D,High,no,1037,graduation retention earnings sat carnegie
scorecard:182634,Colby-Sawyer College,United States,no,40.3,,D,High,no,1039,graduation retention earnings carnegie
scorecard:213020,Indiana University of Pennsylvania,United States,yes,40.3,,D,High,no,1038,graduation retention earnings sat carnegie
scorecard:214643,Pennsylvania State University-Penn State Wilkes-Barre,United States,no,40.2,,D,Medium,no,1040,graduation retention earnings
scorecard:155025,Emporia State University,United States,no,40.1,,D,High,no,1044,graduation retention earnings carnegie
scorecard:184773,Georgian Court University,United States,no,40.1,,D,High,no,1041,graduation retention earnings sat carnegie
scorecard:117168,Laguna College of Art and Design,United States,no,40.1,,D,High,no,1042,graduation retention earnings carnegie
scorecard:243197,University of Puerto Rico-Mayaguez,United States,no,40.1,,D,High,no,1042,graduation retention earnings carnegie
scorecard:102094,University of South Alabama,United States,yes,40,,D,High,no,1045,graduation retention earnings sat carnegie leiden
scorecard:459842,Herzing University-Kenosha,United States,no,39.9,,D,High,no,1047,graduation retention earnings carnegie
scorecard:232308,Hollins University,United States,no,39.9,,D,High,no,1048,graduation retention earnings carnegie
scorecard:220710,Maryville College,United States,no,39.9,,D,High,no,1049,graduation retention earnings sat carnegie
scorecard:183211,Rivier University,United States,no,39.9,,D,High,no,1046,graduation retention earnings carnegie
scorecard:153126,Clarke University,United States,no,39.8,,D,High,no,1052,graduation retention earnings sat carnegie
scorecard:481225,Mid-South Christian College,United States,no,39.8,,D,Medium,no,1050,graduation retention carnegie
scorecard:160658,University of Louisiana at Lafayette,United States,yes,39.8,,D,High,no,1053,graduation retention earnings sat carnegie leiden
scorecard:206525,Wittenberg University,United States,no,39.8,,D,High,no,1051,graduation retention earnings sat carnegie
scorecard:384254,Beacon College,United States,no,39.7,,D,High,no,1055,graduation retention earnings carnegie
scorecard:215114,Cairn University-Langhorne,United States,no,39.7,,D,High,no,1055,graduation retention earnings carnegie
scorecard:146339,Judson University,United States,no,39.7,,D,High,no,1058,graduation retention earnings sat carnegie
scorecard:461847,Keser Torah-Mayan Hatalmud,United States,no,39.7,,D,Medium,no,1057,graduation retention carnegie
scorecard:220862,University of Memphis,United States,yes,39.7,,D,High,no,1054,graduation retention earnings carnegie leiden
scorecard:475608,Criswell College,United States,no,39.6,,D,High,no,1059,graduation retention earnings sat carnegie
scorecard:217420,Rhode Island College,United States,no,39.6,,D,High,no,1060,graduation retention earnings carnegie
scorecard:152336,University of Saint Francis-Fort Wayne,United States,no,39.6,,D,High,no,1062,graduation retention earnings sat carnegie
scorecard:225627,University of the Incarnate Word,United States,no,39.6,,D,High,no,1061,graduation retention earnings sat carnegie
scorecard:202134,Cleveland State University,United States,yes,39.5,,D,High,no,1063,graduation retention earnings sat carnegie leiden
scorecard:167288,Massachusetts College of Liberal Arts,United States,no,39.5,,D,High,no,1064,graduation retention earnings carnegie
scorecard:155520,MidAmerica Nazarene University,United States,no,39.4,,D,High,no,1067,graduation retention earnings sat carnegie
scorecard:214704,Pennsylvania State University-Penn State Berks,United States,no,39.4,,D,Medium,no,1066,graduation retention earnings
scorecard:171146,University of Michigan-Flint,United States,no,39.4,,D,High,no,1065,graduation retention earnings sat carnegie
scorecard:234173,Virginia Wesleyan University,United States,no,39.4,,D,High,no,1067,graduation retention earnings sat carnegie
scorecard:219082,Dakota State University,United States,yes,39.3,,D,High,no,1071,graduation retention earnings sat carnegie
scorecard:165820,Fitchburg State University,United States,no,39.3,,D,High,no,1069,graduation retention earnings sat carnegie
scorecard:204264,Muskingum University,United States,no,39.3,,D,High,no,1070,graduation retention earnings carnegie
scorecard:219639,Baptist Health Sciences University,United States,no,39.1,,D,High,no,1076,graduation retention earnings carnegie
scorecard:165529,Curry College,United States,no,39.1,,D,High,no,1074,graduation retention earnings sat carnegie
scorecard:133711,Flagler College,United States,no,39.1,,D,High,no,1072,graduation retention earnings sat carnegie
scorecard:233718,Sweet Briar College,United States,no,39.1,,D,High,no,1075,graduation retention earnings sat carnegie
scorecard:155812,University of Saint Mary,United States,no,39.1,,D,High,no,1073,graduation retention earnings carnegie
curated:kyoto,Kyoto University,Japan,yes,39,,D,Medium,no,1077,leiden
scorecard:207324,Oklahoma Christian University,United States,no,39,,D,High,no,1078,graduation retention earnings sat carnegie
scorecard:414878,Trine University-Regional/Non-Traditional Campuses,United States,no,39,,D,High,no,1079,graduation retention earnings carnegie
scorecard:214634,Pennsylvania State University-Penn State Shenango,United States,no,38.9,,D,Medium,no,1080,graduation retention earnings
scorecard:215442,Point Park University,United States,no,38.9,,D,High,no,1081,graduation retention earnings sat carnegie
scorecard:466930,Chamberlain University-Texas,United States,no,38.8,,D,High,no,1084,graduation retention earnings carnegie
scorecard:173328,Concordia University-Saint Paul,United States,no,38.8,,D,High,no,1083,graduation retention earnings carnegie
scorecard:166018,Hampshire College,United States,no,38.8,,D,High,no,1085,graduation retention earnings carnegie
scorecard:157401,Murray State University,United States,no,38.8,,D,High,no,1086,graduation retention earnings sat carnegie
scorecard:231651,Regent University,United States,no,38.8,,D,High,no,1082,graduation retention earnings sat carnegie
scorecard:147244,Millikin University,United States,no,38.7,,D,High,no,1089,graduation retention earnings sat carnegie
scorecard:187444,William Paterson University of New Jersey,United States,no,38.7,,D,High,no,1087,graduation retention earnings carnegie
scorecard:247773,Yeshiva Gedolah of Greater Detroit,United States,no,38.7,,D,Medium,no,1088,graduation retention carnegie
scorecard:214272,Neumann University,United States,no,38.6,,D,High,no,1090,graduation retention earnings sat carnegie
scorecard:214689,Pennsylvania State University-Penn State Altoona,United States,no,38.6,,D,Medium,no,1091,graduation retention earnings
scorecard:217235,Johnson & Wales University-Providence,United States,no,38.5,,D,High,no,1094,graduation retention earnings carnegie
scorecard:132657,Lynn University,United States,no,38.5,,D,High,no,1092,graduation retention earnings sat carnegie
scorecard:101879,University of North Alabama,United States,no,38.5,,D,High,no,1094,graduation retention earnings carnegie
scorecard:240365,University of Wisconsin-Oshkosh,United States,no,38.5,,D,High,no,1093,graduation retention earnings carnegie
scorecard:213358,La Roche University,United States,no,38.4,,D,High,no,1097,graduation retention earnings sat carnegie
scorecard:229179,Texas Woman's University,United States,no,38.4,,D,High,no,1098,graduation retention earnings sat carnegie
scorecard:176965,University of Central Missouri,United States,no,38.4,,D,High,no,1096,graduation retention earnings carnegie
scorecard:185262,Kean University,United States,no,38.3,,D,High,no,1100,graduation retention earnings sat carnegie
scorecard:228981,Texas Lutheran University,United States,no,38.3,,D,High,no,1099,graduation retention earnings carnegie
scorecard:159966,Nicholls State University,United States,no,38.2,,D,High,no,1102,graduation retention earnings sat carnegie
scorecard:207582,Oral Roberts University,United States,no,38.2,,D,High,no,1103,graduation retention earnings sat carnegie
scorecard:241395,Pontifical Catholic University of Puerto Rico-Arecibo,United States,no,38.2,,D,High,no,1101,graduation retention earnings carnegie
scorecard:141981,University of Hawaii-West Oahu,United States,no,38.2,,D,High,no,1104,graduation retention earnings sat carnegie
scorecard:177542,Hannibal-LaGrange University,United States,no,38.1,,D,High,no,1105,graduation retention earnings sat carnegie
scorecard:179557,Southeast Missouri State University,United States,no,38.1,,D,High,no,1107,graduation retention earnings carnegie
scorecard:218964,Winthrop University,United States,no,38.1,,D,High,no,1105,graduation retention earnings sat carnegie
scorecard:454236,Chamberlain University-Ohio,United States,no,38,,D,High,no,1108,graduation retention earnings carnegie
scorecard:178208,Midwestern Baptist Theological Seminary,United States,no,38,,D,High,no,1109,graduation retention earnings carnegie
curated:osaka,Osaka University,Japan,yes,38,,D,Medium,no,1110,leiden
scorecard:220075,East Tennessee State University,United States,yes,37.9,,D,High,no,1111,graduation retention earnings carnegie leiden
scorecard:169910,Ferris State University,United States,no,37.9,,D,High,no,1112,graduation retention earnings sat carnegie
scorecard:214786,Pennsylvania State University-Penn State Greater Allegheny,United States,no,37.7,,D,Medium,no,1114,graduation retention earnings
scorecard:102377,Tuskegee University,United States,no,37.7,,D,High,no,1115,graduation retention earnings sat carnegie
scorecard:237969,West Virginia Wesleyan College,United States,no,37.7,,D,High,no,1113,graduation retention earnings sat carnegie
scorecard:193052,Mesivta Torah Vodaath Rabbinical Seminary,United States,no,37.6,,D,Medium,no,1117,graduation retention carnegie
scorecard:233277,Radford University,United States,no,37.6,,D,High,no,1116,graduation retention earnings sat carnegie
scorecard:240480,University of Wisconsin-Stevens Point,United States,no,37.6,,D,High,no,1118,graduation retention earnings carnegie
scorecard:111966,Charles R Drew University of Medicine and Science,United States,no,37.5,,D,High,no,1119,graduation retention earnings carnegie
scorecard:220631,Lincoln Memorial University,United States,no,37.4,,D,High,no,1120,graduation retention earnings sat carnegie
scorecard:214801,Pennsylvania State University-Penn State Abington,United States,no,37.3,,D,Medium,no,1121,graduation retention earnings
scorecard:110547,California State University-Dominguez Hills,United States,no,37.2,,D,High,no,1122,graduation retention earnings carnegie
scorecard:426314,Embry-Riddle Aeronautical University-Worldwide,United States,no,37.1,,D,High,no,1124,graduation retention earnings carnegie
scorecard:160074,Franciscan Missionaries of Our Lady University,United States,no,37.1,,D,High,no,1123,graduation retention earnings carnegie
scorecard:214148,Moore College of Art and Design,United States,no,37.1,,D,High,no,1125,graduation retention earnings carnegie
scorecard:162584,Frostburg State University,United States,no,37,,D,High,no,1126,graduation retention earnings sat carnegie
curated:iisc,Indian Institute of Science,India,yes,37,,D,Medium,no,1127,leiden
curated:iitb,Indian Institute of Technology Bombay,India,yes,37,,D,Medium,no,1127,leiden
scorecard:214768,Pennsylvania State University-Penn State Hazleton,United States,no,37,,D,Medium,no,1129,graduation retention earnings
scorecard:226471,University of Mary Hardin-Baylor,United States,no,36.9,,D,High,no,1130,graduation retention earnings sat carnegie
scorecard:156125,Wichita State University,United States,yes,36.9,,D,High,no,1131,graduation retention earnings sat carnegie leiden
scorecard:164632,Bay Path University,United States,no,36.8,,D,High,no,1132,graduation retention earnings sat carnegie
scorecard:220473,Johnson University,United States,no,36.8,,D,High,no,1133,graduation retention earnings sat carnegie leiden
scorecard:177746,Kansas City Art Institute,United States,no,36.8,,D,High,no,1135,graduation retention earnings carnegie
scorecard:220516,King University,United States,no,36.8,,D,High,no,1134,graduation retention earnings sat carnegie
scorecard:214829,Pennsylvania State University-Penn State York,United States,no,36.7,,D,Medium,no,1136,graduation retention earnings
scorecard:229814,West Texas A & M University,United States,no,36.7,,D,High,no,1137,graduation retention earnings sat carnegie
scorecard:212133,Eastern University,United States,no,36.6,,D,High,no,1138,graduation retention earnings carnegie
scorecard:214698,Pennsylvania State University-Penn State Beaver,United States,no,36.6,,D,Medium,no,1140,graduation retention earnings
scorecard:199607,Salem College,United States,no,36.6,,D,High,no,1139,graduation retention earnings sat carnegie
scorecard:171456,Northern Michigan University,United States,no,36.5,,D,High,no,1141,graduation retention earnings carnegie
scorecard:142957,American Islamic College,United States,no,36.4,23.6-44.5,D,Low,yes,953-1421,retention
scorecard:500290,Arizona College of Nursing - Chesapeake,United States,no,36.4,23.6-44.5,D,Low,yes,953-1421,earnings
scorecard:500306,Arizona College of Nursing - Hartford,United States,no,36.4,23.6-44.5,D,Low,yes,953-1421,earnings
scorecard:500333,Arizona College of Nursing-St Louis,United States,no,36.4,23.6-44.5,D,Low,yes,953-1421,earnings
scorecard:202170,Columbus College of Art & Design,United States,no,36.4,,D,High,no,1143,graduation retention earnings carnegie
scorecard:500342,EDvance College,United States,no,36.4,23.6-44.5,D,Low,yes,953-1421,
scorecard:484844,Minerva University,United States,no,36.4,23.6-44.5,D,Low,yes,953-1421,retention
scorecard:497480,Reach University,United States,no,36.4,23.6-44.5,D,Low,yes,953-1421,retention
scorecard:497462,Redeemers University North America,United States,no,36.4,23.6-44.5,D,Low,yes,953-1421,
scorecard:196440,Talmudical Institute of Upstate New York,United States,no,36.4,23.6-44.5,D,Low,yes,953-1421,retention
scorecard:486017,Yeshiva Ohr Yisrael,United States,no,36.4,,D,Medium,no,1142,graduation retention carnegie
scorecard:173124,Bemidji State University,United States,no,36.2,,D,High,no,1145,graduation retention earnings carnegie
scorecard:200572,Valley City State University,United States,no,36.2,,D,High,no,1144,graduation retention earnings sat carnegie
scorecard:499404,Arizona College of Nursing-Cleveland,United States,no,36.1,,D,Medium,no,1147,retention earnings
scorecard:498456,Arizona College of Nursing-Ontario,United States,no,36.1,,D,Medium,no,1147,retention earnings
scorecard:101453,Heritage Christian University,United States,no,36.1,,D,High,no,1146,graduation retention earnings carnegie
scorecard:199962,Wingate University,United States,no,36.1,,D,High,no,1147,graduation retention earnings carnegie
scorecard:497037,Abilene Christian University-Undergraduate Online,United States,no,36,,D,Medium,no,1150,retention earnings
scorecard:161235,University of Maine at Fort Kent,United States,no,36,,D,High,no,1151,graduation retention earnings carnegie
scorecard:150145,Bethel University,United States,no,35.8,,D,High,no,1153,graduation retention earnings carnegie
scorecard:177083,Conception Seminary College,United States,no,35.8,,D,High,no,1152,graduation retention earnings carnegie
scorecard:192864,Marymount Manhattan College,United States,no,35.7,,D,High,no,1154,graduation retention earnings sat carnegie
scorecard:131876,Trinity Washington University,United States,no,35.7,,D,High,no,1155,graduation retention earnings carnegie
scorecard:219806,Carson-Newman University,United States,no,35.6,,D,High,no,1156,graduation retention earnings sat carnegie
scorecard:101693,University of Mobile,United States,no,35.6,,D,High,no,1157,graduation retention earnings carnegie
scorecard:235097,Eastern Washington University,United States,no,35.5,,D,High,no,1160,graduation retention earnings carnegie
scorecard:203085,Heidelberg University,United States,no,35.5,,D,High,no,1161,graduation retention earnings sat carnegie
scorecard:226383,Lubbock Christian University,United States,no,35.5,,D,High,no,1158,graduation retention earnings sat carnegie
scorecard:161563,Thomas College,United States,no,35.5,,D,High,no,1159,graduation retention earnings carnegie
scorecard:214731,Pennsylvania State University-Penn State Brandywine,United States,no,35.4,,D,Medium,no,1162,graduation retention earnings
scorecard:157748,The Southern Baptist Theological Seminary,United States,no,35.4,,D,High,no,1164,graduation retention sat carnegie
scorecard:179946,Westminster College,United States,no,35.4,,D,High,no,1163,graduation retention earnings sat carnegie
scorecard:198561,Gardner-Webb University,United States,no,35.3,,D,High,no,1165,graduation retention earnings sat carnegie
scorecard:141644,Hawaii Pacific University,United States,no,35.3,,D,High,no,1166,graduation retention earnings sat carnegie
scorecard:186618,Saint Elizabeth University,United States,no,35.1,,D,High,no,1168,graduation retention earnings carnegie
scorecard:128391,Western Colorado University,United States,no,35.1,,D,High,no,1167,graduation retention earnings sat carnegie
scorecard:479956,Pennsylvania State University-World Campus,United States,no,35,,D,Medium,no,1170,graduation retention earnings
scorecard:157809,Thomas More University,United States,no,35,,D,High,no,1169,graduation retention earnings carnegie
scorecard:486284,Bethany Global University,United States,no,34.9,,D,Medium,no,1173,graduation retention carnegie
scorecard:232025,Emory & Henry University,United States,no,34.9,,D,High,no,1174,graduation retention earnings carnegie
scorecard:172051,Saginaw Valley State University,United States,no,34.9,,D,High,no,1176,graduation retention earnings sat carnegie
scorecard:228529,Tarleton State University,United States,yes,34.9,,D,High,no,1175,graduation retention earnings sat carnegie
scorecard:102395,United States Sports University,United States,no,34.9,,D,Medium,no,1171,retention earnings carnegie
scorecard:106704,University of Central Arkansas,United States,no,34.9,,D,High,no,1172,graduation retention earnings sat carnegie
scorecard:141565,University of Hawaii at Hilo,United States,no,34.7,,D,High,no,1177,graduation retention earnings sat carnegie
scorecard:176628,Avila University,United States,no,34.6,,D,High,no,1178,graduation retention earnings sat carnegie
scorecard:173142,Bethany Lutheran College,United States,no,34.6,,D,High,no,1180,graduation retention earnings carnegie
scorecard:219949,Cumberland University,United States,no,34.6,,D,High,no,1179,graduation retention earnings carnegie
scorecard:207403,Oklahoma Baptist University,United States,no,34.5,,D,High,no,1182,graduation retention earnings sat carnegie
scorecard:205027,Pontifical College Josephinum,United States,no,34.5,,D,Medium,no,1183,graduation retention carnegie
scorecard:228431,Stephen F Austin State University,United States,no,34.5,,D,High,no,1181,graduation retention earnings sat carnegie
scorecard:126580,University of Colorado Colorado Springs,United States,yes,34.4,,D,High,no,1184,graduation retention earnings carnegie leiden
scorecard:218724,Coastal Carolina University,United States,no,34.2,,D,High,no,1186,graduation retention earnings sat carnegie
scorecard:157030,Kentucky Mountain Bible College,United States,no,34.2,,D,High,no,1186,graduation retention earnings carnegie
scorecard:219259,Northern State University,United States,no,34.2,,D,High,no,1185,graduation retention earnings sat carnegie
scorecard:225247,Hardin-Simmons University,United States,no,34.1,,D,High,no,1188,graduation retention earnings sat carnegie
scorecard:148131,Quincy University,United States,no,34.1,,D,High,no,1189,graduation retention earnings sat carnegie
scorecard:228468,Southwestern Adventist University,United States,no,34.1,,D,High,no,1189,graduation retention earnings sat carnegie
scorecard:120166,San Francisco Bay University,United States,no,33.9,,D,Medium,no,1191,retention carnegie
scorecard:153375,Grand View University,United States,no,33.8,,D,High,no,1193,graduation retention earnings sat carnegie
scorecard:377546,Northwest College of Art & Design,United States,no,33.8,,D,High,no,1192,graduation retention earnings carnegie
scorecard:101480,Jacksonville State University,United States,no,33.7,,D,High,no,1194,graduation retention earnings sat carnegie
scorecard:123457,Simpson University,United States,no,33.6,,D,High,no,1195,graduation retention earnings carnegie
scorecard:224527,East Texas Baptist University,United States,no,33.5,,D,High,no,1196,graduation retention earnings carnegie
scorecard:156620,Eastern Kentucky University,United States,no,33.5,,D,High,no,1198,graduation retention earnings sat carnegie
scorecard:162210,Washington Adventist University,United States,no,33.5,,D,High,no,1196,graduation retention earnings carnegie
scorecard:221768,The University of Tennessee-Martin,United States,no,33.4,,D,High,no,1199,graduation retention earnings sat carnegie
scorecard:210429,Western Oregon University,United States,no,33.4,,D,High,no,1200,graduation retention earnings carnegie
scorecard:155061,Fort Hays State University,United States,no,33.3,,D,High,no,1201,graduation retention earnings carnegie
scorecard:156745,Georgetown College,United States,no,33.3,,D,High,no,1202,graduation retention earnings carnegie
scorecard:169363,Concordia University Ann Arbor,United States,no,33.2,,D,High,no,1205,graduation retention earnings carnegie
scorecard:165866,Framingham State University,United States,no,33.2,,D,High,no,1206,graduation retention earnings sat carnegie
scorecard:178624,Northwest Missouri State University,United States,no,33.2,,D,High,no,1203,graduation retention earnings sat carnegie
scorecard:105589,Prescott College,United States,no,33.2,,D,High,no,1204,graduation retention earnings carnegie
scorecard:200156,University of Jamestown,United States,no,33.2,,D,High,no,1206,graduation retention earnings sat carnegie
scorecard:188030,New Mexico State University-Main Campus,United States,yes,33,,D,High,no,1209,graduation retention earnings sat carnegie leiden
scorecard:172264,Siena Heights University,United States,no,33,,D,High,no,1208,graduation retention earnings carnegie
scorecard:175421,Belhaven University,United States,no,32.9,,D,High,no,1210,graduation retention earnings sat carnegie
scorecard:212115,East Stroudsburg University of Pennsylvania,United States,no,32.9,,D,High,no,1210,graduation retention earnings sat carnegie
scorecard:160904,Xavier University of Louisiana,United States,no,32.9,,D,High,no,1212,graduation retention earnings sat carnegie
scorecard:199272,William Peace University,United States,no,32.7,,D,High,no,1213,graduation retention earnings sat carnegie
scorecard:238193,Alverno College,United States,no,32.6,,D,High,no,1215,graduation retention earnings carnegie
scorecard:498571,Pennsylvania Western University,United States,no,32.6,,D,High,no,1214,graduation retention earnings carnegie
scorecard:174783,Saint Cloud State University,United States,no,32.6,,D,High,no,1216,graduation retention earnings carnegie
scorecard:180692,The University of Montana-Western,United States,no,32.6,,D,High,no,1217,graduation retention earnings carnegie
scorecard:169798,Eastern Michigan University,United States,yes,32.5,,D,High,no,1219,graduation retention earnings sat carnegie
scorecard:156541,University of the Cumberlands,United States,no,32.5,,D,High,no,1218,graduation retention earnings sat carnegie
scorecard:168528,Adrian College,United States,no,32.4,,D,High,no,1223,graduation retention earnings sat carnegie
scorecard:449658,Bais Medrash Toras Chesed,United States,no,32.4,,D,Medium,no,1222,graduation retention carnegie
scorecard:132471,Barry University,United States,no,32.4,,D,High,no,1221,graduation retention earnings carnegie
scorecard:218441,North Greenville University,United States,no,32.4,,D,High,no,1220,graduation retention earnings sat carnegie
scorecard:237792,Shepherd University,United States,no,32.3,,D,High,no,1224,graduation retention earnings sat carnegie
scorecard:240277,University of Wisconsin-Green Bay,United States,no,32.3,,D,High,no,1225,graduation retention earnings carnegie
scorecard:201371,Bluffton University,United States,no,32.2,,D,High,no,1227,graduation retention earnings carnegie
scorecard:115755,California State Polytechnic University-Humboldt,United States,no,32.2,,D,High,no,1228,graduation retention earnings carnegie
scorecard:194392,Paul Smiths College of Arts and Science,United States,no,32.2,,D,High,no,1229,graduation retention earnings carnegie
scorecard:206604,Wright State University-Main Campus,United States,yes,32.2,,D,High,no,1226,graduation retention earnings sat carnegie leiden
scorecard:214166,Mount Aloysius College,United States,no,32.1,,D,High,no,1230,graduation retention earnings carnegie
scorecard:140818,Piedmont University,United States,no,32.1,,D,High,no,1231,graduation retention earnings sat carnegie
scorecard:243221,University of Puerto Rico-Rio Piedras,United States,yes,32.1,,D,High,no,1232,graduation retention earnings carnegie
scorecard:176372,University of Southern Mississippi,United States,yes,32.1,,D,High,no,1232,graduation retention earnings carnegie
scorecard:224004,Concordia University Texas,United States,no,32,,D,High,no,1234,graduation retention earnings sat carnegie
curated:tohoku,Tohoku University,Japan,yes,32,,D,Medium,no,1235,leiden
scorecard:198215,Catawba College,United States,no,31.9,,D,High,no,1238,graduation retention earnings sat carnegie
scorecard:237525,Marshall University,United States,yes,31.9,,D,High,no,1236,graduation retention earnings sat carnegie
scorecard:175078,Southwest Minnesota State University,United States,no,31.9,,D,High,no,1237,graduation retention earnings carnegie
scorecard:101709,University of Montevallo,United States,no,31.7,,D,High,no,1239,graduation retention earnings sat carnegie
scorecard:238980,Lakeland University,United States,no,31.6,,D,High,no,1240,graduation retention earnings carnegie
scorecard:193016,Mercy University,United States,no,31.6,,D,High,no,1241,graduation retention earnings sat carnegie
scorecard:226833,Midwestern State University,United States,no,31.6,,D,High,no,1242,graduation retention earnings carnegie
scorecard:216357,Thiel College,United States,no,31.6,,D,High,no,1243,graduation retention earnings sat carnegie
scorecard:219091,Dakota Wesleyan University,United States,no,31.5,,D,High,no,1244,graduation retention earnings sat carnegie
scorecard:141334,University of West Georgia,United States,no,31.5,,D,High,no,1245,graduation retention earnings sat carnegie
scorecard:217776,Southern Wesleyan University,United States,no,31.4,,D,High,no,1246,graduation retention earnings sat carnegie
scorecard:233301,Randolph College,United States,no,31.3,,D,High,no,1248,graduation retention earnings sat carnegie
scorecard:179326,Southwest Baptist University,United States,no,31.3,,D,High,no,1250,graduation retention earnings sat carnegie
scorecard:102234,Spring Hill College,United States,no,31.3,,D,High,no,1247,graduation retention earnings sat carnegie
scorecard:199069,University of Mount Olive,United States,no,31.3,,D,High,no,1249,graduation retention earnings sat carnegie
scorecard:181127,Hastings College,United States,no,31.2,,D,High,no,1252,graduation retention earnings carnegie
scorecard:145497,Hebrew Theological College,United States,no,31.2,,D,High,no,1251,graduation retention earnings carnegie
scorecard:160065,University of Holy Cross,United States,no,31.2,,D,High,no,1253,graduation retention earnings carnegie
scorecard:197984,Belmont Abbey College,United States,no,31.1,,D,High,no,1258,graduation retention earnings sat carnegie
scorecard:147129,Methodist College,United States,no,31.1,,D,High,no,1259,graduation earnings sat carnegie
scorecard:198969,Methodist University,United States,no,31.1,,D,High,no,1254,graduation retention earnings sat carnegie
scorecard:106245,University of Arkansas at Little Rock,United States,yes,31.1,,D,High,no,1257,graduation retention earnings sat carnegie
scorecard:237932,West Liberty University,United States,no,31.1,,D,High,no,1256,graduation retention earnings sat carnegie
scorecard:190752,Yeshiva of Far Rockaway Derech Ayson Rabbinical Seminary,United States,no,31.1,,D,Medium,no,1255,graduation retention carnegie
scorecard:143288,Blackburn College,United States,no,31,,D,High,no,1264,graduation retention earnings sat carnegie
scorecard:203775,Malone University,United States,no,31,,D,High,no,1262,graduation retention earnings sat carnegie
scorecard:441900,Nevada State University,United States,no,31,,D,High,no,1260,graduation retention earnings carnegie
scorecard:196200,SUNY College at Potsdam,United States,no,31,,D,High,no,1261,graduation retention earnings carnegie
scorecard:161554,University of Southern Maine,United States,no,31,,D,High,no,1263,graduation retention earnings sat carnegie
scorecard:155496,Manhattan Christian College,United States,no,30.9,,D,High,no,1265,graduation retention earnings carnegie
scorecard:241410,Pontifical Catholic University of Puerto Rico-Ponce,United States,no,30.9,,D,High,no,1266,graduation retention earnings carnegie
scorecard:482680,University of North Georgia,United States,no,30.8,,D,High,no,1268,graduation retention earnings sat carnegie
scorecard:149772,Western Illinois University,United States,no,30.8,,D,High,no,1267,graduation retention earnings carnegie
scorecard:150066,Anderson University,United States,no,30.7,,D,High,no,1270,graduation retention earnings sat carnegie
scorecard:166054,Hellenic College-Holy Cross Greek Orthodox School of Theology,United States,no,30.7,,D,High,no,1269,graduation retention earnings carnegie
scorecard:159939,University of New Orleans,United States,yes,30.7,,D,High,no,1271,graduation retention earnings sat carnegie
scorecard:140234,LaGrange College,United States,no,30.6,,D,High,no,1272,graduation retention earnings carnegie
scorecard:161873,University of Baltimore,United States,no,30.6,,D,High,no,1273,graduation retention earnings sat carnegie
scorecard:177968,Lindenwood University,United States,no,30.5,,D,High,no,1274,graduation retention earnings sat carnegie
scorecard:176789,Calvary University,United States,no,30.4,,D,High,no,1275,graduation retention earnings sat carnegie
scorecard:200253,Minot State University,United States,no,30.4,,D,High,no,1276,graduation retention earnings sat carnegie
scorecard:153278,University of Dubuque,United States,no,30.4,,D,High,no,1277,graduation retention earnings carnegie
scorecard:494630,Christ Mission College,United States,no,30.3,,D,Medium,no,1278,graduation retention carnegie
scorecard:487746,Yeshiva Zichron Aryeh,United States,no,30.3,,D,Medium,no,1278,graduation retention carnegie
scorecard:175430,Blue Mountain Christian University,United States,no,30.2,,D,High,no,1280,graduation retention earnings sat carnegie
scorecard:180258,University of Providence,United States,no,30.2,,D,High,no,1281,graduation retention earnings sat carnegie
scorecard:161226,University of Maine at Farmington,United States,no,30.1,,D,High,no,1282,graduation retention earnings carnegie
scorecard:191621,Hilbert College,United States,no,30,,D,High,no,1283,graduation retention earnings sat carnegie
scorecard:481410,Yeshiva Gedolah Kesser Torah,United States,no,30,,D,Medium,no,1284,graduation retention carnegie
scorecard:133809,Florida College,United States,no,29.9,,D,High,no,1286,graduation retention earnings sat carnegie
scorecard:141325,Wesleyan College,United States,no,29.9,,D,High,no,1285,graduation retention earnings sat carnegie
scorecard:190558,College of Staten Island CUNY,United States,no,29.8,,D,High,no,1288,graduation retention earnings carnegie
scorecard:231165,Vermont State University,United States,no,29.8,,D,High,no,1287,graduation retention earnings carnegie
scorecard:151333,Indiana University-Kokomo,United States,no,29.7,,D,High,no,1289,graduation retention earnings sat carnegie
scorecard:203757,Lourdes University,United States,no,29.7,,D,High,no,1290,graduation retention earnings carnegie
scorecard:155414,Kansas Wesleyan University,United States,no,29.6,,D,High,no,1293,graduation retention earnings carnegie
scorecard:226587,McMurry University,United States,no,29.6,,D,High,no,1292,graduation retention earnings sat carnegie
scorecard:180595,Rocky Mountain College,United States,no,29.6,,D,High,no,1291,graduation retention earnings sat carnegie
scorecard:199032,Montreat College,United States,no,29.5,,D,High,no,1294,graduation retention earnings sat carnegie
scorecard:137476,St. Thomas University,United States,no,29.5,,D,High,no,1295,graduation retention earnings sat carnegie
scorecard:243443,Universidad del Sagrado Corazon,United States,no,29.5,,D,High,no,1296,graduation retention earnings carnegie
scorecard:217998,Erskine College,United States,no,29.4,,D,High,no,1298,graduation retention earnings sat carnegie
scorecard:120537,Hope International University,United States,no,29.4,,D,High,no,1297,graduation retention earnings sat carnegie
scorecard:144892,Eastern Illinois University,United States,no,29.3,,D,High,no,1300,graduation retention earnings sat carnegie
scorecard:151777,Manchester University,United States,no,29.3,,D,High,no,1301,graduation retention earnings carnegie
scorecard:216047,Saint Charles Borromeo Seminary-Overbrook,United States,no,29.3,,D,High,no,1299,graduation retention earnings carnegie
scorecard:156356,Brescia University,United States,no,29.2,,D,High,no,1302,graduation retention earnings sat carnegie
scorecard:217873,Claflin University,United States,no,29.1,,D,High,no,1303,graduation retention earnings carnegie
scorecard:198835,Lenoir-Rhyne University,United States,no,29.1,,D,High,no,1305,graduation retention earnings carnegie
scorecard:233611,Southern Virginia University,United States,no,29.1,,D,High,no,1304,graduation retention earnings sat carnegie
scorecard:164447,American International College,United States,no,29,,D,High,no,1306,graduation retention earnings sat carnegie
scorecard:220181,Fisk University,United States,yes,29,,D,High,no,1309,graduation retention earnings sat carnegie
curated:iitm,Indian Institute of Technology Madras,India,yes,29,,D,Medium,no,1308,leiden
scorecard:148405,Rockford University,United States,no,29,,D,High,no,1310,graduation retention earnings sat carnegie
scorecard:233897,University of Virginia's College at Wise,United States,no,29,,D,High,no,1307,graduation retention earnings sat carnegie
scorecard:106342,Lyon College,United States,no,28.9,,D,High,no,1311,graduation retention earnings sat carnegie
scorecard:384421,Rabbi Jacob Joseph School,United States,no,28.9,,D,Medium,no,1313,graduation retention carnegie
scorecard:126076,Yeshiva Ohr Elchonon Chabad West Coast Talmudical Seminary,United States,no,28.9,,D,High,no,1312,graduation retention earnings carnegie
scorecard:132842,Albizu University-Miami,United States,no,28.8,,D,High,no,1315,graduation retention earnings carnegie
scorecard:175342,Alcorn State University,United States,no,28.8,,D,High,no,1314,graduation retention earnings sat carnegie
scorecard:476601,Bais HaMedrash and Mesivta of Baltimore,United States,no,28.8,,D,Medium,no,1316,graduation retention carnegie
scorecard:224147,Texas A & M University-Corpus Christi,United States,yes,28.7,,D,High,no,1317,graduation retention earnings sat carnegie
scorecard:174127,Minneapolis College of Art and Design,United States,no,28.6,,D,High,no,1318,graduation retention earnings carnegie
scorecard:208646,Eastern Oregon University,United States,no,28.5,,D,High,no,1319,graduation retention earnings carnegie
scorecard:191205,Five Towns College,United States,no,28.5,,D,High,no,1319,graduation retention earnings carnegie
scorecard:177117,Cottey College,United States,no,28.4,,D,High,no,1322,graduation retention earnings sat carnegie
scorecard:155089,Friends University,United States,no,28.4,,D,High,no,1323,graduation retention earnings carnegie
scorecard:206507,Wilmington College,United States,no,28.4,,D,High,no,1321,graduation retention earnings sat carnegie
scorecard:169327,Cleary University,United States,no,28.3,,D,High,no,1325,graduation retention earnings sat carnegie
scorecard:200059,Dickinson State University,United States,no,28.3,,D,High,no,1328,graduation retention earnings sat carnegie
scorecard:112084,San Diego Christian College,United States,no,28.3,,D,High,no,1326,graduation retention earnings carnegie
scorecard:216542,University of Valley Forge,United States,no,28.3,,D,High,no,1324,graduation retention earnings carnegie
scorecard:141264,Valdosta State University,United States,no,28.3,,D,High,no,1327,graduation retention earnings sat carnegie
scorecard:226152,Texas A & M International University,United States,no,28.2,,D,High,no,1329,graduation retention earnings sat carnegie
scorecard:228042,Schreiner University,United States,no,28.1,,D,High,no,1331,graduation retention earnings sat carnegie
scorecard:210146,Southern Oregon University,United States,no,28.1,,D,High,no,1330,graduation retention earnings sat carnegie
scorecard:157757,Spalding University,United States,no,27.9,,D,High,no,1332,graduation retention earnings sat carnegie
scorecard:151324,Indiana State University,United States,no,27.8,,D,High,no,1334,graduation retention earnings carnegie
scorecard:179548,Stephens College,United States,no,27.8,,D,High,no,1333,graduation retention earnings sat carnegie
scorecard:139199,Brenau University,United States,no,27.7,,D,High,no,1336,graduation retention earnings sat carnegie
scorecard:486026,Yeshiva Sholom Shachna,United States,no,27.7,,D,Medium,no,1338,graduation retention carnegie
scorecard:491765,Yeshivas Emek Hatorah,United States,no,27.7,,D,Medium,no,1335,graduation retention
scorecard:206695,Youngstown State University,United States,no,27.7,,D,High,no,1337,graduation retention earnings sat carnegie
scorecard:231420,Averett University,United States,no,27.6,,D,High,no,1340,graduation retention earnings sat carnegie
scorecard:446640,Harrisburg University of Science and Technology,United States,no,27.6,,D,High,no,1341,graduation retention earnings carnegie
scorecard:217013,Wilson College,United States,no,27.6,,D,High,no,1339,graduation retention earnings sat carnegie
scorecard:240426,University of Wisconsin-Superior,United States,no,27.5,,D,High,no,1342,graduation retention earnings carnegie
scorecard:183822,Bloomfield College of Montclair State University,United States,no,27.4,,D,High,no,1343,graduation retention earnings sat carnegie
scorecard:137564,Southeastern University,United States,no,27.4,,D,High,no,1345,graduation retention earnings sat carnegie
scorecard:243115,University of Puerto Rico-Arecibo,United States,no,27.4,,D,High,no,1344,graduation retention earnings carnegie
scorecard:161509,Maine College of Art & Design,United States,no,27.3,,D,High,no,1346,graduation retention earnings carnegie
scorecard:163453,Morgan State University,United States,yes,27.3,,D,High,no,1347,graduation retention earnings sat carnegie
scorecard:497824,Evangel University-College of Online Learning,United States,no,27.2,,D,Medium,no,1348,graduation retention earnings
scorecard:199999,Winston-Salem State University,United States,no,27,,D,High,no,1349,graduation retention earnings sat carnegie
scorecard:174862,Crown College,United States,no,26.9,,D,High,no,1350,graduation retention earnings carnegie
scorecard:211583,Chestnut Hill College,United States,no,26.8,,D,High,no,1352,graduation retention earnings sat carnegie
scorecard:128106,Colorado State University Pueblo,United States,no,26.8,,D,High,no,1351,graduation retention earnings sat carnegie
scorecard:190691,CUNY York College,United States,no,26.8,,D,High,no,1353,graduation retention earnings carnegie
scorecard:222831,Angelo State University,United States,no,26.7,,D,High,no,1354,graduation retention earnings sat carnegie
scorecard:176947,Central Methodist University-College of Liberal Arts and Sciences,United States,no,26.7,,D,High,no,1358,graduation retention earnings sat carnegie
scorecard:165574,Dean College,United States,no,26.7,,D,High,no,1355,graduation retention earnings carnegie
scorecard:157386,Morehead State University,United States,no,26.7,,D,High,no,1357,graduation retention earnings carnegie
scorecard:368452,Nossi College of Art and Design,United States,no,26.7,,D,High,no,1356,graduation retention earnings carnegie
scorecard:160612,Southeastern Louisiana University,United States,no,26.6,,D,High,no,1359,graduation retention earnings carnegie
scorecard:221731,Tennessee Wesleyan University,United States,no,26.5,,D,High,no,1360,graduation retention earnings sat carnegie
scorecard:229018,The University of Texas Permian Basin,United States,no,26.5,,D,High,no,1361,graduation retention earnings sat carnegie
scorecard:101435,Huntingdon College,United States,no,26.4,,D,High,no,1365,graduation retention earnings sat carnegie
scorecard:198808,Lees-McRae College,United States,no,26.4,,D,High,no,1364,graduation retention earnings sat carnegie
scorecard:159717,McNeese State University,United States,no,26.4,,D,High,no,1362,graduation retention earnings sat carnegie
scorecard:219198,Mount Marty University,United States,no,26.4,,D,High,no,1365,graduation retention earnings sat carnegie
scorecard:228705,Texas A&M University-Kingsville,United States,yes,26.4,,D,High,no,1363,graduation retention earnings sat carnegie
scorecard:455664,The Chicago School at Los Angeles,United States,no,26.4,,D,Medium,no,1367,graduation earnings carnegie
scorecard:459949,Texas A&M University-San Antonio,United States,no,26.3,,D,High,no,1369,graduation retention earnings sat carnegie
scorecard:240374,University of Wisconsin-Parkside,United States,no,26.3,,D,High,no,1368,graduation retention earnings carnegie
scorecard:217688,Charleston Southern University,United States,no,26.1,,D,High,no,1373,graduation retention earnings sat carnegie
scorecard:181330,Midland University,United States,no,26.1,,D,High,no,1370,graduation retention earnings sat carnegie
scorecard:206835,Oklahoma Wesleyan University,United States,no,26.1,,D,High,no,1371,graduation retention earnings sat carnegie
scorecard:141237,Truett McConnell University,United States,no,26.1,,D,High,no,1371,graduation retention earnings sat carnegie
scorecard:490805,Purdue University Northwest,United States,no,26,,D,High,no,1374,graduation retention earnings sat carnegie
scorecard:224554,East Texas A&M University,United States,no,25.9,,D,High,no,1375,graduation retention earnings sat carnegie
scorecard:107558,University of the Ozarks,United States,no,25.9,,D,High,no,1376,graduation retention earnings sat carnegie
scorecard:204617,Ohio Dominican University,United States,no,25.8,,D,High,no,1377,graduation retention earnings carnegie
scorecard:144281,Columbia College Chicago,United States,no,25.7,,D,High,no,1379,graduation retention earnings carnegie
scorecard:144351,Concordia University-Chicago,United States,no,25.7,,D,High,no,1379,graduation retention earnings carnegie
scorecard:243179,University of Puerto Rico-Humacao,United States,no,25.7,,D,High,no,1378,graduation retention earnings carnegie
scorecard:239080,Marian University,United States,no,25.6,,D,High,no,1382,graduation retention earnings sat carnegie
scorecard:137032,Saint Leo University,United States,no,25.6,,D,High,no,1381,graduation retention earnings sat carnegie
scorecard:128744,University of Bridgeport,United States,no,25.6,,D,High,no,1382,graduation retention earnings sat carnegie
scorecard:198613,Guilford College,United States,no,25.5,,D,High,no,1384,graduation retention earnings sat carnegie
scorecard:238078,Wheeling University,United States,no,25.4,,D,High,no,1385,graduation retention earnings sat carnegie
scorecard:104717,Grand Canyon University,United States,no,25.2,,D,High,no,1386,graduation retention earnings carnegie
scorecard:225432,University of Houston-Downtown,United States,no,25.2,,D,High,no,1386,graduation retention earnings carnegie
scorecard:197911,Barton College,United States,no,25.1,,D,High,no,1388,graduation retention earnings sat carnegie
scorecard:139311,Clayton  State University,United States,no,25.1,,D,High,no,1391,graduation retention earnings carnegie
scorecard:183026,Southern New Hampshire University,United States,no,25.1,,D,High,no,1389,graduation retention earnings carnegie
scorecard:218742,University of South Carolina-Upstate,United States,no,25.1,,D,High,no,1390,graduation retention earnings sat carnegie
scorecard:151290,Indiana Institute of Technology,United States,no,25,,D,High,no,1393,graduation retention earnings carnegie
scorecard:218414,Newberry College,United States,no,25,,D,High,no,1392,graduation retention earnings sat carnegie
scorecard:227526,Prairie View A & M University,United States,yes,24.9,,D,High,no,1395,graduation retention earnings sat carnegie
scorecard:102368,Troy University,United States,no,24.9,,D,High,no,1394,graduation retention earnings sat carnegie
scorecard:154749,Bethel College-North Newton,United States,no,24.8,,D,High,no,1396,graduation retention earnings sat carnegie
scorecard:170000,Grace Christian University,United States,no,24.6,,D,High,no,1398,graduation retention earnings carnegie
scorecard:193070,Mesivtha Tifereth Jerusalem of America,United States,no,24.6,,D,Medium,no,1399,graduation retention carnegie
scorecard:149329,Telshe Yeshiva-Chicago,United States,no,24.6,,D,Medium,no,1397,graduation retention
scorecard:219046,Black Hills State University,United States,no,24.5,,D,High,no,1400,graduation retention earnings sat carnegie
scorecard:138947,Clark Atlanta University,United States,yes,24.5,,D,High,no,1403,graduation retention earnings sat carnegie
scorecard:194569,Davis College,United States,no,24.5,,D,High,no,1401,graduation retention earnings carnegie
scorecard:149514,Trinity International University-Illinois,United States,no,24.5,,D,High,no,1402,graduation retention earnings sat carnegie
scorecard:198598,Greensboro College,United States,no,24.4,,D,High,no,1406,graduation retention earnings carnegie
scorecard:194763,Rabbinical Seminary of America,United States,no,24.4,,D,Medium,no,1405,graduation retention carnegie
scorecard:235167,The Evergreen State College,United States,no,24.4,,D,High,no,1404,graduation retention earnings sat carnegie
scorecard:218229,Lander University,United States,no,24.3,,D,High,no,1407,graduation retention earnings sat carnegie
scorecard:130934,Delaware State University,United States,no,24.2,,D,High,no,1409,graduation retention earnings carnegie
scorecard:159416,Louisiana State University-Shreveport,United States,no,24.2,,D,High,no,1408,graduation retention earnings sat carnegie
scorecard:237950,West Virginia University Institute of Technology,United States,no,24.1,,D,High,no,1410,graduation retention earnings sat carnegie
scorecard:151388,Indiana University-East,United States,no,24,,D,High,no,1413,graduation retention earnings sat carnegie
scorecard:170967,Rochester Christian University,United States,no,24,,D,High,no,1411,graduation retention earnings carnegie
scorecard:225502,Texas A&M University-Victoria,United States,no,24,,D,High,no,1412,graduation retention earnings carnegie
scorecard:181853,York University,United States,no,24,,D,High,no,1414,graduation retention earnings sat carnegie
scorecard:229160,Texas Wesleyan University,United States,no,23.9,,D,High,no,1415,graduation retention earnings sat carnegie
scorecard:483018,Antioch College,United States,no,23.8,,D,Medium,no,1416,graduation retention carnegie
scorecard:199306,Pfeiffer University,United States,no,23.8,,D,High,no,1417,graduation retention earnings sat carnegie
scorecard:105899,Arizona Christian University,United States,no,23.7,,D,High,no,1418,graduation retention earnings sat carnegie
scorecard:155900,Southwestern College,United States,no,23.7,,D,High,no,1420,graduation retention earnings sat carnegie
scorecard:196015,SUNY College of Technology at Canton,United States,no,23.7,,D,High,no,1419,graduation retention earnings sat carnegie
scorecard:194718,Rabbinical Seminary Mkor Chaim,United States,no,23.6,,D,Medium,no,1421,graduation retention
scorecard:162007,Bowie State University,United States,no,23.5,,E,High,no,1424,graduation retention earnings sat carnegie
scorecard:155973,Tabor College,United States,no,23.5,,D,High,no,1422,graduation retention earnings carnegie
scorecard:161341,University of Maine at Presque Isle,United States,no,23.5,,E,High,no,1423,graduation retention earnings carnegie
scorecard:155511,McPherson College,United States,no,23.3,,E,High,no,1425,graduation retention earnings carnegie
scorecard:164492,Anna Maria College,United States,no,23.2,,E,High,no,1427,graduation retention earnings carnegie
scorecard:175616,Delta State University,United States,no,23.2,,E,High,no,1429,graduation retention earnings sat carnegie
scorecard:131450,Gallaudet University,United States,no,23.2,,E,High,no,1430,graduation retention earnings sat carnegie
scorecard:139764,Georgia Southwestern State University,United States,no,23.2,,E,High,no,1426,graduation retention earnings sat carnegie
scorecard:179964,William Woods University,United States,no,23.2,,E,High,no,1428,graduation retention earnings carnegie
scorecard:159568,Louisiana Christian University,United States,no,23.1,,E,High,no,1431,graduation retention earnings sat carnegie
scorecard:198066,Brevard College,United States,no,23,,E,High,no,1434,graduation retention earnings carnegie
scorecard:158802,Dillard University,United States,no,23,,E,High,no,1433,graduation retention earnings sat carnegie
scorecard:198899,Mars Hill University,United States,no,23,,E,High,no,1432,graduation retention earnings carnegie
scorecard:177986,Logan University,United States,no,22.9,,E,High,no,1435,graduation retention earnings carnegie
scorecard:163338,University of Maryland Eastern Shore,United States,yes,22.9,,E,High,no,1436,graduation retention earnings carnegie
scorecard:160038,Northwestern State University of Louisiana,United States,no,22.8,,E,High,no,1437,graduation retention earnings sat carnegie
scorecard:151379,Indiana University-Southeast,United States,no,22.7,,E,High,no,1439,graduation retention earnings sat carnegie
scorecard:175856,Jackson State University,United States,yes,22.7,,E,High,no,1440,graduation retention earnings sat carnegie
scorecard:481438,Yeshiva Yesodei Hatorah,United States,no,22.7,,E,Medium,no,1438,graduation retention carnegie
scorecard:245953,Mid-America Christian University,United States,no,22.6,,E,High,no,1441,graduation retention earnings carnegie
scorecard:208725,New Hope Christian College-Eugene,United States,no,22.6,,E,High,no,1444,graduation retention earnings carnegie
scorecard:197285,The College of Westchester,United States,no,22.6,,E,High,no,1445,graduation retention earnings carnegie
scorecard:243151,University of Puerto Rico at Cayey,United States,no,22.6,,E,High,no,1443,graduation retention earnings sat carnegie
scorecard:494685,Urshan University,United States,no,22.6,,E,Medium,no,1442,graduation retention carnegie
scorecard:196033,SUNY College of Agriculture and Technology at Cobleskill,United States,no,22.5,,E,High,no,1446,graduation retention earnings sat carnegie
scorecard:242626,Inter American University of Puerto Rico-Aguadilla,United States,no,22.4,,E,High,no,1448,graduation retention earnings carnegie
scorecard:176035,Mississippi University for Women,United States,no,22.4,,E,High,no,1447,graduation retention earnings sat carnegie
scorecard:151102,Purdue University Fort Wayne,United States,no,22.3,,E,High,no,1449,graduation retention earnings sat carnegie
scorecard:242617,Inter American University of Puerto Rico-San German,United States,no,22.2,,E,High,no,1450,graduation retention earnings carnegie
scorecard:101912,Oakwood University,United States,no,22.1,,E,High,no,1451,graduation retention earnings carnegie
scorecard:140872,Reinhardt University,United States,no,22.1,,E,High,no,1452,graduation retention earnings carnegie
scorecard:171881,Kuyper College,United States,no,22,,E,High,no,1453,graduation retention earnings carnegie
scorecard:226091,Lamar University,United States,no,22,,E,High,no,1454,graduation retention earnings sat carnegie
scorecard:178244,Missouri Baptist University,United States,no,22,,E,High,no,1455,graduation retention earnings sat carnegie
scorecard:239390,Mount Mary University,United States,no,22,,E,High,no,1456,graduation retention earnings sat carnegie
scorecard:141361,Young Harris College,United States,no,22,,E,High,no,1457,graduation retention earnings carnegie
scorecard:228325,Nelson University,United States,no,21.9,,E,High,no,1458,graduation retention earnings sat carnegie
scorecard:107983,Southern Arkansas University Main Campus,United States,no,21.8,,E,High,no,1459,graduation retention earnings sat carnegie
scorecard:144971,Eureka College,United States,no,21.7,,E,High,no,1461,graduation retention earnings sat carnegie
scorecard:112394,University of Silicon Valley,United States,no,21.7,,E,High,no,1460,graduation retention earnings carnegie
scorecard:491613,Yeshiva Gedolah Tiferes Boruch,United States,no,21.7,,E,Medium,no,1462,graduation retention
scorecard:157076,Kentucky Wesleyan College,United States,no,21.6,,E,High,no,1463,graduation retention earnings sat carnegie
scorecard:185129,New Jersey City University,United States,no,21.5,,E,High,no,1464,graduation retention earnings sat carnegie
scorecard:151342,Indiana University-South Bend,United States,no,21.4,,E,High,no,1466,graduation retention earnings sat carnegie
scorecard:196130,SUNY Buffalo State University,United States,no,21.4,,E,High,no,1465,graduation retention earnings sat carnegie
scorecard:145336,Governors State University,United States,no,21.3,,E,High,no,1468,graduation retention earnings sat carnegie
scorecard:145372,Greenville University,United States,no,21.3,,E,High,no,1467,graduation retention earnings sat carnegie
scorecard:237367,Fairmont State University,United States,no,21.2,,E,High,no,1469,graduation retention earnings sat carnegie
scorecard:117104,Life Pacific University,United States,no,21.2,,E,High,no,1470,graduation retention earnings carnegie
scorecard:127185,Fort Lewis College,United States,no,21.1,,E,High,no,1471,graduation retention earnings sat carnegie
scorecard:455770,Providence Christian College,United States,no,21,,E,High,no,1473,graduation retention earnings carnegie
scorecard:152381,Saint Mary-of-the-Woods College,United States,no,21,,E,High,no,1472,graduation retention earnings sat carnegie
scorecard:218645,University of South Carolina Aiken,United States,no,20.9,,E,High,no,1474,graduation retention earnings sat carnegie
scorecard:154493,Upper Iowa University,United States,no,20.9,,E,High,no,1475,graduation retention earnings sat carnegie
scorecard:132408,Baptist University of Florida,United States,no,20.8,,E,High,no,1477,graduation retention earnings sat carnegie
scorecard:157100,Kentucky Christian University,United States,no,20.8,,E,High,no,1476,graduation retention earnings sat carnegie
scorecard:199157,North Carolina Central University,United States,no,20.7,,E,High,no,1480,graduation retention earnings sat carnegie
scorecard:155627,Ottawa University-Ottawa,United States,no,20.7,,E,High,no,1478,graduation retention earnings sat carnegie
scorecard:155937,Sterling College,United States,no,20.7,,E,High,no,1479,graduation retention earnings sat carnegie
scorecard:174154,Herzing University-Minneapolis,United States,no,20.6,,E,High,no,1481,graduation retention earnings carnegie
scorecard:206941,University of Central Oklahoma,United States,no,20.6,,E,High,no,1482,graduation retention earnings carnegie
scorecard:127565,Metropolitan State University of Denver,United States,no,20.4,,E,High,no,1485,graduation retention earnings sat carnegie
scorecard:199281,University of North Carolina at Pembroke,United States,no,20.4,,E,High,no,1484,graduation retention earnings sat carnegie
scorecard:243212,University of Puerto Rico at Ponce,United States,no,20.4,,E,High,no,1483,graduation retention earnings carnegie
scorecard:139630,Emmanuel University,United States,no,20.3,,E,High,no,1487,graduation retention earnings sat carnegie
scorecard:218061,Francis Marion University,United States,no,20.3,,E,High,no,1486,graduation retention earnings sat carnegie
scorecard:203580,Lake Erie College,United States,no,20.3,,E,High,no,1488,graduation retention earnings sat carnegie
scorecard:135364,Luther Rice College & Seminary,United States,no,20.3,,E,Medium,no,1489,retention earnings carnegie
scorecard:197993,Bennett College,United States,no,20.2,,E,High,no,1491,graduation retention earnings carnegie
scorecard:101189,Faulkner University,United States,no,20.2,,E,High,no,1490,graduation retention earnings sat carnegie
scorecard:219602,Austin Peay State University,United States,no,20.1,,E,High,no,1492,graduation retention earnings carnegie
scorecard:213598,Lincoln University,United States,no,20.1,,E,High,no,1493,graduation retention earnings sat carnegie
scorecard:148487,Roosevelt University,United States,no,20.1,,E,High,no,1494,graduation retention earnings sat carnegie
scorecard:141185,Toccoa Falls College,United States,no,20.1,,E,High,no,1495,graduation retention earnings sat carnegie
scorecard:231095,Sterling College,United States,no,20,,E,High,no,1496,graduation retention earnings carnegie
scorecard:198507,Elizabeth City State University,United States,no,19.9,,E,High,no,1497,graduation retention earnings sat carnegie
scorecard:207722,University of Science and Arts of Oklahoma,United States,no,19.6,,E,High,no,1498,graduation retention earnings carnegie
scorecard:159382,Louisiana State University at Alexandria,United States,no,19.3,,E,High,no,1499,graduation retention earnings sat carnegie
scorecard:153861,Maharishi International University,United States,no,19.2,,E,High,no,1500,graduation retention earnings carnegie
scorecard:142328,Lewis-Clark State College,United States,no,19.1,,E,High,no,1501,graduation retention earnings carnegie
scorecard:243586,Pontifical Catholic University of Puerto Rico-Mayaguez,United States,no,19,,E,High,no,1502,graduation retention earnings carnegie
scorecard:139366,Columbus State University,United States,no,18.9,,E,High,no,1503,graduation retention earnings sat carnegie
scorecard:147776,Northeastern Illinois University,United States,no,18.9,,E,High,no,1504,graduation retention earnings carnegie
scorecard:177144,Culver-Stockton College,United States,no,18.8,,E,High,no,1505,graduation retention earnings sat carnegie
scorecard:464226,Ottawa University-Surprise,United States,no,18.8,,E,High,no,1506,graduation retention earnings sat carnegie
scorecard:157377,Midway University,United States,no,18.7,,E,High,no,1508,graduation retention earnings sat carnegie
scorecard:140988,Shorter University,United States,no,18.7,,E,High,no,1507,graduation retention earnings sat carnegie
scorecard:178341,Missouri Southern State University,United States,yes,18.6,,E,High,no,1509,graduation retention earnings sat carnegie
scorecard:241951,Escuela de Artes Plasticas y Diseno de Puerto Rico,United States,no,18.5,,E,High,no,1512,graduation retention earnings carnegie
scorecard:153366,Graceland University-Lamoni,United States,no,18.5,,E,High,no,1511,graduation retention earnings sat carnegie
scorecard:151360,Indiana University-Northwest,United States,no,18.5,,E,High,no,1510,graduation retention earnings sat carnegie
scorecard:243133,University of Puerto Rico,United States,no,18.5,,E,High,no,1513,graduation retention earnings carnegie
scorecard:218654,University of South Carolina Beaufort,United States,no,18.5,,E,High,no,1514,graduation retention earnings carnegie
scorecard:237181,Bethany College,United States,no,18.4,,E,High,no,1515,graduation retention earnings sat carnegie
scorecard:192624,Machzikei Hadath Rabbinical College,United States,no,18.4,,E,High,no,1517,graduation retention earnings carnegie
scorecard:241191,Universidad Adventista de las Antillas,United States,no,18.4,,E,High,no,1516,graduation retention earnings carnegie
scorecard:199865,Warren Wilson College,United States,no,18.2,,E,High,no,1518,graduation retention earnings carnegie
scorecard:196431,Talmudical Seminary Oholei Torah,United States,no,18.1,,E,High,no,1519,graduation retention earnings carnegie
scorecard:241225,Universidad Central de Bayamon,United States,no,18,,E,High,no,1520,graduation retention earnings carnegie
scorecard:482574,DeVry University-Ohio,United States,no,17.9,,E,High,no,1521,graduation retention earnings carnegie
scorecard:217925,Columbia International University,United States,no,17.8,,E,High,no,1522,graduation retention earnings sat carnegie
scorecard:190655,CUNY New York City College of Technology,United States,no,17.7,,E,High,no,1527,graduation retention earnings carnegie
scorecard:139719,Fort Valley State University,United States,no,17.7,,E,High,no,1523,graduation retention earnings sat carnegie
scorecard:242653,Inter American University of Puerto Rico-Metro,United States,no,17.7,,E,High,no,1525,graduation retention earnings carnegie
scorecard:232937,Norfolk State University,United States,no,17.7,,E,High,no,1524,graduation retention earnings sat carnegie
scorecard:200484,Trinity Bible College and Graduate School,United States,no,17.7,,E,High,no,1526,graduation retention earnings carnegie
scorecard:217907,Coker University,United States,no,17.6,,E,High,no,1528,graduation retention earnings sat carnegie
scorecard:100830,Auburn University at Montgomery,United States,no,17.5,,E,High,no,1532,graduation retention earnings sat carnegie
scorecard:156365,Campbellsville University,United States,no,17.5,,E,High,no,1530,graduation retention earnings carnegie
scorecard:171599,The University of Olivet,United States,no,17.5,,E,High,no,1529,graduation retention earnings sat carnegie
scorecard:229780,Wayland Baptist University,United States,no,17.5,,E,High,no,1530,graduation retention earnings carnegie
scorecard:190114,Metropolitan College of New York,United States,no,17.4,,E,High,no,1533,graduation retention earnings carnegie
scorecard:199209,North Carolina Wesleyan University,United States,no,17.3,,E,High,no,1535,graduation retention earnings sat carnegie
scorecard:220701,The University of Tennessee Southern,United States,no,17.3,,E,High,no,1534,graduation retention earnings sat carnegie
scorecard:237358,Davis & Elkins College,United States,no,17.2,,E,High,no,1536,graduation retention earnings carnegie
scorecard:140252,Life University,United States,no,17.1,,E,High,no,1538,graduation retention earnings sat carnegie
scorecard:439701,The King's University,United States,no,17.1,,E,High,no,1537,graduation retention earnings sat carnegie
scorecard:447689,Georgia Gwinnett College,United States,no,17,,E,High,no,1543,graduation retention earnings sat carnegie
scorecard:198756,Johnson C Smith University,United States,no,17,,E,High,no,1540,graduation retention earnings carnegie
scorecard:147536,National Louis University,United States,no,17,,E,High,no,1542,graduation retention earnings carnegie
scorecard:206048,Tiffin University,United States,no,17,,E,High,no,1541,graduation retention earnings carnegie
scorecard:154518,Waldorf University,United States,no,17,,E,High,no,1539,graduation retention earnings carnegie
scorecard:498049,Arizona College of Nursing-Southfield,United States,no,16.9,,E,Medium,no,1544,retention earnings
scorecard:234155,Virginia State University,United States,no,16.9,,E,High,no,1545,graduation retention earnings sat carnegie
scorecard:106713,Central Baptist College,United States,no,16.7,,E,High,no,1547,graduation retention earnings sat carnegie
scorecard:242680,Inter American University of Puerto Rico-Fajardo,United States,no,16.7,,E,High,no,1549,graduation retention earnings carnegie
scorecard:176318,Rust College,United States,no,16.7,,E,High,no,1546,graduation retention earnings carnegie
scorecard:176406,Tougaloo College,United States,no,16.7,,E,High,no,1548,graduation retention earnings sat carnegie
scorecard:221838,Tennessee State University,United States,yes,16.3,,E,High,no,1550,graduation retention earnings carnegie
scorecard:213303,Keystone College,United States,no,16.2,,E,High,no,1551,graduation retention earnings sat carnegie
scorecard:198543,Fayetteville State University,United States,no,16,,E,High,no,1552,graduation retention earnings sat carnegie
scorecard:231554,Bluefield University,United States,no,15.9,,E,High,no,1553,graduation retention earnings carnegie
scorecard:141167,Thomas University,United States,no,15.9,,E,High,no,1555,graduation retention earnings sat carnegie
scorecard:138275,Warner University,United States,no,15.9,,E,High,no,1554,graduation retention earnings sat carnegie
scorecard:232089,Ferrum College,United States,no,15.8,,E,High,no,1558,graduation retention earnings sat carnegie
scorecard:225548,Howard Payne University,United States,no,15.8,,E,High,no,1556,graduation retention earnings carnegie
scorecard:129774,Mitchell College,United States,no,15.8,,E,High,no,1557,graduation retention earnings carnegie
scorecard:154721,Bethany College,United States,no,15.7,,E,High,no,1559,graduation retention earnings sat carnegie
scorecard:202514,Defiance College,United States,no,15.7,,E,High,no,1561,graduation retention earnings sat carnegie
scorecard:187648,Eastern New Mexico University-Main Campus,United States,no,15.7,,E,High,no,1562,graduation retention earnings sat carnegie
scorecard:480985,Midwives College of Utah,United States,no,15.7,,E,Medium,no,1564,graduation retention carnegie
scorecard:138868,Point University,United States,no,15.7,,E,High,no,1563,graduation retention earnings sat carnegie
scorecard:243106,University of Puerto Rico-Aguadilla,United States,no,15.7,,E,High,no,1560,graduation retention earnings sat carnegie
scorecard:219718,Bethel University,United States,no,15.6,,E,High,no,1566,graduation retention earnings sat carnegie
scorecard:484905,University of North Texas at Dallas,United States,no,15.6,,E,High,no,1565,graduation retention sat carnegie
scorecard:245777,Bais Medrash Elyon,United States,no,15.2,,E,Medium,no,1567,graduation retention carnegie
scorecard:237330,Concord University,United States,no,15.2,,E,High,no,1568,graduation retention earnings sat carnegie
scorecard:242644,Inter American University of Puerto Rico-Barranquitas,United States,no,15,,E,High,no,1570,graduation retention earnings carnegie
scorecard:154590,William Penn University,United States,no,15,,E,High,no,1569,graduation retention earnings sat carnegie
scorecard:242705,Inter American University of Puerto Rico-Bayamon,United States,no,14.8,,E,High,no,1571,graduation retention earnings carnegie
scorecard:242662,Inter American University of Puerto Rico-Ponce,United States,no,14.7,,E,High,no,1572,graduation retention earnings carnegie
scorecard:189857,Central Yeshiva Tomchei Tmimim Lubavitz,United States,no,14.6,,E,High,no,1575,graduation retention earnings carnegie
scorecard:165802,Fisher College,United States,no,14.6,,E,High,no,1574,graduation retention earnings sat carnegie
scorecard:157863,Union Commonwealth University,United States,no,14.6,,E,High,no,1573,graduation retention earnings sat carnegie
scorecard:197142,Villa Maria College,United States,no,14.5,,E,High,no,1576,graduation retention earnings sat carnegie
scorecard:138558,Abraham Baldwin Agricultural College,United States,no,14.4,,E,High,no,1577,graduation retention earnings sat carnegie
scorecard:207263,Northeastern State University,United States,no,14.4,,E,High,no,1577,graduation retention earnings sat carnegie
scorecard:445267,Central Methodist University-College of Graduate and Extended Studies,United States,no,14.3,,E,High,no,1580,graduation retention earnings carnegie
scorecard:242635,Inter American University of Puerto Rico-Arecibo,United States,no,14.3,,E,High,no,1579,graduation retention earnings carnegie
scorecard:224545,Texas A&M University-Texarkana,United States,no,13.8,,E,High,no,1581,graduation retention earnings sat carnegie
scorecard:237899,West Virginia State University,United States,no,13.8,,E,High,no,1582,graduation retention earnings carnegie
scorecard:217934,Columbia College,United States,no,13.7,,E,High,no,1584,graduation retention earnings carnegie
scorecard:446233,Ecclesia College,United States,no,13.7,,E,High,no,1583,graduation retention earnings carnegie
scorecard:449870,University of the West,United States,no,13.7,,E,Medium,no,1585,graduation retention carnegie
scorecard:186186,Rabbinical College of America,United States,no,13.6,,E,High,no,1586,graduation retention earnings carnegie
scorecard:182980,New England College,United States,no,13.5,,E,High,no,1587,graduation retention earnings carnegie
scorecard:488314,Beth Medrash of Asbury Park,United States,no,13.4,,E,Medium,no,1588,graduation retention carnegie
scorecard:482413,DeVry College of New York,United States,no,13.3,,E,High,no,1591,graduation retention earnings carnegie
scorecard:482158,Middle Georgia State University,United States,no,13.3,,E,High,no,1589,graduation retention earnings sat carnegie
scorecard:160621,Southern University and A & M College,United States,yes,13.3,,E,High,no,1590,graduation retention earnings sat carnegie
scorecard:446385,Los Angeles College of Music,United States,no,13.2,,E,High,no,1593,graduation retention earnings carnegie
scorecard:207847,Southeastern Oklahoma State University,United States,no,13.2,,E,High,no,1592,graduation retention earnings sat carnegie
scorecard:451404,Talmudical Seminary of Bobov,United States,no,13.1,,E,High,no,1595,graduation retention earnings carnegie
scorecard:200846,University of Akron Wayne College,United States,no,13.1,,E,High,no,1594,graduation retention earnings carnegie
scorecard:101587,University of West Alabama,United States,no,13.1,,E,High,no,1596,graduation retention earnings sat carnegie
scorecard:168847,Baker College,United States,no,13,,E,High,no,1597,graduation retention earnings carnegie
scorecard:162283,Coppin State University,United States,no,12.9,,E,High,no,1598,graduation retention earnings sat carnegie
scorecard:100724,Alabama State University,United States,no,12.7,,E,High,no,1599,graduation retention earnings sat carnegie
scorecard:138293,Webber International University,United States,no,12.7,,E,High,no,1600,graduation retention earnings carnegie
scorecard:207041,East Central University,United States,no,12.6,,E,High,no,1601,graduation retention earnings sat carnegie
scorecard:207306,Northwestern Oklahoma State University,United States,no,12.6,,E,High,no,1602,graduation retention earnings sat carnegie
scorecard:201061,Art Academy of Cincinnati,United States,no,12.5,,E,High,no,1604,graduation retention earnings carnegie
scorecard:221953,Tusculum University,United States,no,12.5,,E,High,no,1603,graduation retention earnings sat carnegie
scorecard:159009,Grambling State University,United States,no,12.3,,E,High,no,1606,graduation retention earnings sat carnegie
scorecard:201964,Ohio Christian University,United States,no,12.3,,E,High,no,1605,graduation retention earnings carnegie
scorecard:190646,CUNY Medgar Evers College,United States,no,12.2,,E,High,no,1607,graduation retention earnings carnegie
scorecard:198303,Chowan University,United States,no,12,,E,High,no,1609,graduation retention earnings sat carnegie
scorecard:243142,University of Puerto Rico-Carolina,United States,no,12,,E,High,no,1608,graduation retention earnings sat carnegie
scorecard:229063,Texas Southern University,United States,yes,11.9,,E,High,no,1610,graduation retention earnings sat carnegie
scorecard:106412,University of Arkansas at Pine Bluff,United States,no,11.9,,E,High,no,1611,graduation retention earnings sat carnegie
scorecard:156189,Alice Lloyd College,United States,no,11.7,,E,High,no,1612,graduation retention earnings sat carnegie
scorecard:154855,Central Christian College of Kansas,United States,no,11.5,,E,High,no,1613,graduation retention earnings carnegie
scorecard:237215,Bluefield State University,United States,no,11.3,,E,High,no,1614,graduation retention earnings sat carnegie
scorecard:206491,Wilberforce University,United States,no,11.3,,E,High,no,1615,graduation retention earnings sat carnegie
scorecard:224244,Dallas Christian College,United States,no,11.2,,E,High,no,1616,graduation retention earnings carnegie
scorecard:482468,DeVry University-Georgia,United States,no,11,,E,High,no,1618,graduation retention earnings carnegie
scorecard:157058,Kentucky State University,United States,no,11,,E,High,no,1619,graduation retention earnings carnegie
scorecard:107877,Williams Baptist University,United States,no,11,,E,High,no,1617,graduation retention earnings sat carnegie
scorecard:142090,Boise Bible College,United States,no,10.7,,E,High,no,1620,graduation retention earnings sat carnegie
scorecard:100654,Alabama A & M University,United States,no,10.6,,E,High,no,1622,graduation retention earnings sat carnegie
scorecard:494162,Arizona College of Nursing-Dallas,United States,no,10.6,,E,Medium,no,1623,retention earnings
scorecard:225575,Huston-Tillotson University,United States,no,10.6,,E,High,no,1621,graduation retention earnings sat carnegie
scorecard:234164,Virginia Union University,United States,no,10.5,,E,High,no,1624,graduation retention earnings sat carnegie
scorecard:176044,Mississippi Valley State University,United States,no,10.4,,E,High,no,1625,graduation retention earnings carnegie
scorecard:137953,Trinity College of Jacksonville,United States,no,10.3,,E,High,no,1626,graduation retention earnings sat carnegie
scorecard:495457,Arizona College of Nursing-Phoenix,United States,no,10.1,,E,Medium,no,1629,retention earnings
scorecard:421878,Eastern International College-Jersey City,United States,no,10.1,,E,High,no,1628,graduation retention earnings carnegie
scorecard:243665,University of the Virgin Islands,United States,no,10.1,,E,High,no,1627,graduation retention earnings sat carnegie
scorecard:218733,South Carolina State University,United States,no,9.8,,E,High,no,1630,graduation retention earnings sat carnegie
scorecard:144005,Chicago State University,United States,no,9.6,,E,High,no,1632,graduation retention earnings carnegie
scorecard:127653,Naropa University,United States,no,9.6,,E,High,no,1631,graduation retention earnings carnegie
scorecard:155070,Barclay College,United States,no,9.5,,E,High,no,1633,graduation retention earnings carnegie
scorecard:209603,Pacific Northwest College of Art,United States,no,9.4,,E,Medium,no,1634,graduation retention earnings
scorecard:228501,Sul Ross State University,United States,no,9.4,,E,High,no,1635,graduation retention earnings sat carnegie
scorecard:207157,Randall University,United States,no,9.3,,E,High,no,1636,graduation retention earnings sat carnegie
scorecard:198862,Livingstone College,United States,no,9.1,,E,High,no,1637,graduation retention earnings sat carnegie
scorecard:460349,Johnson & Wales University-Online,United States,no,9,,E,High,no,1638,graduation retention earnings carnegie
scorecard:133979,Florida Memorial University,United States,no,8.9,,E,High,no,1639,graduation retention earnings carnegie
scorecard:132602,Bethune-Cookman University,United States,no,8.7,,E,High,no,1640,graduation retention earnings sat carnegie
scorecard:178369,Missouri Valley College,United States,no,8.6,,E,High,no,1641,graduation retention earnings sat carnegie
scorecard:187745,Institute of American Indian and Alaska Native Culture and Arts Development,United States,no,8.5,,E,High,no,1642,graduation retention earnings carnegie
scorecard:449764,Visible Music College,United States,no,8.3,,E,High,no,1643,graduation retention earnings sat carnegie
scorecard:133526,Edward Waters University,United States,no,8.2,,E,High,no,1644,graduation retention earnings carnegie
scorecard:220604,Le Moyne-Owen College,United States,no,8,,E,High,no,1645,graduation retention earnings sat carnegie
scorecard:102298,Talladega College,United States,no,8,,E,High,no,1646,graduation retention earnings carnegie
scorecard:139968,Gordon State College,United States,no,7.6,,E,High,no,1648,graduation retention earnings sat carnegie
scorecard:102270,Stillman College,United States,no,7.6,,E,High,no,1647,graduation retention earnings carnegie
scorecard:199582,Saint Augustine's University,United States,no,7,,E,High,no,1649,graduation retention earnings carnegie
scorecard:217721,Benedict College,United States,no,6.9,,E,High,no,1650,graduation retention earnings carnegie
scorecard:199458,Mid-Atlantic Christian University,United States,no,6.6,,E,High,no,1651,graduation retention earnings sat carnegie
scorecard:489937,Carolina University,United States,no,6.5,,E,High,no,1652,graduation retention earnings carnegie
scorecard:199643,Shaw University,United States,no,6.4,,E,High,no,1653,graduation retention earnings carnegie
scorecard:407610,Pacific Bible College,United States,no,6.3,,E,Medium,no,1654,graduation carnegie
scorecard:491710,Yeshiva Gedolah of Cliffwood,United States,no,6.3,,E,Medium,no,1655,graduation retention carnegie
scorecard:227429,Paul Quinn College,United States,no,6.2,,E,High,no,1656,graduation retention earnings carnegie
scorecard:140340,Herzing University-Atlanta,United States,no,6.1,,E,High,no,1657,graduation retention earnings carnegie
scorecard:497268,Arizona College of Nursing-Salt Lake City,United States,no,6,,E,Medium,no,1658,retention earnings
scorecard:140720,Paine College,United States,no,5.7,,E,High,no,1660,graduation retention earnings carnegie
scorecard:420325,Yeshiva D'monsey Rabbinical College,United States,no,5.7,,E,Medium,no,1659,graduation retention carnegie
scorecard:498447,Arizona College of Nursing-Falls Church,United States,no,5.6,,E,Medium,no,1661,retention earnings
scorecard:201690,Central State University,United States,no,5.5,,E,High,no,1662,graduation retention earnings sat carnegie
scorecard:160630,Southern University at New Orleans,United States,no,5.4,,E,High,no,1663,graduation retention earnings carnegie
scorecard:164614,Boston Baptist College,United States,no,5,,E,High,no,1664,graduation retention earnings carnegie
scorecard:178767,Stevens-The Institute of Business & Arts,United States,no,5,,E,Medium,no,1665,graduation earnings carnegie
scorecard:490319,Yeshiva Bais Aharon,United States,no,4.8,,E,Medium,no,1666,graduation retention carnegie
scorecard:217624,Allen University,United States,no,4.6,,E,High,no,1667,graduation retention earnings carnegie
scorecard:137962,Trinity College of Florida,United States,no,4.2,,E,High,no,1668,graduation retention earnings sat carnegie
scorecard:499398,Arizona College of Nursing-Cincinnati,United States,no,4,,E,Medium,no,1669,retention earnings
scorecard:499370,Arizona College of Nursing-Sarasota,United States,no,4,,E,Medium,no,1669,retention earnings
scorecard:495420,Arizona College of Nursing-Tampa,United States,no,4,,E,Medium,no,1669,retention earnings
scorecard:495448,Arizona College of Nursing-Tucson,United States,no,4,,E,Medium,no,1669,retention earnings
scorecard:499389,Arizona College of Nursing-Aurora,United States,no,3.7,,E,Medium,no,1673,retention earnings
