key,openalex_id,works_count,cited_by_count,h_index,i10_index,mean_citedness_2yr,fetched_on
curated:aalto,I9927081,70603,3828829,510,61881,3.969612899014296,2026-10-08
curated:aarhus,I204337017,263358,15162112,980,200542,3.546743438797289,2026-10-08
curated:anu,I118347636,202301,15308273,1092,175277,4.547559531640574,2026-10-08
curated:auckland,I154130895,148446,10475181,794,141669,3.923686105111591,2026-10-08
curated:bristol,I36234482,231533,23953411,1286,253031,3.419034922691651,2026-10-08
curated:cambridge,I241749,538626,63549661,2006,563454,6.317518317152919,2026-10-08
curated:chalmers,I66862912,94511,5827346,565,94356,3.96074344869999,2026-10-08
curated:cityu,I168719708,119607,8320937,667,121594,9.489565963509204,2026-10-08
curated:cuhk,I177725633,196542,17198073,1115,216514,3.8392046510393163,2026-10-08
curated:dtu,I96673099,157459,13076081,1024,151796,4.2634320583420156,2026-10-08
curated:durham,I190082696,114858,7060568,720,86657,5.277497630331753,2026-10-08
curated:edinburgh,I98677209,317653,29896357,1420,315443,4.63079478660874,2026-10-08
curated:epfl,I5124864,161832,17992366,1194,196305,4.768902096657126,2026-10-08
curated:ethz,I35440088,309132,33986576,1295,392428,3.8620018810312176,2026-10-08
curated:eur,I913958620,85860,8590876,843,92887,3.551493118670475,2026-10-08
curated:fudan,I24943067,291064,25901495,979,437437,5.636270694011718,2026-10-08
curated:glasgow,I7882870,211089,26364177,1611,245884,6.153351817781348,2026-10-08
curated:heidelberg,I223822909,264499,32188663,1361,379095,4.371541072640869,2026-10-08
curated:helsinki,I133731052,236398,23716876,1220,283219,3.217200436050794,2026-10-08
curated:hku,I889458895,202710,17897168,1084,230872,5.063373832922673,2026-10-08
curated:hkust,I200769079,100675,9005783,770,113370,6.220653658878341,2026-10-08
curated:hu-berlin,I39343248,144135,11766371,827,160700,4.301356574686227,2026-10-08
curated:iisc,I59270414,95182,4530195,466,88046,3.0906173070331246,2026-10-08
curated:iitb,I162827531,69448,3212151,411,62420,3.0310765457596487,2026-10-08
curated:iitd,I68891433,74716,3183225,399,63692,3.392785122115169,2026-10-08
curated:iitm,I24676775,71304,2759400,371,58318,3.1537484885126963,2026-10-08
curated:imperial,I47508984,431038,50739043,1756,523677,6.632048542859585,2026-10-08
curated:kaist,I157485424,122195,9749759,709,152100,4.860273134936812,2026-10-08
curated:kcl,I183935753,284255,27312484,1365,284680,4.37945556640625,2026-10-08
curated:khalifa,I176601375,35736,1124539,287,22691,3.7968578735842162,2026-10-08
curated:kit,I102335020,197700,15436335,869,230433,3.0069953685835586,2026-10-08
curated:korea-univ,I197347611,135538,10499700,686,181376,5.2250729588802365,2026-10-08
curated:kth,I86987016,125727,8990154,743,125626,4.0391547230858675,2026-10-08
curated:ku-copenhagen,I124055696,363476,31757052,1388,370237,4.9045278341060055,2026-10-08
curated:kuleuven,I99464096,330292,33291973,1404,411044,4.085338419024637,2026-10-08
curated:kyoto,I22299242,414798,31653799,1169,460329,3.1018758420561716,2026-10-08
curated:leeds,I130828816,206051,15084413,971,193932,3.49617783613938,2026-10-08
curated:leiden,I121797337,168858,14356934,932,175721,4.310405897979777,2026-10-08
curated:lmu,I8204097,346478,34350104,1233,417749,3.815465449143023,2026-10-08
curated:lse,I909854389,79024,3185739,597,35408,3.528226426703584,2026-10-08
curated:lund,I187531555,249429,24002232,1144,317469,3.7807256262087017,2026-10-08
curated:manchester,I28407311,344508,32291356,1312,386419,4.4052902337262525,2026-10-08
curated:mcgill,I5023651,318970,32415239,1400,373193,4.265331415492894,2026-10-08
curated:mcmaster,I98251732,193332,22218782,1351,225014,5.121205700806532,2026-10-08
curated:monash,I56590836,304308,23915330,1154,307929,4.895867209170572,2026-10-08
curated:ntnu,I204778367,158660,8740524,785,130629,2.883431985704713,2026-10-08
curated:ntu-sg,I172675005,207130,18464341,985,234492,7.012017864393017,2026-10-08
curated:ntu-tw,I16733864,189488,14982618,756,256454,3.6545848191543557,2026-10-08
curated:nus,I165932596,308174,27775707,1179,350403,6.982284347436089,2026-10-08
curated:nyuad,I120250893,16284,593299,256,9859,4.174619375691077,2026-10-08
curated:osaka,I98285908,336876,27992187,1151,433723,3.1723557413212586,2026-10-08
curated:oxford,I40120149,714085,76567391,2240,665408,5.15311702359626,2026-10-08
curated:paris-saclay,I277688954,171829,13518452,991,197692,3.836605411395327,2026-10-08
curated:pku,I20231570,362145,30331183,1117,439150,6.000117945391284,2026-10-08
curated:polimi,I93860229,265122,6192465,544,114894,0.6120245406350059,2026-10-08
curated:polito,I177477856,88722,3818382,434,77259,3.202850129551343,2026-10-08
curated:polytechnique,I142476485,64070,6852862,726,90269,3.2560197272991007,2026-10-08
curated:postech,I123900574,56469,6014530,601,86816,6.316225565119459,2026-10-08
curated:psl,I2746051580,68291,5583054,746,61847,4.285296517954298,2026-10-08
curated:queens,I204722609,126415,8822130,798,114668,3.476619825088674,2026-10-08
curated:rug,I169381384,203011,23142547,1392,270398,4.59274840553915,2026-10-08
curated:rwth,I887968799,232839,20389529,968,292395,2.6740507422066573,2026-10-08
curated:sapienza,I861853513,291948,25003742,1148,382687,3.853800192837675,2026-10-08
curated:sciencespo,I205092303,43227,369654,219,5879,0.4843042199793372,2026-10-08
curated:sfu,I18014758,91451,6454662,665,87277,3.280063613750357,2026-10-08
curated:sjtu,I183067930,435650,33977467,1005,616682,5.8947743133118475,2026-10-08
curated:snu,I139264467,291061,26904236,1091,450009,4.124315558405683,2026-10-08
curated:sorbonne,I39804081,193223,10505546,901,144326,4.153691425687893,2026-10-08
curated:southampton,I43439940,195036,14317754,957,187141,3.5263805168710594,2026-10-08
curated:st-andrews,I16835326,82987,4986557,662,63882,3.914497953408459,2026-10-08
curated:su,I161593684,138758,13280566,981,145904,4.334212074849947,2026-10-08
curated:tcd,I205274468,102320,8598581,936,93596,4.098093016874743,2026-10-08
curated:tohoku,I201537933,312464,19758390,894,350369,3.266629072681704,2026-10-08
curated:tsinghua,I99065089,404830,35571597,1226,493686,6.795139104568261,2026-10-08
curated:tu-berlin,I4577782,121424,6010652,662,97731,3.1230895971819783,2026-10-08
curated:tudelft,I98358874,184872,11520702,815,169654,3.6151835789057314,2026-10-08
curated:tue,I83019370,100593,7064834,671,107043,3.7589377214300352,2026-10-08
curated:tum,I62916508,288070,23518802,1112,319013,4.089667297809035,2026-10-08
curated:tuwien,I145847075,123103,5653608,637,83887,2.169450518773554,2026-10-08
curated:ualberta,I154425047,277050,23452731,1180,314724,4.224554945866421,2026-10-08
curated:ub,I71999127,213003,18877781,1062,249995,3.867409477028458,2026-10-08
curated:ubc,I141945490,400516,36148591,1437,419076,3.3735686705782117,2026-10-08
curated:ucalgary,I168635309,206071,16431794,1036,215629,4.381078829532438,2026-10-08
curated:ucd,I100930933,111825,7361103,687,102061,3.9262778723122143,2026-10-08
curated:ucl,I45129253,535502,60569920,2058,595667,5.7148077288453125,2026-10-08
curated:ugent,I32597200,229378,21708777,1041,297438,3.5889565737716174,2026-10-08
curated:uio,I184942183,204521,17210537,1047,219789,3.3176250489830488,2026-10-08
curated:um,I33849332,116487,6305891,619,106197,3.387357993631825,2026-10-08
curated:umontreal,I70931966,200922,17444924,1031,217819,3.5902238795184207,2026-10-08
curated:unibo,I9360294,243614,21308315,1005,323858,3.439293213362543,2026-10-08
curated:unige,I114457229,152354,17816935,1061,195165,4.397067981754835,2026-10-08
curated:unimelb,I165779595,371574,35245301,1362,424173,4.882741171200162,2026-10-08
curated:univie,I129774422,195840,12854183,860,172658,2.6016511867905057,2026-10-08
curated:unsw,I31746571,289487,22514986,1118,297971,5.772366057659162,2026-10-08
curated:uottawa,I153718931,174234,13628995,924,164751,3.665995804267367,2026-10-08
curated:uppsala,I123387679,224243,20848485,1128,260447,3.640376312090862,2026-10-08
curated:uq,I165143802,291493,29931644,1540,328799,5.121902123730378,2026-10-08
curated:usyd,I129604602,353396,31772212,1481,387303,5.364651275672724,2026-10-08
curated:utokyo,I74801974,619768,51985350,1469,705900,4.054465208000751,2026-10-08
curated:utoronto,I185261750,606373,68766337,1956,731933,4.768525104647604,2026-10-08
curated:uts,I114017466,98122,5342185,578,81403,5.857969771679708,2026-10-08
curated:uu,I193662353,260728,24556221,1185,296607,5.172070435779521,2026-10-08
curated:uva,I887064364,241301,27143337,1236,323787,3.9808341640672733,2026-10-08
curated:uwa,I177877127,172023,14437851,1034,182261,4.924468206119895,2026-10-08
curated:uwaterloo,I151746483,163830,10131356,788,147656,4.45637954655942,2026-10-08
curated:uzh,I202697423,229656,26253138,1223,316950,7.2409608138306325,2026-10-08
curated:warwick,I39555362,145440,9596333,811,127608,4.099010514573736,2026-10-08
curated:western,I125749732,180275,13670260,904,184812,3.9841202475685233,2026-10-08
curated:wur,I913481162,149331,15228162,1002,180748,3.9194147403470576,2026-10-08
curated:yonsei,I193775966,188151,14722960,779,269615,4.639594666467608,2026-10-08
curated:zju,I76130692,447414,35539093,1057,628548,5.80977914071,2026-10-08
scorecard:100654,I176692203,5423,126832,124,3054,1.350828729281768,2026-10-08
scorecard:100663,I32389192,168116,19767189,1127,225998,3.240020826102048,2026-10-08
scorecard:100706,I82495205,25911,1189842,358,15924,2.652753623188406,2026-10-08
scorecard:100724,I145611464,2039,75429,115,1271,2.1452859350850075,2026-10-08
scorecard:100751,I17301866,89886,6165141,682,83504,3.1843358487801305,2026-10-08
scorecard:100830,I902671590,3273,75966,112,1338,2.2907407407407407,2026-10-08
scorecard:100858,I82497590,85611,4223249,508,75562,2.918343152751832,2026-10-08
scorecard:101189,I130555825,277,424,11,11,0.19298245614035087,2026-10-08
scorecard:101435,I154776012,209,1535,21,37,0.16666666666666666,2026-10-08
scorecard:101453,I263341422,59,250,8,7,0.05,2026-10-08
scorecard:101480,I78724572,2001,41722,85,749,1.7285067873303168,2026-10-08
scorecard:101587,I68631920,495,9040,41,139,1.1045751633986929,2026-10-08
scorecard:101693,I180895376,112,28467,23,33,0.05263157894736842,2026-10-08
scorecard:101709,I6066122,811,19002,67,354,0.69377990430622,2026-10-08
scorecard:101879,I12970578,1649,29866,68,678,2.796133567662566,2026-10-08
scorecard:101912,I10986801,405,15498,59,328,1.1014492753623188,2026-10-08
scorecard:102049,I83321563,3485,73977,101,1412,1.5903614457831325,2026-10-08
scorecard:102094,I83809506,22968,1580906,400,21374,2.308513550506433,2026-10-08
scorecard:102234,I50213246,422,6531,40,106,1.793103448275862,2026-10-08
scorecard:102270,I175528955,161,1719,24,42,1.09375,2026-10-08
scorecard:102298,I181982445,114,1153,18,23,3.8846153846153846,2026-10-08
scorecard:102368,I149292303,3354,73878,92,1175,1.5757225433526012,2026-10-08
scorecard:102377,I6026837,5404,214873,162,4065,2.653398652786283,2026-10-08
scorecard:102395,I268072154,97,2491,28,49,0,2026-10-08
scorecard:104151,I55732556,208995,14842206,997,174593,3.3858107497060863,2026-10-08
scorecard:104179,I138006243,286995,24980813,1341,282413,2.4222586695336226,2026-10-08
scorecard:104586,I4405255987,1433,755998,350,2048,7.9110738255033555,2026-10-08
scorecard:104717,I311071055,1786,17244,56,325,1.2094240837696335,2026-10-08
scorecard:105330,I203172682,38769,2166979,489,21510,1.2509141629283371,2026-10-08
scorecard:105589,I35445894,510,23973,71,219,1.2352941176470589,2026-10-08
scorecard:105899,I2799487676,223,1073,19,37,1.3888888888888888,2026-10-08
scorecard:106245,I102401767,10305,422454,222,6363,2.6873673036093417,2026-10-08
scorecard:106342,I178906410,632,35498,51,188,1.2525252525252526,2026-10-08
scorecard:106397,I78715868,62263,3143092,469,52571,2.5713455672299426,2026-10-08
scorecard:106412,I94525581,1579,62014,100,1282,6.19,2026-10-08
scorecard:106458,I125956826,6579,189494,165,3412,2.1964912280701756,2026-10-08
scorecard:106704,I32038505,4776,128129,138,2354,1.2791443850267379,2026-10-08
scorecard:106713,I2801071252,10,160,7,5,0.5,2026-10-08
scorecard:107044,I107363760,4086,10892,57,235,1.0541871921182266,2026-10-08
scorecard:107080,I130327366,1078,43309,83,676,1.6296296296296295,2026-10-08
scorecard:107141,I175594653,578,2714,26,69,0.32231404958677684,2026-10-08
scorecard:107512,I2303707,1412,6143,44,138,0.328125,2026-10-08
scorecard:107558,I207132825,165,2287,26,57,4.622222222222222,2026-10-08
scorecard:107877,I2800942225,15,249,9,9,0,2026-10-08
scorecard:107983,I103527128,700,16855,60,193,1.7093425605536332,2026-10-08
scorecard:109651,I164989479,244,13214,33,87,1.4918032786885247,2026-10-08
scorecard:109785,I96408169,2904,56815,88,1153,0.9289473684210526,2026-10-08
scorecard:110097,I152479009,1801,32607,87,592,1.2243243243243243,2026-10-08
scorecard:110361,I177449303,1236,16845,54,443,1.4505862646566163,2026-10-08
scorecard:110370,I82549287,483,3746,32,79,0.4659090909090909,2026-10-08
scorecard:110404,I122411786,295171,40703201,1927,289282,6.411405683768835,2026-10-08
scorecard:110413,I176611909,1437,25399,80,458,1.2572254335260116,2026-10-08
scorecard:110422,I149919469,25492,641620,266,9576,1.5895234006011163,2026-10-08
scorecard:110486,I118839592,3263,109621,139,1611,1.4423728813559322,2026-10-08
scorecard:110495,I197875241,2651,67344,104,1229,1.662037037037037,2026-10-08
scorecard:110510,I43369023,8476,227909,183,4073,2.1035548686244203,2026-10-08
scorecard:110529,I98947143,11484,269988,185,4860,1.5616901408450705,2026-10-08
scorecard:110538,I36053171,7563,170866,161,2919,1.7357980162308386,2026-10-08
scorecard:110547,I290598920,5000,211060,189,2710,3.0247383444338727,2026-10-08
scorecard:110556,I67328108,11052,334782,210,5332,2.0091819699499167,2026-10-08
scorecard:110565,I142934699,22899,1549688,475,13638,5.415210907541542,2026-10-08
scorecard:110574,I184813773,5671,155755,154,2479,2.301762114537445,2026-10-08
scorecard:110583,I59897056,21740,700834,272,11512,1.88448098663926,2026-10-08
scorecard:110592,I27825529,13091,858209,371,8367,3.3059105431309903,2026-10-08
scorecard:110608,I157638225,17541,610959,273,10078,2.706282722513089,2026-10-08
scorecard:110617,I43522216,10049,250259,185,4372,1.8125,2026-10-08
scorecard:110635,I95457486,513567,64059888,2016,544074,2.7551321059929132,2026-10-08
scorecard:110644,I84218800,321006,33272081,1273,411005,3.5073411739433973,2026-10-08
scorecard:110653,I204250578,215544,23007468,1216,251351,3.7806733294675445,2026-10-08
scorecard:110662,I161318765,550896,70920374,1950,693340,3.6318559642382606,2026-10-08
scorecard:110671,I103635307,110476,11216976,884,135833,3.7019152465691447,2026-10-08
scorecard:110680,I36258959,422611,59446141,1882,519780,4.291475941216409,2026-10-08
scorecard:110705,I154570441,149193,18779357,1150,187184,4.20114762882915,2026-10-08
scorecard:110714,I185103710,83051,13074644,1114,107069,5.453097085956948,2026-10-08
scorecard:111081,I164036789,313,4277,31,80,1.3617021276595744,2026-10-08
scorecard:111188,I230604491,341,4209,35,83,0.5416666666666666,2026-10-08
scorecard:111948,I185071736,14674,371007,221,6877,2.658413055711874,2026-10-08
scorecard:111966,I52710748,4047,343661,235,4452,2.9700093720712277,2026-10-08
scorecard:112075,I158376284,298,1817,27,50,0.5476190476190477,2026-10-08
scorecard:112084,I2799982120,63,363,8,8,0,2026-10-08
scorecard:112260,I106107269,5136,160358,167,1976,1.157725321888412,2026-10-08
scorecard:112394,I2801879037,10,24,3,0,0,2026-10-08
scorecard:113582,I4210095032,0,0,0,0,0,2026-10-08
scorecard:113698,I172039944,3090,28260,88,478,0.7713567839195979,2026-10-08
scorecard:114813,I13591431,324,3094,30,69,0.39285714285714285,2026-10-08
scorecard:115409,I133543626,4932,166389,163,2686,2.2603648424543947,2026-10-08
scorecard:115755,I192389796,6361,220221,173,3827,2.0119236883942766,2026-10-08
scorecard:117104,I2801618619,41,47,3,1,0,2026-10-08
scorecard:117140,I708430,1779,35277,80,722,2.3135135135135134,2026-10-08
scorecard:117168,I2801741489,19,1045,9,9,0,2026-10-08
scorecard:117627,I123200800,1974,22084,68,497,0.46296296296296297,2026-10-08
scorecard:117751,I143685665,365,277,8,7,0.05056179775280899,2026-10-08
scorecard:117946,I35566140,11374,267991,209,4149,1.3658679135008767,2026-10-08
scorecard:118693,I112898310,611,12308,58,220,4.5353535353535355,2026-10-08
scorecard:118888,I91481961,1920,64432,132,775,1.6153846153846154,2026-10-08
scorecard:119173,I4210134096,955,12855,57,290,1.0096618357487923,2026-10-08
scorecard:119775,I2800069670,42,1099,12,15,0,2026-10-08
scorecard:120166,I99418890,3535,34958,72,420,0.9484279574756842,2026-10-08
scorecard:120254,I72903472,4622,163127,157,2671,1.4665871121718377,2026-10-08
scorecard:120403,I2802607624,43,78,5,2,0.75,2026-10-08
scorecard:120537,I140636472,62,268,9,9,0.1111111111111111,2026-10-08
scorecard:120768,I250763816,56,911,13,15,0.3333333333333333,2026-10-08
scorecard:120883,I119942576,16417,397829,205,7350,2.3268072289156625,2026-10-08
scorecard:121150,I100191712,9382,176778,182,2520,1.9217704580545547,2026-10-08
scorecard:121257,I141778976,2052,51405,101,962,1.6691176470588236,2026-10-08
scorecard:121309,I98607628,1289,30798,86,625,1.8996960486322187,2026-10-08
scorecard:121345,I177881444,8100,340469,216,4054,2.950039651070579,2026-10-08
scorecard:121691,I193054373,2540,51937,95,918,1.4377682403433476,2026-10-08
scorecard:122409,I26538001,54826,3910890,618,45527,2.5322726955550903,2026-10-08
scorecard:122436,I160856358,13638,331481,225,4956,1.3498810939357908,2026-10-08
scorecard:122506,I2800075581,31,122,8,5,1.2,2026-10-08
scorecard:122597,I71838634,22273,1029844,365,13699,2.140346408558329,2026-10-08
scorecard:122612,I76766440,13755,392672,228,5984,2.375092936802974,2026-10-08
scorecard:122728,I2800206598,73,1497,13,23,0.6,2026-10-08
scorecard:122755,I51504820,35338,796278,298,12569,2.067349293337179,2026-10-08
scorecard:122931,I16269868,17064,595357,317,7568,2.1039097349776963,2026-10-08
scorecard:123165,I16970960,1909,52376,99,864,1.145124716553288,2026-10-08
scorecard:123280,I4210157929,0,0,0,0,0,2026-10-08
scorecard:123457,I120296577,81,1008,15,18,3.103448275862069,2026-10-08
scorecard:123554,I177081203,3083,44838,93,692,0.13581599123767799,2026-10-08
scorecard:123572,I158011677,4090,255022,200,2120,2.473076923076923,2026-10-08
scorecard:123651,I144448172,270,5348,34,117,1.6808510638297873,2026-10-08
scorecard:123952,I169551730,128,830,12,13,0.3888888888888889,2026-10-08
scorecard:123961,I1174212,306713,32100815,1539,343771,4.140456353445031,2026-10-08
scorecard:124292,I2799580044,26,209,5,4,0,2026-10-08
scorecard:125727,I9502037,1235,22202,64,415,3.3268156424581004,2026-10-08
scorecard:125763,I70076703,1724,32092,77,535,1.0606060606060606,2026-10-08
scorecard:125897,I169366031,1324,4668,30,102,0.0748587570621469,2026-10-08
scorecard:126076,I4210127846,0,0,0,0,0,2026-10-08
scorecard:126562,I921990950,111884,12508248,915,139676,3.66205197893664,2026-10-08
scorecard:126580,I888729015,12640,488018,250,6837,2.338048924255821,2026-10-08
scorecard:126614,I188538660,190181,20896015,1216,206254,3.6031410848620826,2026-10-08
scorecard:126678,I189774192,4963,118494,158,1781,0.8333333333333334,2026-10-08
scorecard:126775,I167576493,42278,2064863,429,29312,2.259251968503937,2026-10-08
scorecard:126818,I92446798,132528,10224013,847,135452,3.0215897257896565,2026-10-08
scorecard:127060,I131651094,29378,1424744,411,18714,2.83970802919708,2026-10-08
scorecard:127185,I149471917,1908,51280,91,647,0.9406528189910979,2026-10-08
scorecard:127565,I879689382,3826,54598,93,1138,1.419740777666999,2026-10-08
scorecard:127653,I31459862,255,5993,32,85,0.972972972972973,2026-10-08
scorecard:127741,I71966907,9515,247991,178,4640,1.438259756877799,2026-10-08
scorecard:127918,I128365640,3100,89260,121,1220,2,2026-10-08
scorecard:128106,I114312114,1474,31759,84,538,1.3282608695652174,2026-10-08
scorecard:128391,I141988945,1056,18091,61,375,2.3121019108280256,2026-10-08
scorecard:128498,I176953057,124,2117,26,51,0.15384615384615385,2026-10-08
scorecard:128744,I154300980,3586,80179,114,1523,2.392070484581498,2026-10-08
scorecard:128771,I154264771,5046,98880,127,1657,2.086998087954111,2026-10-08
scorecard:128902,I4498119,5662,150152,154,2243,0.5032175032175032,2026-10-08
scorecard:129020,I140172145,159878,9624595,740,133801,2.2927638934278196,2026-10-08
scorecard:129215,I203331390,2226,39890,81,741,1.1757188498402555,2026-10-08
scorecard:129242,I126350171,6772,234308,184,3320,2.2271214642262893,2026-10-08
scorecard:129525,I162281398,5179,119782,127,2242,1.5976645435244161,2026-10-08
scorecard:129774,I178721510,92,842,17,24,0.5,2026-10-08
scorecard:129941,I40253897,4808,109946,142,1980,2.675118177911474,2026-10-08
scorecard:130226,I43267033,5961,124829,137,2315,1.7130023640661938,2026-10-08
scorecard:130253,I130186095,3459,63753,107,1188,2.300480769230769,2026-10-08
scorecard:130314,I192633058,1187,20483,65,394,1.3591954022988506,2026-10-08
scorecard:130493,I35462925,4818,117251,139,1890,1.9223697650663942,2026-10-08
scorecard:130590,I56722557,4078,97823,124,1890,2.1065420560747663,2026-10-08
scorecard:130697,I100538780,15443,710956,306,9613,1.8365937859608745,2026-10-08
scorecard:130776,I204366597,1718,28819,72,516,1.2295918367346939,2026-10-08
scorecard:130794,I32971472,454197,59086176,1942,524191,2.9999491840125088,2026-10-08
scorecard:130934,I126548940,3753,140671,127,2199,2.7681862269641124,2026-10-08
scorecard:130943,I86501945,102471,7435010,739,96909,2.6564069804582013,2026-10-08
scorecard:130989,I127432735,138,1271,18,28,2.5161290322580645,2026-10-08
scorecard:131159,I181401687,31842,1085014,381,12539,2.328436911487759,2026-10-08
scorecard:131283,I84470341,26257,954235,311,15483,3.2932888394512423,2026-10-08
scorecard:131450,I66108857,2540,80267,125,1287,2.1956521739130435,2026-10-08
scorecard:131469,I193531525,130166,8216836,884,99970,3.0290424296066827,2026-10-08
scorecard:131496,I184565670,103128,7227640,824,80566,2.6095715878324572,2026-10-08
scorecard:131520,I137853757,30034,1383062,340,20191,2.363455149501661,2026-10-08
scorecard:131876,I164885833,212,2492,25,66,0.3902439024390244,2026-10-08
scorecard:132408,I2799896861,14,38,3,2,0,2026-10-08
scorecard:132471,I151583259,6425,68006,111,1362,1.9757942511346445,2026-10-08
scorecard:132602,I55356238,544,8095,41,211,1.3163841807909604,2026-10-08
scorecard:132657,I149530613,531,15357,62,223,4.114093959731544,2026-10-08
scorecard:132903,I106165777,94552,4820651,592,70838,2.7648534065802832,2026-10-08
scorecard:133492,I88973175,2011,62229,122,939,1.427807486631016,2026-10-08
scorecard:133526,I252342272,126,2042,13,21,1.391304347826087,2026-10-08
scorecard:133553,I4405252843,6001,145597,136,3007,2.301718213058419,2026-10-08
scorecard:133650,I8248082,10813,393266,204,8041,3.585459940652819,2026-10-08
scorecard:133669,I63772739,41017,1728849,411,25184,2.6045454545454545,2026-10-08
scorecard:133711,I863174327,451,5396,39,113,1.3384615384615384,2026-10-08
scorecard:133809,I94062374,321,1243,18,25,0.6261261261261262,2026-10-08
scorecard:133881,I106959904,15702,1219873,345,17528,3.618764631730596,2026-10-08
scorecard:133951,I19700959,83888,3766678,541,56547,1.6716811565888443,2026-10-08
scorecard:133979,I79660296,155,865,13,18,0.9041095890410958,2026-10-08
scorecard:134079,I158397150,872,12755,48,267,1,2026-10-08
scorecard:134097,I103163165,117795,8967408,761,121687,3.119190859918313,2026-10-08
scorecard:134130,I33213144,396704,34060209,1302,452570,3.1834159705207106,2026-10-08
scorecard:134945,I36075867,1711,30661,84,631,1.7449799196787148,2026-10-08
scorecard:135364,I4210147800,23,88,5,2,1.5,2026-10-08
scorecard:135726,I145608581,177949,16017960,1002,203663,3.2362479184894584,2026-10-08
scorecard:136172,I11874761,13332,273743,183,5337,2.473374521918211,2026-10-08
scorecard:136215,I203088144,27212,920503,306,13281,2.688860551962838,2026-10-08
scorecard:136330,I77170853,994,17787,64,427,3.3225806451612905,2026-10-08
scorecard:136774,I96849854,196,2626,12,18,0.4230769230769231,2026-10-08
scorecard:136950,I90840245,3533,71861,117,1219,3.2609603340292277,2026-10-08
scorecard:137032,I141988045,943,9950,44,253,1.145077720207254,2026-10-08
scorecard:137272,I4210103241,9,7,2,0,0,2026-10-08
scorecard:137351,I2613432,138560,9350878,814,122207,2.546268928197899,2026-10-08
scorecard:137476,I129725529,1319,13811,54,206,2.5833333333333335,2026-10-08
scorecard:137546,I99490713,3278,49527,96,1010,1.523728813559322,2026-10-08
scorecard:137564,I132801547,828,8487,42,176,1.022099447513812,2026-10-08
scorecard:137847,I93320256,6952,104899,128,1782,1.2381656804733727,2026-10-08
scorecard:137953,I2902562613,3,3,1,0,0,2026-10-08
scorecard:137962,I2802306230,38,367,10,10,1.5555555555555556,2026-10-08
scorecard:138275,I219072074,53,1194,11,11,0.8,2026-10-08
scorecard:138293,I2803092985,42,590,7,7,0.1111111111111111,2026-10-08
scorecard:138354,I83683471,7417,272144,177,4135,1.8171513060620996,2026-10-08
scorecard:138558,I2799637951,229,2877,23,61,2.1904761904761907,2026-10-08
scorecard:138600,I64506506,1514,31281,82,536,1.7272727272727273,2026-10-08
scorecard:138868,I2801765881,75,2103,18,27,1.1111111111111112,2026-10-08
scorecard:138947,I52064589,4031,708600,313,8357,6.092609082813891,2026-10-08
scorecard:139144,I103605065,2301,49641,101,963,1.2672413793103448,2026-10-08
scorecard:139199,I91042652,275,5252,37,104,0.4772727272727273,2026-10-08
scorecard:139311,I185241533,1248,24827,71,423,1.064516129032258,2026-10-08
scorecard:139366,I199172307,2684,47249,87,889,2.9265033407572383,2026-10-08
scorecard:139393,I128243007,273,2188,24,61,0.23404255319148937,2026-10-08
scorecard:139630,I4210118771,104,1700,21,40,1.8,2026-10-08
scorecard:139658,I150468666,244799,29061804,1375,297592,3.8532971745929974,2026-10-08
scorecard:139719,I77250616,1600,52017,106,1025,1.606651376146789,2026-10-08
scorecard:139755,I130701444,208339,18898960,1160,214333,4.009434094117318,2026-10-08
scorecard:139764,I130075709,586,10169,48,216,1.3333333333333333,2026-10-08
scorecard:139861,I138220800,3379,56569,97,1101,1.0427272727272727,2026-10-08
scorecard:139931,I39815113,19237,494554,233,9312,2.2329862682963633,2026-10-08
scorecard:139940,I181565077,67458,3697167,534,54173,2.7527341892534474,2026-10-08
scorecard:139959,I165733156,178028,12972324,917,173459,2.8362821870713453,2026-10-08
scorecard:139968,I281429137,194,3134,31,70,0.8181818181818182,2026-10-08
scorecard:140234,I59769168,272,4026,30,79,0.35714285714285715,2026-10-08
scorecard:140252,I51923648,255,6056,36,95,1.2450980392156863,2026-10-08
scorecard:140447,I150149174,10434,361115,198,7093,2.1066536203522506,2026-10-08
scorecard:140553,I85230861,1405,27857,71,508,1.0950704225352113,2026-10-08
scorecard:140696,I182192344,477,7927,41,138,0.9841269841269841,2026-10-08
scorecard:140720,I19989617,278,4014,33,89,1,2026-10-08
scorecard:140818,I127446714,159,2537,26,66,0.6666666666666666,2026-10-08
scorecard:140872,I25234659,100,785,13,16,0.3,2026-10-08
scorecard:140951,I175327997,635,3422,26,56,0.19911504424778761,2026-10-08
scorecard:140988,I178846432,127,1396,22,39,0.14285714285714285,2026-10-08
scorecard:141060,I118458328,1819,34543,87,717,1.4918330308529946,2026-10-08
scorecard:141167,I88874673,90,7746,10,10,0.07142857142857142,2026-10-08
scorecard:141185,I1641709,70,143,5,3,0.1111111111111111,2026-10-08
scorecard:141237,I270045270,98,1308,15,23,0.7916666666666666,2026-10-08
scorecard:141264,I102716817,3758,76173,110,1613,1.4716312056737588,2026-10-08
scorecard:141325,I120957002,263,3346,27,84,1.4444444444444444,2026-10-08
scorecard:141334,I5950314,4597,82626,109,1602,1.361069836552749,2026-10-08
scorecard:141361,I44109979,237,5587,26,58,5.404761904761905,2026-10-08
scorecard:141486,I41867846,532,14780,61,287,2.392857142857143,2026-10-08
scorecard:141565,I35722693,6654,340411,221,5206,1.9464958553127354,2026-10-08
scorecard:141574,I117965899,116585,9043847,823,111326,2.68524736192956,2026-10-08
scorecard:141644,I149581226,1700,53679,99,867,2.745387453874539,2026-10-08
scorecard:141981,I25390106,490,8645,48,155,0.7450980392156863,2026-10-08
scorecard:142090,I4210159494,22,432,9,7,23,2026-10-08
scorecard:142115,I120156002,24906,879178,294,12528,1.5640745717164932,2026-10-08
scorecard:142285,I155093810,49015,2239838,442,33984,2.00212749192341,2026-10-08
scorecard:142294,I94481902,608,13923,54,251,0.8385650224215246,2026-10-08
scorecard:142328,I157609188,501,11759,51,253,1.5153846153846153,2026-10-08
scorecard:142461,I83578353,399,6704,39,175,0.9767441860465116,2026-10-08
scorecard:142957,I4405259499,40,66,5,3,0,2026-10-08
scorecard:143048,I194629146,1435,22117,71,330,1.5257142857142858,2026-10-08
scorecard:143084,I7956340,1943,32943,82,580,0.7135135135135136,2026-10-08
scorecard:143118,I70936203,520,10500,53,208,0.6434108527131783,2026-10-08
scorecard:143288,I883665419,103,1402,14,25,2,2026-10-08
scorecard:143358,I24648388,5278,163882,171,2536,1.9511904761904761,2026-10-08
scorecard:144005,I74234424,2621,108313,139,1706,3.3761840324763193,2026-10-08
scorecard:144050,I40347166,324034,39609498,1782,347120,4.9886391198470985,2026-10-08
scorecard:144281,I45338645,980,6501,38,156,0.676056338028169,2026-10-08
scorecard:144351,I19406000,554,6713,40,137,2.315151515151515,2026-10-08
scorecard:144740,I118353179,23535,752391,295,11780,1.8000649139889646,2026-10-08
scorecard:144892,I153871386,13317,151499,149,2856,2.393548387096774,2026-10-08
scorecard:144962,I50928471,1160,29020,70,415,0.8726415094339622,2026-10-08
scorecard:144971,I167672050,133,1537,20,38,0.4,2026-10-08
scorecard:145336,I2293663,3352,35763,79,724,0.6209150326797386,2026-10-08
scorecard:145372,I179430373,121,1893,19,37,0.045454545454545456,2026-10-08
scorecard:145497,I2801882087,18,114,6,5,0,2026-10-08
scorecard:145600,I39422238,193636,16754383,922,226145,3.6238829851467216,2026-10-08
scorecard:145619,I114660634,1317,30457,82,468,6.7050691244239635,2026-10-08
scorecard:145637,I157725225,375998,34649831,1449,400222,3.5892201239194153,2026-10-08
scorecard:145646,I184616310,10125,64692,111,1072,0.5053191489361702,2026-10-08
scorecard:145691,I16820183,785,9534,47,208,0.8120805369127517,2026-10-08
scorecard:145725,I180949307,38180,1817469,408,28540,3.6082040875489203,2026-10-08
scorecard:145813,I47301684,26275,797337,279,13845,1.5357290375877737,2026-10-08
scorecard:146339,I320693043,223,1460,18,35,1.4273504273504274,2026-10-08
scorecard:146427,I42387498,1719,59498,105,873,1.2575757575757576,2026-10-08
scorecard:146481,I162514690,2102,55163,113,869,1.2067796610169492,2026-10-08
scorecard:146612,I134118262,1203,14365,52,323,1.2756052141527001,2026-10-08
scorecard:146719,I1925986,53270,3221933,579,40582,2.337540716612378,2026-10-08
scorecard:147013,I16496490,1055,7889,42,140,1.3863636363636365,2026-10-08
scorecard:147244,I146644014,783,20702,75,373,1.7872340425531914,2026-10-08
scorecard:147341,I157471465,735,11412,49,213,0.48148148148148145,2026-10-08
scorecard:147369,I335788046,133,256,10,10,0,2026-10-08
scorecard:147536,I194163208,1290,17315,64,371,0.5192743764172335,2026-10-08
scorecard:147660,I45536552,1164,20713,60,320,2.4467353951890036,2026-10-08
scorecard:147679,I153535764,556,7146,44,139,1.3076923076923077,2026-10-08
scorecard:147703,I102502594,35994,2723647,444,39698,4.6059398424898,2026-10-08
scorecard:147767,I111979921,342574,41508279,1597,418165,4.629938875491043,2026-10-08
scorecard:147776,I27639287,3422,79323,120,1469,1.6799276672694394,2026-10-08
scorecard:147828,I112494859,762,5336,34,130,1.105263157894737,2026-10-08
scorecard:148131,I98070013,171,1573,21,38,5.8545454545454545,2026-10-08
scorecard:148405,I192972912,352,4648,35,111,3.7,2026-10-08
scorecard:148487,I102101047,3208,101430,121,1534,1.761038961038961,2026-10-08
scorecard:148496,I189917405,1333,23137,66,432,0.8733624454148472,2026-10-08
scorecard:148584,I895289948,421,4854,37,94,0.7523809523809524,2026-10-08
scorecard:148627,I198985290,1598,55633,108,888,6.366666666666666,2026-10-08
scorecard:148654,I79884896,3312,67212,113,1181,1.571859296482412,2026-10-08
scorecard:149222,I110378019,41368,1805572,395,29324,2.4648541114058355,2026-10-08
scorecard:149231,I87547150,11053,265136,173,5260,1.7664952870608397,2026-10-08
scorecard:149505,I112164570,254,3247,25,60,0.4857142857142857,2026-10-08
scorecard:149514,I19250435,285,1951,21,43,0,2026-10-08
scorecard:149639,I2800167068,8,507,7,6,0,2026-10-08
scorecard:149772,I117942362,7369,212751,157,3099,2.7770130763936685,2026-10-08
scorecard:149781,I73236664,100941,72376,112,1281,0.01230092559027526,2026-10-08
scorecard:150066,I291402441,218,4721,36,79,0.5952380952380952,2026-10-08
scorecard:150136,I198089087,17610,666812,277,11299,4.59273127753304,2026-10-08
scorecard:150145,I4210099341,715,9220,46,235,2.6794871794871793,2026-10-08
scorecard:150163,I110678235,6171,105288,123,2064,1.547085201793722,2026-10-08
scorecard:150400,I12113309,4378,64233,111,974,1.0134874759152215,2026-10-08
scorecard:150455,I130712669,1396,35290,96,611,1.6339285714285714,2026-10-08
scorecard:150534,I155997454,1834,58148,117,815,0.8917748917748918,2026-10-08
scorecard:150604,I904372625,313,3311,31,81,2.422680412371134,2026-10-08
scorecard:150668,I110181903,549,9304,44,154,1.5686274509803921,2026-10-08
scorecard:150677,I227488099,88,3217,15,23,0.5806451612903226,2026-10-08
scorecard:150756,I52768194,965,15856,51,337,0.8455284552845529,2026-10-08
scorecard:150774,I4210161134,461,7911,38,77,0.3735632183908046,2026-10-08
scorecard:150941,I187840722,426,2668,23,68,0.4935064935064935,2026-10-08
scorecard:151102,I162817326,5466,119462,141,2274,1.173913043478261,2026-10-08
scorecard:151111,I4388446366,70495,7124177,718,90088,4.087437185929648,2026-10-08
scorecard:151263,I135191193,2678,68037,113,1245,0.9872122762148338,2026-10-08
scorecard:151290,I102323517,387,3000,30,79,2.5789473684210527,2026-10-08
scorecard:151324,I86420138,9343,298310,198,4588,5.174019607843137,2026-10-08
scorecard:151333,I4210136381,1121,27390,69,438,1.4646464646464648,2026-10-08
scorecard:151342,I4210134870,3825,139641,158,2208,3.1378600823045266,2026-10-08
scorecard:151351,I4210119109,118091,11549528,909,129013,3.6207411622448253,2026-10-08
scorecard:151360,I4210093298,2278,95401,138,1157,1.9166666666666667,2026-10-08
scorecard:151379,I4210117780,1641,35212,95,617,1.0471698113207548,2026-10-08
scorecard:151388,I4210135278,755,8342,50,172,0.7202072538860104,2026-10-08
scorecard:151777,I87253917,828,22899,66,390,7.595041322314049,2026-10-08
scorecard:151786,I917324061,1341,12481,48,297,1.3659359190556493,2026-10-08
scorecard:151801,I138535782,1032,11185,42,298,2.788968824940048,2026-10-08
scorecard:152080,I107639228,105443,8621859,766,111808,3.4501623782163375,2026-10-08
scorecard:152099,I2799491937,35,174,6,5,2.5,2026-10-08
scorecard:152318,I192578771,4968,72463,107,1237,1.2326350606394707,2026-10-08
scorecard:152336,I4210107178,189,2601,25,57,2.125,2026-10-08
scorecard:152381,I197455778,161,1862,21,43,0.7241379310344828,2026-10-08
scorecard:152390,I884745506,1406,26640,77,511,1.3524229074889869,2026-10-08
scorecard:152530,I96408529,799,10229,47,239,0.8944099378881988,2026-10-08
scorecard:152567,I165075387,1694,15481,48,465,4.428089887640449,2026-10-08
scorecard:152600,I149744451,7479,242557,212,3007,2.4126620900076277,2026-10-08
scorecard:152673,I24511612,1851,40069,94,661,0.8453237410071942,2026-10-08
scorecard:153001,I13811531,271,3538,34,76,1.5,2026-10-08
scorecard:153108,I72357078,448,5440,38,140,1.2933333333333332,2026-10-08
scorecard:153126,I128677303,193,4828,36,101,0.6666666666666666,2026-10-08
scorecard:153144,I153317226,1063,31139,65,469,1.8727272727272728,2026-10-08
scorecard:153162,I145220665,925,19198,67,407,3.981818181818182,2026-10-08
scorecard:153250,I153204768,4592,14852,59,284,0.6377952755905512,2026-10-08
scorecard:153269,I87213936,5518,136039,138,2472,1.1381011097410605,2026-10-08
scorecard:153278,I143860126,451,4863,38,108,2.3492063492063493,2026-10-08
scorecard:153320,I4210122889,34,35,3,1,0,2026-10-08
scorecard:153366,I113979818,342,8704,36,71,1.63013698630137,2026-10-08
scorecard:153375,I131729084,319,2551,27,77,1.4074074074074074,2026-10-08
scorecard:153384,I173288447,4192,89681,121,1655,1.4354561101549053,2026-10-08
scorecard:153603,I173911158,202152,13210632,836,184705,3.397597580461082,2026-10-08
scorecard:153658,I126307644,210469,21570491,1087,256986,2.829096353598054,2026-10-08
scorecard:153825,I106597867,569,7852,40,166,1.8837209302325582,2026-10-08
scorecard:153834,I240992025,1828,47899,97,867,3.082474226804124,2026-10-08
scorecard:153861,I184842277,1760,27111,90,428,1.4751619870410366,2026-10-08
scorecard:153977,I2800044913,55,240,9,9,0,2026-10-08
scorecard:154004,I879122259,331,6215,29,79,0,2026-10-08
scorecard:154013,I198796369,328,6657,43,136,1.4210526315789473,2026-10-08
scorecard:154095,I119234918,12167,275119,198,4493,1.0537691091196626,2026-10-08
scorecard:154101,I71431329,408,2155,25,56,1.0193798449612403,2026-10-08
scorecard:154235,I41341903,950,24440,76,405,1.244186046511628,2026-10-08
scorecard:154350,I179114263,328,3750,30,75,1.8888888888888888,2026-10-08
scorecard:154493,I60922557,255,4115,31,70,1.03125,2026-10-08
scorecard:154518,I94550122,77,1464,17,22,0.1111111111111111,2026-10-08
scorecard:154527,I34696387,492,8352,49,169,0.4383561643835616,2026-10-08
scorecard:154590,I2802460994,73,316,6,5,0.8,2026-10-08
scorecard:154688,I82462995,420,5671,36,118,1.7894736842105263,2026-10-08
scorecard:154712,I108093660,406,8533,50,160,1.8253968253968254,2026-10-08
scorecard:154721,I4210143215,95,1024,10,12,2.2857142857142856,2026-10-08
scorecard:154749,I159084141,197,3238,25,62,1.1111111111111112,2026-10-08
scorecard:154855,I3133271633,1,15,1,1,0,2026-10-08
scorecard:155025,I93131583,3120,60400,96,1251,2.378504672897196,2026-10-08
scorecard:155061,I91083438,5054,41377,88,966,0.5189504373177842,2026-10-08
scorecard:155070,I2801697163,6,113,3,3,0,2026-10-08
scorecard:155089,I125225536,214,1455,22,47,0.08333333333333333,2026-10-08
scorecard:155317,I146416000,121684,8274945,710,118355,2.924000793133728,2026-10-08
scorecard:155335,I112679378,438,3899,33,62,0.22580645161290322,2026-10-08
scorecard:155399,I189590672,90098,6315464,636,95180,2.962318106131905,2026-10-08
scorecard:155414,I49193961,222,1210,19,30,0.3333333333333333,2026-10-08
scorecard:155496,I2800877021,18,10,1,0,0,2026-10-08
scorecard:155511,I125945398,145,4065,26,53,3.52,2026-10-08
scorecard:155520,I80244352,115,1161,17,32,4.266666666666667,2026-10-08
scorecard:155627,I9374425,2171,26148,76,491,5.401694915254238,2026-10-08
scorecard:155681,I4780363,2948,97355,139,1624,4.406133133881825,2026-10-08
scorecard:155812,I290929228,142,1529,19,37,0.8636363636363636,2026-10-08
scorecard:155900,I247672516,120,801,18,25,0.14285714285714285,2026-10-08
scorecard:155937,I876450715,95,1160,20,24,1,2026-10-08
scorecard:155973,I36841088,128,1379,22,27,0.25,2026-10-08
scorecard:156125,I39587148,16094,626475,250,10721,2.90271772699197,2026-10-08
scorecard:156189,I746868,39,319,12,13,3.4,2026-10-08
scorecard:156213,I236658880,456,3361,27,85,0.48672566371681414,2026-10-08
scorecard:156286,I872719,1690,32445,83,681,1.9417177914110428,2026-10-08
scorecard:156295,I99568074,1133,33763,68,316,0.8300970873786407,2026-10-08
scorecard:156356,I30667456,119,5367,29,57,2.8,2026-10-08
scorecard:156365,I53368042,617,4764,30,106,3.762135922330097,2026-10-08
scorecard:156408,I12162268,1181,24407,63,505,2.7569060773480665,2026-10-08
scorecard:156541,I276309446,3449,38617,81,922,4.055176336746302,2026-10-08
scorecard:156620,I110325482,5575,114849,128,2201,1.6859623733719247,2026-10-08
scorecard:156745,I918155757,445,6362,39,114,1.121212121212121,2026-10-08
scorecard:157030,I2799292027,2,17,2,1,0,2026-10-08
scorecard:157058,I88447708,1735,61133,90,1331,2.8824476650563606,2026-10-08
scorecard:157076,I115020477,142,1980,20,42,0.8571428571428571,2026-10-08
scorecard:157085,I143302722,174494,12184909,831,170674,1.8236103304440434,2026-10-08
scorecard:157100,I331828249,60,329,13,15,0,2026-10-08
scorecard:157289,I142740786,89416,6612081,679,91863,3.0194828196953596,2026-10-08
scorecard:157377,I155201520,117,1668,17,27,0.34210526315789475,2026-10-08
scorecard:157386,I44206873,3394,50652,99,996,1.0857142857142856,2026-10-08
scorecard:157401,I127362389,6201,130421,140,2492,0.6315277327278624,2026-10-08
scorecard:157447,I168416876,5361,148831,149,2405,1.3599640933572712,2026-10-08
scorecard:157748,I4400600937,750,1110,14,25,0.26153846153846155,2026-10-08
scorecard:157757,I205353530,627,14977,61,313,2.2205882352941178,2026-10-08
scorecard:157809,I203257799,357,5326,36,112,1,2026-10-08
scorecard:157818,I78641905,672,12309,54,262,1.3636363636363635,2026-10-08
scorecard:157863,I4210156991,95,544,12,16,1.8,2026-10-08
scorecard:157951,I94339441,17716,357532,214,6109,2.294553376906318,2026-10-08
scorecard:158477,I95574288,562,14733,64,224,0.5098039215686274,2026-10-08
scorecard:158802,I64880365,564,6998,37,202,1.145631067961165,2026-10-08
scorecard:159009,I152158401,1078,14290,54,331,1.9155672823218997,2026-10-08
scorecard:159382,I13115107,467,4380,34,99,1.9870967741935484,2026-10-08
scorecard:159391,I121820613,170515,10841185,856,147863,3.6988153569434967,2026-10-08
scorecard:159416,I26489229,5984,332799,222,5180,3.1183618361836185,2026-10-08
scorecard:159568,I51162254,166,2669,27,49,1.108695652173913,2026-10-08
scorecard:159647,I919208787,10245,847072,308,11457,4.3522300958732805,2026-10-08
scorecard:159656,I173012211,7536,90681,127,1505,1.886046511627907,2026-10-08
scorecard:159717,I172951950,1767,48814,92,977,1.242320819112628,2026-10-08
scorecard:159939,I192396691,17403,1014360,360,13338,2.1475225225225225,2026-10-08
scorecard:159966,I47209331,1502,47357,100,845,3.0854700854700856,2026-10-08
scorecard:159993,I71730758,4613,168252,149,3407,2.7431906614785992,2026-10-08
scorecard:160038,I157717896,1306,18543,65,347,0.41208791208791207,2026-10-08
scorecard:160065,I162591629,101,1255,19,31,1.2916666666666667,2026-10-08
scorecard:160074,I78329291,136,2776,20,34,1.8484848484848484,2026-10-08
scorecard:160612,I197173980,4579,144961,149,2398,1.6202702702702703,2026-10-08
scorecard:160621,I145610796,3188,704199,316,7213,4.725761772853185,2026-10-08
scorecard:160630,I150438462,404,8663,50,190,0.5609756097560976,2026-10-08
scorecard:160658,I79516672,15906,494802,225,9665,2.5945652173913043,2026-10-08
scorecard:160755,I114832834,88171,8138176,738,93493,3.3808821817899677,2026-10-08
scorecard:160904,I169251466,2985,127263,140,2379,1.3906056860321385,2026-10-08
scorecard:160959,I142509341,493,35349,91,346,3.3394495412844036,2026-10-08
scorecard:160977,I37415318,4199,181214,163,2062,1.2082695252679938,2026-10-08
scorecard:161004,I135474949,6465,192058,179,3137,1.7454379562043796,2026-10-08
scorecard:161086,I27504731,6693,176704,181,2497,4.3662737987307345,2026-10-08
scorecard:161226,I198006653,741,20504,75,308,0.9,2026-10-08
scorecard:161235,I215168068,125,2040,21,36,1.3333333333333333,2026-10-08
scorecard:161253,I7947594,33071,1899674,411,27196,2.4967536300318733,2026-10-08
scorecard:161299,I29181729,294,4128,38,95,0.75,2026-10-08
scorecard:161341,I160136153,542,9542,46,201,2.435483870967742,2026-10-08
scorecard:161457,I275799156,11841,267800,186,4739,1.0664877757901015,2026-10-08
scorecard:161509,I2800854703,39,208,8,6,0.2857142857142857,2026-10-08
scorecard:161518,I4210114089,269,7191,41,100,0.8333333333333334,2026-10-08
scorecard:161554,I73443619,4977,162746,163,2740,1.4967602591792657,2026-10-08
scorecard:161563,I3283852,60,164,8,5,0.05555555555555555,2026-10-08
scorecard:161873,I6059380,5566,112459,139,1704,1.4916344916344917,2026-10-08
scorecard:162007,I324100,1575,30077,86,512,3.010914051841746,2026-10-08
scorecard:162061,I98993165,1067,4368,28,115,1.1907810499359794,2026-10-08
scorecard:162210,I932371124,39,585,7,7,39.125,2026-10-08
scorecard:162283,I47500952,705,14077,52,328,2.6366782006920415,2026-10-08
scorecard:162584,I152830075,1546,33086,76,656,1.480565371024735,2026-10-08
scorecard:162654,I42321615,1717,41153,88,624,0.9644970414201184,2026-10-08
scorecard:162760,I87552059,1024,24291,69,454,1.8409090909090908,2026-10-08
scorecard:162928,I145311948,546745,83851464,2341,778329,4.507925903707541,2026-10-08
scorecard:163046,I165556055,5701,184884,177,2640,1.4993514915693904,2026-10-08
scorecard:163268,I79272384,39243,2258089,476,29974,2.8266679038693514,2026-10-08
scorecard:163286,I66946132,253200,24894260,1346,260801,3.896343692870201,2026-10-08
scorecard:163295,I148143595,387,12166,59,207,1.7962962962962963,2026-10-08
scorecard:163338,I22407884,3296,86460,115,1828,1.7835130970724191,2026-10-08
scorecard:163453,I83909951,9247,267550,209,3705,2.4023993493289955,2026-10-08
scorecard:163462,I68213504,891,11390,42,211,0.9601593625498008,2026-10-08
scorecard:163578,I15881279,1129,18067,69,266,3.7079889807162534,2026-10-08
scorecard:163851,I9364636,4034,86084,111,1534,1.3559602649006623,2026-10-08
scorecard:163912,I78874557,1855,45684,94,751,1.293548387096774,2026-10-08
scorecard:164076,I4322298,13675,347395,196,6395,1.7696182396606575,2026-10-08
scorecard:164173,I122571602,426,7689,45,139,0.2962962962962963,2026-10-08
scorecard:164216,I24796534,1212,19293,61,391,3.369747899159664,2026-10-08
scorecard:164270,I145561451,1365,47657,104,781,2.39375,2026-10-08
scorecard:164368,I4210106913,717,8846,47,162,6.2301255230125525,2026-10-08
scorecard:164447,I110160838,341,4489,33,96,0.8709677419354839,2026-10-08
scorecard:164465,I177605424,9237,360536,222,5242,1.6915077989601386,2026-10-08
scorecard:164492,I88569485,157,1010,16,26,1.5833333333333333,2026-10-08
scorecard:164562,I145210474,1036,25129,78,394,0.5194805194805194,2026-10-08
scorecard:164580,I96062909,4515,251262,238,1985,5.423529411764706,2026-10-08
scorecard:164614,I4210144659,0,0,0,0,0,2026-10-08
scorecard:164632,I188836409,207,5242,36,71,1.5396825396825398,2026-10-08
scorecard:164739,I139924743,6938,250511,227,3376,2.4059161873459325,2026-10-08
scorecard:164748,I193106197,405,5779,34,77,2.108108108108108,2026-10-08
scorecard:164924,I103531236,50636,3864121,606,33052,3.7859064012910166,2026-10-08
scorecard:164988,I111088046,234548,28809583,1470,278246,3.827531493412828,2026-10-08
scorecard:165015,I6902469,37251,5721907,663,60162,4.550504201680672,2026-10-08
scorecard:165024,I17856709,3242,45798,93,881,2.1480804387568555,2026-10-08
scorecard:165334,I130785548,13465,858329,355,9101,2.6496507254164428,2026-10-08
scorecard:165529,I47939930,473,7045,45,160,1.3739837398373984,2026-10-08
scorecard:165574,I2800922704,78,234,9,9,0.35,2026-10-08
scorecard:165662,I87650153,2015,50287,97,714,1.754646840148699,2026-10-08
scorecard:165671,I193478522,1252,27143,72,565,1.6705882352941177,2026-10-08
scorecard:165699,I170384812,986,24433,70,421,1.2673684210526315,2026-10-08
scorecard:165802,I2799283415,137,10791,30,45,0.43636363636363634,2026-10-08
scorecard:165820,I5429594,1097,15354,61,326,2.643478260869565,2026-10-08
scorecard:165866,I47834966,1256,23161,68,390,2.2721518987341773,2026-10-08
scorecard:165936,I305130695,938,15464,63,271,0.6913946587537092,2026-10-08
scorecard:166018,I47631775,1717,73611,119,926,1.763157894736842,2026-10-08
scorecard:166027,I136199984,1114333,196857948,3287,1432067,5.393509082206157,2026-10-08
scorecard:166054,I149624374,137,1127,16,21,0.16,2026-10-08
scorecard:166124,I107139065,5753,141457,156,2102,2.6537982565379825,2026-10-08
scorecard:166391,I191496414,265,4764,31,100,1.36,2026-10-08
scorecard:166452,I60997889,1194,18131,61,380,1.8691588785046729,2026-10-08
scorecard:166513,I133738476,26776,1268699,345,20600,3.116841167297839,2026-10-08
scorecard:166629,I24603500,139103,11766497,923,133928,3.8804481105785307,2026-10-08
scorecard:166638,I33434090,28587,1288877,372,17226,2.98858610358111,2026-10-08
scorecard:166656,I165817395,4384,152416,158,2906,3.0066765578635013,2026-10-08
scorecard:166674,I55200170,277,5316,38,73,0.07692307692307693,2026-10-08
scorecard:166683,I63966007,437412,82202956,2603,565523,7.02816692204259,2026-10-08
scorecard:166692,I21294169,231,1932,22,44,1.0816326530612246,2026-10-08
scorecard:166850,I4058158,2282,46271,94,917,2.2503556187766716,2026-10-08
scorecard:166939,I150693791,6513,234262,191,3492,7.903394255874674,2026-10-08
scorecard:167057,I90488548,119,2167,16,25,0.6666666666666666,2026-10-08
scorecard:167260,I25035005,296,5346,33,81,3.2285714285714286,2026-10-08
scorecard:167288,I26321052,563,11974,53,222,1.02,2026-10-08
scorecard:167358,I12912129,112541,7227195,709,96517,3.207723597819299,2026-10-08
scorecard:167394,I70428276,164,4243,38,136,0.6875,2026-10-08
scorecard:167598,I110764420,748,11168,47,238,1.511111111111111,2026-10-08
scorecard:167729,I44948468,2261,40059,96,733,1.0763888888888888,2026-10-08
scorecard:167783,I179245896,4762,244083,213,2488,1.458477508650519,2026-10-08
scorecard:167835,I202524275,12296,379598,226,5350,2.0591780821917807,2026-10-08
scorecard:167899,I888934510,2050,61276,110,1131,2.198135198135198,2026-10-08
scorecard:167987,I100633361,12588,468105,231,7777,4.26619611797328,2026-10-08
scorecard:167996,I80335173,1630,37856,74,567,1.1785714285714286,2026-10-08
scorecard:168005,I24306055,5780,169123,182,2483,2.126546146527117,2026-10-08
scorecard:168148,I121934306,125292,14750887,1050,142387,3.2534538485741256,2026-10-08
scorecard:168218,I189731429,11073,446969,260,5865,2.8272162619988706,2026-10-08
scorecard:168227,I198034347,1647,17761,59,299,0.6123809523809524,2026-10-08
scorecard:168254,I19833938,4089,84487,127,1497,6.628706998813761,2026-10-08
scorecard:168263,I46506128,1106,19846,70,366,1.0782608695652174,2026-10-08
scorecard:168281,I53618229,1644,34515,81,610,2.7451923076923075,2026-10-08
scorecard:168342,I22675022,11032,545229,258,5060,1.8843115124153498,2026-10-08
scorecard:168421,I107077323,24997,1287939,363,19306,2.7021899668958493,2026-10-08
scorecard:168430,I28033587,2117,30265,86,488,2.338636363636364,2026-10-08
scorecard:168528,I147193464,554,10899,46,163,3.2857142857142856,2026-10-08
scorecard:168546,I45644089,1633,53309,104,789,0.8984375,2026-10-08
scorecard:168591,I186589156,1429,21311,60,468,1.2427745664739884,2026-10-08
scorecard:168740,I102298084,9070,220590,157,2685,0.7608015028177834,2026-10-08
scorecard:168786,I98905627,386,3856,27,83,0.3783783783783784,2026-10-08
scorecard:168847,I115863807,164,1840,24,39,0.6666666666666666,2026-10-08
scorecard:169080,I163795733,3833,235039,137,2025,1.8415841584158417,2026-10-08
scorecard:169248,I1629065,20403,654580,261,11538,1.9349933155080214,2026-10-08
scorecard:169327,I3124874057,11,21,3,1,0,2026-10-08
scorecard:169363,I2799769992,143,4419,30,62,2.6315789473684212,2026-10-08
scorecard:169442,I257228721,44,190,5,3,0.25,2026-10-08
scorecard:169479,I38766271,165,3900,34,102,0.175,2026-10-08
scorecard:169716,I71792333,5724,131245,124,2856,1.2795600366636113,2026-10-08
scorecard:169798,I138216421,10403,283523,193,4920,1.6655808903365907,2026-10-08
scorecard:169910,I191149221,2009,45133,92,919,1.2461873638344227,2026-10-08
scorecard:169983,I39965400,2939,63494,107,1222,1.4718446601941748,2026-10-08
scorecard:170000,I3132909779,10,15,2,0,3,2026-10-08
scorecard:170037,I13227775,214,1128,16,25,0.13725490196078433,2026-10-08
scorecard:170082,I8606887,12427,323425,201,4917,1.619914346895075,2026-10-08
scorecard:170286,I39913132,1012,124470,106,375,11.435406698564593,2026-10-08
scorecard:170301,I145402516,5276,211957,158,3038,1.0499265785609397,2026-10-08
scorecard:170532,I48664048,1591,67417,90,741,1.8100558659217878,2026-10-08
scorecard:170675,I2276074,2337,42674,83,710,1.6405152224824355,2026-10-08
scorecard:170806,I151654608,658,8959,46,216,0.555045871559633,2026-10-08
scorecard:170967,I2802375135,39,361,13,15,0,2026-10-08
scorecard:170976,I27837315,1029125,75839383,2259,742313,4.136153811066004,2026-10-08
scorecard:171100,I87216513,350243,21324516,1095,271026,1.3582482765148527,2026-10-08
scorecard:171128,I11957088,34374,1709446,384,27150,2.76374859708193,2026-10-08
scorecard:171137,I4210130704,10860,376510,225,6619,2.816221142162819,2026-10-08
scorecard:171146,I4210092198,4303,102458,119,2032,1.9930822444273635,2026-10-08
scorecard:171456,I177331275,3675,79542,101,1254,1.6455194290245836,2026-10-08
scorecard:171492,I70142805,153,2674,18,24,1.8125,2026-10-08
scorecard:171571,I177721651,30152,1178681,361,19311,2.0913248535086466,2026-10-08
scorecard:171599,I161310363,178,958,16,25,1.0666666666666667,2026-10-08
scorecard:171881,I2801022810,22,87,4,2,0,2026-10-08
scorecard:172051,I27920566,2160,57280,88,780,1.1125,2026-10-08
scorecard:172264,I36699412,154,1524,23,49,0.25,2026-10-08
scorecard:172334,I164141967,348,4109,26,116,0.42105263157894735,2026-10-08
scorecard:172644,I185443292,136972,12458117,870,169062,2.9111763841973857,2026-10-08
scorecard:172699,I141649380,38128,991275,281,17193,2.277101532292711,2026-10-08
scorecard:173045,I119916105,2081,53244,104,967,1.2087912087912087,2026-10-08
scorecard:173124,I50898853,1011,13409,56,266,0.8333333333333334,2026-10-08
scorecard:173142,I2801447382,46,436,13,14,1.4166666666666667,2026-10-08
scorecard:173160,I895819238,1682,36045,76,646,2.2305475504322767,2026-10-08
scorecard:173258,I188497080,5784,553870,256,3172,3.9170692431561998,2026-10-08
scorecard:173300,I114526571,1027,25608,65,458,1.0666666666666667,2026-10-08
scorecard:173328,I161856759,409,21200,52,132,0.9090909090909091,2026-10-08
scorecard:173452,I2802904733,21,571,7,7,0,2026-10-08
scorecard:173647,I13913294,1944,44632,94,817,2.2904761904761903,2026-10-08
scorecard:173665,I911846574,3925,37226,87,745,2.406779661016949,2026-10-08
scorecard:173902,I5444425,5960,170664,159,2432,1.4130675526024363,2026-10-08
scorecard:173920,I152014189,6931,124507,133,2212,0.9664233576642336,2026-10-08
scorecard:174020,I99069390,1672,28453,69,567,1.9365853658536585,2026-10-08
scorecard:174066,I130238516,437772,45572303,1578,517584,2.8077379864790792,2026-10-08
scorecard:174075,I4210159608,994,12998,57,302,1.5809523809523809,2026-10-08
scorecard:174127,I51342185,124,1464,16,20,1.608695652173913,2026-10-08
scorecard:174233,I4210115145,16051,906716,339,12639,1.9651307596513077,2026-10-08
scorecard:174251,I4210162301,2531,55130,95,1213,0.9164265129682997,2026-10-08
scorecard:174358,I166613482,2244,78206,97,891,0.9216666666666666,2026-10-08
scorecard:174437,I327981158,104,980,16,23,0.25,2026-10-08
scorecard:174491,I4210103234,272,1695,20,31,0.22388059701492538,2026-10-08
scorecard:174747,I84360360,1595,26457,74,470,0.8755555555555555,2026-10-08
scorecard:174783,I173963315,5133,144752,140,2291,3.6970387243735763,2026-10-08
scorecard:174817,I4210147856,646,14428,56,252,4.731182795698925,2026-10-08
scorecard:174844,I24861097,3699,84051,114,1433,2.5220883534136544,2026-10-08
scorecard:174862,I1340949323,107,1259,14,19,0.5483870967741935,2026-10-08
scorecard:174899,I181761882,743,11444,52,244,1.1216216216216217,2026-10-08
scorecard:174914,I161515732,5516,136819,149,2380,2.139963167587477,2026-10-08
scorecard:175005,I142767807,3136,57090,98,984,1.4108695652173913,2026-10-08
scorecard:175078,I65625852,487,19655,47,170,1.1204819277108433,2026-10-08
scorecard:175272,I5795714,2592,65516,105,1128,3.185344827586207,2026-10-08
scorecard:175342,I57298602,957,20822,65,441,1.7287128712871287,2026-10-08
scorecard:175421,I922829273,222,1266,19,29,0.14473684210526316,2026-10-08
scorecard:175430,I61388454,13,284,4,4,0,2026-10-08
scorecard:175616,I82917088,2116,13638,51,282,1.4042194092827005,2026-10-08
scorecard:175856,I61937129,7916,576835,263,8074,3.6328358208955223,2026-10-08
scorecard:175980,I170532803,965,24064,79,422,0.8666666666666667,2026-10-08
scorecard:176017,I368840534,65134,3252114,544,43503,1.7008196721311475,2026-10-08
scorecard:176035,I31807967,459,11138,47,121,0.5897435897435898,2026-10-08
scorecard:176044,I61652871,307,3248,27,83,1.125,2026-10-08
scorecard:176053,I52890796,2951,15870,59,358,0.9387755102040817,2026-10-08
scorecard:176080,I99041443,53294,2538535,455,44551,3.005481049562682,2026-10-08
scorecard:176318,I48162862,92,1685,20,38,0.1111111111111111,2026-10-08
scorecard:176372,I44854399,23067,985204,294,16240,3.166945957268538,2026-10-08
scorecard:176406,I115648763,460,21781,81,325,1.1851851851851851,2026-10-08
scorecard:176479,I161088229,839,10940,43,211,1.2829964328180736,2026-10-08
scorecard:176628,I177763036,338,4906,31,108,0.6086956521739131,2026-10-08
scorecard:176789,I4210151730,8,4,1,0,0,2026-10-08
scorecard:176947,I115765903,180,2561,32,62,0.36363636363636365,2026-10-08
scorecard:176965,I28324025,5271,57496,88,1229,1.2530232558139536,2026-10-08
scorecard:177038,I4210145017,158,6725,36,126,8.666666666666666,2026-10-08
scorecard:177083,I4210108102,36,4185,14,16,0,2026-10-08
scorecard:177117,I344409680,77,808,15,26,0.2,2026-10-08
scorecard:177144,I73094659,135,454,12,13,0.3125,2026-10-08
scorecard:177214,I95144958,2701,79271,114,1485,1.8309608540925266,2026-10-08
scorecard:177339,I77310417,363,2751,22,44,0.8425925925925926,2026-10-08
scorecard:177542,I104027095,26,120,5,4,0,2026-10-08
scorecard:177746,I22751591,65,839,10,11,1.25,2026-10-08
scorecard:177968,I98865867,1466,33455,72,512,3.207482993197279,2026-10-08
scorecard:177986,I102499492,485,22240,76,366,1.168141592920354,2026-10-08
scorecard:178059,I16989420,667,12444,45,263,1.7253886010362693,2026-10-08
scorecard:178208,I2801798759,101,138,6,5,0.4,2026-10-08
scorecard:178244,I347675474,94,1950,28,32,1.0384615384615385,2026-10-08
scorecard:178341,I103219246,683,8502,40,185,0.48947368421052634,2026-10-08
scorecard:178369,I169675959,86,1262,20,32,2.125,2026-10-08
scorecard:178396,I76835614,143601,9836354,792,142359,2.1406390423924893,2026-10-08
scorecard:178402,I75421653,41059,2513358,496,36439,5.7991763778147725,2026-10-08
scorecard:178411,I20382870,36940,1961521,393,34174,4.541426512968299,2026-10-08
scorecard:178420,I208333798,18079,952674,346,13708,2.9481818181818182,2026-10-08
scorecard:178615,I199639920,2653,77080,107,1248,1.0549132947976878,2026-10-08
scorecard:178624,I11123151,1682,34185,77,634,5.720823798627002,2026-10-08
scorecard:178679,I2800359012,10,3,1,0,0,2026-10-08
scorecard:178697,I135767803,175,40741,29,45,0.40625,2026-10-08
scorecard:179043,I114250311,856,17398,61,345,2.2094594594594597,2026-10-08
scorecard:179159,I47838141,63340,4273036,575,60577,1.9130364197196819,2026-10-08
scorecard:179265,I182380053,1823,66327,107,1336,5.675732217573222,2026-10-08
scorecard:179326,I80804394,198,3096,29,51,0.3048780487804878,2026-10-08
scorecard:179548,I3301702,315,2918,26,59,0.6842105263157895,2026-10-08
scorecard:179557,I161165907,3549,72975,109,1417,1.2840158520475562,2026-10-08
scorecard:179566,I119942284,10987,305999,197,5489,1.6231647634584012,2026-10-08
scorecard:179867,I204465549,296045,51116361,2005,397915,4.636047281476578,2026-10-08
scorecard:179894,I97098773,2241,76393,69,441,1.2788906009244991,2026-10-08
scorecard:179946,I5967587,275,4005,34,85,0.75,2026-10-08
scorecard:179955,I60106874,595,8628,45,201,4.322033898305085,2026-10-08
scorecard:179964,I870157751,81,3680,32,42,4,2026-10-08
scorecard:180106,I80565981,446,7862,42,190,2.578125,2026-10-08
scorecard:180258,I186692466,185,2793,20,42,2.9545454545454546,2026-10-08
scorecard:180416,I917168660,2270,56071,103,1079,1.8939157566302651,2026-10-08
scorecard:180461,I23732399,40374,3038532,554,38351,2.522403703380208,2026-10-08
scorecard:180489,I6750721,36821,1935887,491,21462,2.210872576177285,2026-10-08
scorecard:180595,I915295939,203,2660,26,61,1.2439024390243902,2026-10-08
scorecard:180692,I27802707,303,5635,33,93,0.47619047619047616,2026-10-08
scorecard:180832,I196883781,337,64446,62,185,1.5,2026-10-08
scorecard:180878,I4210162754,78,2668,29,43,4.545454545454546,2026-10-08
scorecard:180984,I4210143216,470,11782,56,213,0.8979591836734694,2026-10-08
scorecard:181002,I114493937,29408,2153586,468,27294,2.060559147618614,2026-10-08
scorecard:181020,I4210117873,417,13091,51,256,1.3833333333333333,2026-10-08
scorecard:181127,I74543514,407,14175,56,200,3.1142857142857143,2026-10-08
scorecard:181215,I36486460,4109,78777,108,1535,1.1022395326192795,2026-10-08
scorecard:181297,I2800637523,87,1447,22,34,1.25,2026-10-08
scorecard:181330,I2802927936,72,965,19,30,1.8181818181818181,2026-10-08
scorecard:181394,I122266389,18224,689725,280,10155,2.883905629525812,2026-10-08
scorecard:181446,I98924952,521,15189,61,226,1.2571428571428571,2026-10-08
scorecard:181464,I114395901,132494,8614368,812,120401,2.003098288250676,2026-10-08
scorecard:181604,I2802689130,202,3297,28,65,1.4587155963302751,2026-10-08
scorecard:181738,I4210101669,64,595,14,18,0.6666666666666666,2026-10-08
scorecard:181853,I4210112962,6934,339668,223,3870,1.8027272727272727,2026-10-08
scorecard:182281,I133999245,46523,1806205,392,30346,3.234455258177886,2026-10-08
scorecard:182290,I134113660,54743,3213070,520,47558,3.618930618930619,2026-10-08
scorecard:182634,I4124607,209,6016,36,91,2.204081632653061,2026-10-08
scorecard:182670,I107672454,95910,7480871,785,81981,2.0522124785807883,2026-10-08
scorecard:182795,I96289407,635,20011,70,323,0.7522935779816514,2026-10-08
scorecard:182980,I185649097,381,4983,31,88,2.3652694610778444,2026-10-08
scorecard:183026,I33308869,1383,10439,47,208,0.7489239598278336,2026-10-08
scorecard:183044,I161057412,53621,3181325,595,37024,2.357107065308168,2026-10-08
scorecard:183062,I150638750,2000,35292,75,685,2.0265486725663715,2026-10-08
scorecard:183071,I179093154,1049,18334,55,255,0.6105263157894737,2026-10-08
scorecard:183080,I89312276,1561,34893,92,580,1.1719745222929936,2026-10-08
scorecard:183211,I198062273,619,25004,61,219,1.5789473684210527,2026-10-08
scorecard:183239,I31649931,1223,17450,58,332,1.1946308724832215,2026-10-08
scorecard:183822,I78649154,290,4077,35,80,0.3333333333333333,2026-10-08
scorecard:183910,I55454047,426,11480,47,371,1.867816091954023,2026-10-08
scorecard:183974,I2801750073,89,1282,17,25,3,2026-10-08
scorecard:184348,I177880774,2727,55804,109,791,1.0510204081632653,2026-10-08
scorecard:184603,I32907511,6148,233080,177,2984,1.9268060836501901,2026-10-08
scorecard:184773,I170724917,557,9381,43,176,1.2045454545454546,2026-10-08
scorecard:184782,I44265643,14977,457343,217,8069,2.2116875372689324,2026-10-08
scorecard:185129,I89554219,1477,15835,56,380,1.5095541401273886,2026-10-08
scorecard:185262,I47449453,4427,84963,122,1511,3.2714528462192014,2026-10-08
scorecard:185572,I141450709,4018,90971,124,1480,1.514384349827388,2026-10-08
scorecard:185590,I166088655,13373,626988,278,6893,3.6049352553139506,2026-10-08
scorecard:185828,I118118575,32261,1377104,331,23968,3.4916229309648767,2026-10-08
scorecard:186131,I20089843,228397,27814376,1574,226956,6.5159746585374165,2026-10-08
scorecard:186186,I2799489306,1,30,1,1,0,2026-10-08
scorecard:186201,I171851574,2034,29285,70,598,1.6164874551971327,2026-10-08
scorecard:186283,I186776151,3603,102672,137,1714,1.659375,2026-10-08
scorecard:186432,I201646274,1199,17801,64,351,0.7489361702127659,2026-10-08
scorecard:186584,I12524447,11490,246215,167,5110,1.6414209115281502,2026-10-08
scorecard:186618,I155538133,263,2580,29,56,2.2888888888888888,2026-10-08
scorecard:186867,I108468826,24339,992102,318,16324,2.986674528301887,2026-10-08
scorecard:186876,I24010308,5206,85714,116,1843,1.3074324324324325,2026-10-08
scorecard:187134,I64281891,6760,228719,186,3423,2.149568552253116,2026-10-08
scorecard:187444,I127328727,4778,140342,150,2377,1.5427215189873418,2026-10-08
scorecard:187648,I163113649,1860,36735,91,673,1.5783521809369951,2026-10-08
scorecard:187745,I63525992,53,572,12,12,13.142857142857142,2026-10-08
scorecard:187967,I207123951,12538,597465,269,9188,2.295143937191044,2026-10-08
scorecard:187985,I169521973,125118,9227164,838,114657,3.3597530688994537,2026-10-08
scorecard:188030,I10052268,41463,2424319,509,32555,3.2108262108262107,2026-10-08
scorecard:188429,I71965598,8320,223964,164,4659,1.8364174685418209,2026-10-08
scorecard:188526,I365282,2996,180033,147,3279,2.36875,2026-10-08
scorecard:188641,I49502546,3876,145546,149,2772,2.126654064272212,2026-10-08
scorecard:189088,I39661318,4285,117483,135,1392,4.4415156507413505,2026-10-08
scorecard:189097,I98540497,8171,297763,219,4168,2.3861055444221777,2026-10-08
scorecard:189705,I80134939,2655,84995,113,1598,1.2881355932203389,2026-10-08
scorecard:190044,I16944753,18805,1087628,333,17145,4.280944156591825,2026-10-08
scorecard:190099,I39660569,8697,278664,191,4050,1.6142454160789845,2026-10-08
scorecard:190114,I92609107,176,1590,14,24,0.6842105263157895,2026-10-08
scorecard:190150,I78577930,451502,57642945,1839,521878,4.942145728192544,2026-10-08
scorecard:190372,I8031829,1310,54509,93,582,1.6851851851851851,2026-10-08
scorecard:190415,I205783295,386177,45672535,1661,451283,4.461910051135887,2026-10-08
scorecard:190512,I141810926,12365,528850,275,5526,2.3234828496042215,2026-10-08
scorecard:190549,I83041322,16691,555640,251,9174,2.023713128976287,2026-10-08
scorecard:190558,I142393192,7183,289828,185,5001,2.940693430656934,2026-10-08
scorecard:190567,I125687163,34054,2033956,439,26345,3.7675164913531822,2026-10-08
scorecard:190576,I121847817,32501,1351257,359,19846,3.2653337851575737,2026-10-08
scorecard:190594,I39694355,24129,1117644,339,16453,2.4533811475409837,2026-10-08
scorecard:190600,I92507152,8496,249819,192,4237,1.8639240506329113,2026-10-08
scorecard:190637,I161301626,8107,287465,215,4634,3.0251842751842752,2026-10-08
scorecard:190646,I32170380,959,17862,57,418,3.5082872928176796,2026-10-08
scorecard:190655,I76513827,3361,54932,94,1060,1.4341637010676156,2026-10-08
scorecard:190664,I111455621,19418,767761,279,11752,2.088643986583613,2026-10-08
scorecard:190691,I150397245,1840,48609,98,812,4.539641943734015,2026-10-08
scorecard:190716,I28252208,1314,27832,71,479,5.179245283018868,2026-10-08
scorecard:190725,I137296409,707,26767,77,409,1.6132075471698113,2026-10-08
scorecard:190761,I880340973,143,1873,23,53,0,2026-10-08
scorecard:190983,I69692435,528,5835,40,133,0.2807017543859649,2026-10-08
scorecard:191205,I2894904595,19,27,3,0,3,2026-10-08
scorecard:191241,I164389053,33526,855599,322,13117,2.444822751852594,2026-10-08
scorecard:191515,I188592606,4780,143843,154,2236,1.2892857142857144,2026-10-08
scorecard:191533,I72578492,1825,31585,77,415,0.4332988624612203,2026-10-08
scorecard:191621,I58494807,35,3125,23,28,0,2026-10-08
scorecard:191630,I143104139,3089,204186,172,1549,5.972067039106145,2026-10-08
scorecard:191649,I139290212,26313,1090190,323,14710,2.932602267126663,2026-10-08
scorecard:191676,I175392734,354,11001,44,167,2.5806451612903225,2026-10-08
scorecard:191931,I173466955,2749,117671,141,1256,5.129533678756476,2026-10-08
scorecard:191968,I87424562,6556,172961,162,2968,1.8975694444444444,2026-10-08
scorecard:192040,I55191168,645,4091,36,75,0.02702702702702703,2026-10-08
scorecard:192110,I51283352,168,819,14,18,1.8846153846153846,2026-10-08
scorecard:192192,I31518983,231,7516,50,123,0.6129032258064516,2026-10-08
scorecard:192271,I164865396,40,237,8,5,0,2026-10-08
scorecard:192323,I51485169,2091,29316,74,623,1.6810035842293907,2026-10-08
scorecard:192448,I138873065,10124,274913,178,5351,1.781049250535332,2026-10-08
scorecard:192703,I55707380,4199,119192,132,1959,1.9072847682119205,2026-10-08
scorecard:192712,I43698687,432,6601,27,56,4.428571428571429,2026-10-08
scorecard:192749,I30002821,741,20673,63,309,1.05,2026-10-08
scorecard:192819,I926137907,2424,38572,85,818,1.4081996434937611,2026-10-08
scorecard:192864,I96502947,696,9623,54,192,2.27027027027027,2026-10-08
scorecard:193016,I125924841,1585,19514,62,464,1.1474103585657371,2026-10-08
scorecard:193292,I176922709,758,8526,45,208,0.9489795918367347,2026-10-08
scorecard:193353,I913696744,343,4864,36,97,0.44285714285714284,2026-10-08
scorecard:193399,I89580169,411,6812,40,129,2.8333333333333335,2026-10-08
scorecard:193584,I25093896,780,13631,51,260,0.9629629629629629,2026-10-08
scorecard:193654,I102179633,10288,325054,238,3945,2.2686567164179103,2026-10-08
scorecard:193900,I57206974,338261,35228102,1627,340036,4.316591978579617,2026-10-08
scorecard:193973,I201536842,2053,42921,88,726,0.8736842105263158,2026-10-08
scorecard:194091,I4210104314,7643,239034,180,3913,2.719858156028369,2026-10-08
scorecard:194310,I126863827,10552,259178,196,4289,1.6676317313259987,2026-10-08
scorecard:194392,I85161929,248,12539,55,184,5.508196721311475,2026-10-08
scorecard:194569,I4210120741,0,0,0,0,0,2026-10-08
scorecard:194578,I59028336,1924,32888,78,597,1.1615384615384616,2026-10-08
scorecard:194824,I165799507,69312,4275287,588,59168,1.496001640352676,2026-10-08
scorecard:194958,I22192696,252,14782,41,139,1.8666666666666667,2026-10-08
scorecard:195003,I155173764,32482,2027510,526,19597,4.497590129169077,2026-10-08
scorecard:195030,I5388228,169621,20352060,1205,220996,4.1863794896897755,2026-10-08
scorecard:195128,I90761930,664,10980,52,185,0.5662650602409639,2026-10-08
scorecard:195164,I117309725,2346,34756,80,615,1.1546961325966851,2026-10-08
scorecard:195216,I100236772,3127,72534,105,1045,1.2853185595567866,2026-10-08
scorecard:195243,I197639755,156,1889,20,39,1.6666666666666667,2026-10-08
scorecard:195304,I56327960,1595,29679,66,398,2.9166666666666665,2026-10-08
scorecard:195474,I920285187,2848,83760,127,1194,10.165151515151516,2026-10-08
scorecard:195526,I21104390,4914,167796,160,2745,2.1366782006920415,2026-10-08
scorecard:195544,I4210117146,630,6299,40,128,1.1885714285714286,2026-10-08
scorecard:195720,I910567637,4058,46405,89,946,0.6045871559633027,2026-10-08
scorecard:195809,I142823887,19103,717364,289,9994,4.917799752781211,2026-10-08
scorecard:196015,I159428640,313,3084,29,72,0.96,2026-10-08
scorecard:196033,I2800100626,262,2329,26,79,5.4411764705882355,2026-10-08
scorecard:196042,I177340980,1714,18620,61,393,1.8404255319148937,2026-10-08
scorecard:196060,I392282,59566,4330901,599,56416,2.9084689349112427,2026-10-08
scorecard:196079,I123946342,39461,1968458,421,30312,2.9936232987532123,2026-10-08
scorecard:196088,I63190737,151263,12559263,922,167365,3.386027052083581,2026-10-08
scorecard:196097,I59553526,148846,15695697,970,182076,3.4919181281194196,2026-10-08
scorecard:196103,I157349981,10191,615959,270,9196,3.7516750418760467,2026-10-08
scorecard:196112,I90965887,2885,73396,98,1858,4.069090909090909,2026-10-08
scorecard:196121,I4864440,5601,123234,134,2413,1.5578231292517006,2026-10-08
scorecard:196130,I115441956,5781,119940,139,2371,2.8706697459584296,2026-10-08
scorecard:196149,I880615350,4019,101595,136,1614,1.5362068965517242,2026-10-08
scorecard:196158,I61032284,3575,89977,114,1471,1.3362573099415205,2026-10-08
scorecard:196167,I27559774,3782,95441,126,1657,3.7844660194174757,2026-10-08
scorecard:196176,I157455823,6033,145461,156,2553,3.1115771812080535,2026-10-08
scorecard:196185,I122713931,2719,61087,115,942,1.5598802395209581,2026-10-08
scorecard:196194,I43742981,4664,118497,133,2001,2.867899603698811,2026-10-08
scorecard:196200,I83328411,1815,39039,93,774,2.5641025641025643,2026-10-08
scorecard:196219,I103497121,1752,61248,89,632,0.9578313253012049,2026-10-08
scorecard:196237,I138168422,1849,60557,110,1254,1.4835164835164836,2026-10-08
scorecard:196246,I63475719,4186,96117,145,1594,0.5478515625,2026-10-08
scorecard:196291,I8030538,393,2773,24,88,1.263157894736842,2026-10-08
scorecard:196413,I70983195,75633,6381938,820,67828,3.9461359524424915,2026-10-08
scorecard:196431,I4210146849,0,0,0,0,0,2026-10-08
scorecard:196592,I200437953,5308,57971,94,1202,1.7594313832695463,2026-10-08
scorecard:196866,I177328695,6480,209497,187,3077,1.6692160611854685,2026-10-08
scorecard:197027,I157438962,505,6856,36,127,1.4782608695652173,2026-10-08
scorecard:197045,I104579289,1085,22173,68,465,0.13333333333333333,2026-10-08
scorecard:197133,I126820664,7727,184857,174,3149,2.179035250463822,2026-10-08
scorecard:197142,I932030766,39,1049,9,9,0,2026-10-08
scorecard:197151,I83740829,500,2602,24,56,1.2514285714285713,2026-10-08
scorecard:197197,I46163879,1315,20821,69,383,1.26,2026-10-08
scorecard:197221,I4530042,136,767,17,22,0.8,2026-10-08
scorecard:197285,I2801304177,21,303,7,7,0,2026-10-08
scorecard:197708,I19772626,21501,2207259,525,22463,3.495893223819302,2026-10-08
scorecard:197869,I430192,15696,513494,242,8306,2.5985643290999447,2026-10-08
scorecard:197911,I186674591,182,1998,21,37,1.5,2026-10-08
scorecard:197984,I109072018,228,1059,17,31,0.4339622641509434,2026-10-08
scorecard:197993,I134975095,143,2923,27,59,1,2026-10-08
scorecard:198066,I140023956,122,3989,32,55,2,2026-10-08
scorecard:198136,I132446568,3501,86637,116,1595,1.819055944055944,2026-10-08
scorecard:198215,I35711545,492,6334,39,114,0.8444444444444444,2026-10-08
scorecard:198303,I75722487,100,1433,19,29,1.75,2026-10-08
scorecard:198385,I141720752,4079,100323,117,1956,2.028409090909091,2026-10-08
scorecard:198419,I170897317,307738,37425599,1548,361393,3.761031559337554,2026-10-08
scorecard:198464,I186335123,42418,2197530,439,34739,2.3518090839107004,2026-10-08
scorecard:198507,I65399651,906,14948,51,352,2.789598108747045,2026-10-08
scorecard:198516,I170164250,5141,108600,126,2056,1.3955719557195572,2026-10-08
scorecard:198543,I184654094,3493,63120,104,1448,1.312127236580517,2026-10-08
scorecard:198561,I65542365,931,4140,32,78,0.23204419889502761,2026-10-08
scorecard:198598,I4693391,249,1190,17,27,0.4722222222222222,2026-10-08
scorecard:198613,I68199945,638,17750,65,227,1.208955223880597,2026-10-08
scorecard:198695,I101240087,2735,64474,103,1342,1.6781802864363942,2026-10-08
scorecard:198756,I152899642,553,8434,42,189,1.874015748031496,2026-10-08
scorecard:198808,I15812580,83,452,15,18,0.6190476190476191,2026-10-08
scorecard:198835,I126683464,465,6745,40,135,0.5,2026-10-08
scorecard:198862,I137884079,143,1654,19,39,0,2026-10-08
scorecard:198899,I32539699,255,4975,38,122,4.375,2026-10-08
scorecard:198950,I20486536,615,12145,53,216,1.4096385542168675,2026-10-08
scorecard:198969,I66755815,562,5862,38,147,1.3241758241758241,2026-10-08
scorecard:199032,I45836617,179,1243,17,31,0.37209302325581395,2026-10-08
scorecard:199069,I286207536,226,2646,27,67,1.1333333333333333,2026-10-08
scorecard:199102,I35777872,14364,490724,216,9013,3.8271334792122538,2026-10-08
scorecard:199111,I87097829,2820,73906,110,1293,1.6991869918699187,2026-10-08
scorecard:199120,I114027177,387167,40922927,1696,389796,2.373087440956449,2026-10-08
scorecard:199139,I102149020,42499,1835617,390,28283,2.6633847147122913,2026-10-08
scorecard:199148,I169335092,27318,1364126,376,19549,2.475943000838223,2026-10-08
scorecard:199157,I123127086,5146,221513,169,3718,2.3364661654135337,2026-10-08
scorecard:199184,I2800023490,90,2163,26,33,13.5,2026-10-08
scorecard:199193,I137902535,194645,13108039,851,189441,3.4480654629547276,2026-10-08
scorecard:199209,I104029552,209,4174,27,63,0.4,2026-10-08
scorecard:199218,I153901656,14341,533756,231,9467,1.7357195391027214,2026-10-08
scorecard:199272,I894386430,131,3835,27,51,0.2765957446808511,2026-10-08
scorecard:199281,I3970613,2286,42842,88,805,2.0861723446893787,2026-10-08
scorecard:199306,I115795656,283,5411,27,72,0.9259259259259259,2026-10-08
scorecard:199412,I40889946,1192,25186,75,395,1.3614457831325302,2026-10-08
scorecard:199458,I2800994978,7,52,4,3,0,2026-10-08
scorecard:199582,I4210165262,114,474,11,16,0.2571428571428571,2026-10-08
scorecard:199607,I60493950,352,4755,39,92,0.735632183908046,2026-10-08
scorecard:199643,I97577207,318,9366,51,170,0.5319148936170213,2026-10-08
scorecard:199759,I1848394,210,510,12,16,0.038461538461538464,2026-10-08
scorecard:199847,I47251452,85706,9401744,847,108049,3.8317451506460665,2026-10-08
scorecard:199865,I108559397,546,8806,52,176,0.7209302325581395,2026-10-08
scorecard:199962,I148244530,1337,34008,71,628,1.2442528735632183,2026-10-08
scorecard:199999,I188405335,2334,58264,93,1100,1.5365853658536586,2026-10-08
scorecard:200004,I103406327,6926,171555,153,3053,1.1364175563463819,2026-10-08
scorecard:200059,I65741653,362,14381,57,173,1.7241379310344827,2026-10-08
scorecard:200156,I880809005,271,2488,26,59,2.3177966101694913,2026-10-08
scorecard:200217,I116545467,426,3845,32,110,0.9252336448598131,2026-10-08
scorecard:200253,I92063915,855,18075,66,346,1.51,2026-10-08
scorecard:200280,I24571045,26611,1287790,307,22505,3.081147254284715,2026-10-08
scorecard:200332,I57328836,35359,1866756,352,34636,3.9561966751693203,2026-10-08
scorecard:200484,I2802776869,11,39,2,2,0,2026-10-08
scorecard:200572,I205944377,218,3362,27,70,1.78125,2026-10-08
scorecard:200800,I110152177,35864,2120400,387,35865,4.131448957189901,2026-10-08
scorecard:201061,I2801123574,14,17,2,1,0,2026-10-08
scorecard:201104,I195875291,1506,29604,81,561,3.3614035087719296,2026-10-08
scorecard:201195,I115364640,1040,23830,69,478,2.720496894409938,2026-10-08
scorecard:201371,I172982978,198,4132,32,67,0.375,2026-10-08
scorecard:201441,I157417397,28650,1179082,357,16849,2.1685337316405278,2026-10-08
scorecard:201548,I139787848,3094,16682,63,290,0.27983539094650206,2026-10-08
scorecard:201645,I58956616,188255,19649505,1170,224403,4.6071303126097645,2026-10-08
scorecard:201654,I169138485,6572,20021,61,506,1.7708333333333333,2026-10-08
scorecard:201690,I162212782,972,8955,38,241,2.351758793969849,2026-10-08
scorecard:201885,I63135867,169208,15231942,928,192788,4.04878000278402,2026-10-08
scorecard:201964,I2799319437,32,285,6,5,0.3333333333333333,2026-10-08
scorecard:202046,I2799352476,101,372,8,7,0.5,2026-10-08
scorecard:202073,I933276082,24,111,4,3,1.2,2026-10-08
scorecard:202134,I102607778,23402,792513,305,12064,2.8153424657534245,2026-10-08
scorecard:202170,I2801486288,58,509,7,5,0.4166666666666667,2026-10-08
scorecard:202480,I127591826,21004,663745,272,10537,1.995060373216246,2026-10-08
scorecard:202514,I79229643,179,2028,24,47,0.4782608695652174,2026-10-08
scorecard:202523,I20577493,5318,90365,126,1531,2.221518987341772,2026-10-08
scorecard:202763,I106073371,1376,13783,48,341,0.8330404217926186,2026-10-08
scorecard:203085,I85384741,558,29058,77,320,0.4621212121212121,2026-10-08
scorecard:203128,I76094744,5179,20679,77,305,1.876923076923077,2026-10-08
scorecard:203368,I183716014,4086,94520,130,1823,1.8976833976833978,2026-10-08
scorecard:203517,I149910238,47250,2721668,524,36509,3.5791600212652845,2026-10-08
scorecard:203535,I166972335,10901,622489,313,2494,13.248351648351647,2026-10-08
scorecard:203544,I2799978678,94,1364,17,45,1.3888888888888888,2026-10-08
scorecard:203580,I17173981,160,1829,20,36,1.0555555555555556,2026-10-08
scorecard:203757,I78798822,116,2226,27,53,0.6111111111111112,2026-10-08
scorecard:203775,I207601951,296,3632,31,115,0.9354838709677419,2026-10-08
scorecard:203845,I81726945,823,8937,49,190,1.7954545454545454,2026-10-08
scorecard:203960,I2802207532,59,938,13,21,0.125,2026-10-08
scorecard:204024,I83328450,37572,1490617,380,23208,2.6985008328706273,2026-10-08
scorecard:204176,I4210087767,106,2368,22,49,2,2026-10-08
scorecard:204185,I106465526,864,14655,61,214,2.3168316831683167,2026-10-08
scorecard:204194,I148540549,144,1646,15,28,1.2444444444444445,2026-10-08
scorecard:204200,I147569298,801,22483,74,387,1.527027027027027,2026-10-08
scorecard:204264,I118856550,566,6248,34,136,0.8297872340425532,2026-10-08
scorecard:204501,I70571728,8648,251432,205,3572,3.7788671023965144,2026-10-08
scorecard:204617,I118406146,505,4408,37,102,2.0634920634920637,2026-10-08
scorecard:204635,I150722199,2929,57264,96,1268,0.929769392033543,2026-10-08
scorecard:204796,I52357470,423083,35340529,1392,439094,3.9805577158093546,2026-10-08
scorecard:204857,I4210106879,48709,2067846,427,33147,3.760551948051948,2026-10-08
scorecard:204909,I81461992,3125,64940,110,703,1.2840236686390532,2026-10-08
scorecard:204936,I197312921,2164,29572,79,464,0.34220532319391633,2026-10-08
scorecard:205027,I205992003,60,67,4,4,0.5,2026-10-08
scorecard:205957,I109358023,422,19825,38,163,0.8932584269662921,2026-10-08
scorecard:206048,I201393461,188,1399,20,38,0.7142857142857143,2026-10-08
scorecard:206084,I90871651,50508,2556763,480,38213,3.062059401363689,2026-10-08
scorecard:206349,I919620872,272,3816,34,93,2.0714285714285716,2026-10-08
scorecard:206437,I180539885,736,28639,75,482,5.925925925925926,2026-10-08
scorecard:206491,I175232758,135,1287,19,30,0.6666666666666666,2026-10-08
scorecard:206507,I100754635,363,4310,37,97,1.1578947368421053,2026-10-08
scorecard:206525,I18860807,1736,33019,84,690,1.2638036809815951,2026-10-08
scorecard:206589,I118746106,3550,115057,143,1804,1.8115264797507789,2026-10-08
scorecard:206604,I19648265,36995,1524311,394,24355,1.8715872717002449,2026-10-08
scorecard:206622,I194120229,10370,132882,158,2118,1.7769718948322757,2026-10-08
scorecard:206695,I161203489,6780,185347,151,3490,1.8315585672797676,2026-10-08
scorecard:206835,I124869726,59,619,13,17,0,2026-10-08
scorecard:206941,I139325414,3475,67685,111,1289,1.0438502673796792,2026-10-08
scorecard:207041,I20500054,473,9357,43,166,1.546875,2026-10-08
scorecard:207157,I3131039795,7,113,4,1,4,2026-10-08
scorecard:207263,I192664086,1730,48512,94,743,2.0215384615384617,2026-10-08
scorecard:207306,I56955425,146,1340,21,36,2.1875,2026-10-08
scorecard:207324,I28330173,283,3007,29,86,0.47435897435897434,2026-10-08
scorecard:207388,I115475287,68938,4038353,510,65109,3.1418612587139862,2026-10-08
scorecard:207403,I186415101,334,7341,32,95,2.8260869565217392,2026-10-08
scorecard:207458,I27253931,993,12843,58,222,0.6235294117647059,2026-10-08
scorecard:207500,I8692664,97356,7197703,718,93850,3.6133087712494345,2026-10-08
scorecard:207582,I189981527,1269,36676,81,671,0.8242074927953891,2026-10-08
scorecard:207722,I32563053,208,5684,29,77,1.2727272727272727,2026-10-08
scorecard:207847,I187651305,689,11960,52,223,0.9304347826086956,2026-10-08
scorecard:207971,I87208437,16046,671917,266,10975,2.935706084959816,2026-10-08
scorecard:208646,I207168215,678,15498,65,352,2.4791666666666665,2026-10-08
scorecard:208725,I2801167526,3,0,0,0,0,2026-10-08
scorecard:208822,I179651463,2599,32326,77,679,0.8606194690265486,2026-10-08
scorecard:209056,I74201987,4093,119234,141,1623,0.8656987295825771,2026-10-08
scorecard:209065,I74054363,1743,28849,83,399,0.0625,2026-10-08
scorecard:209241,I2801827171,57,219,7,6,0,2026-10-08
scorecard:209409,I2801756453,23,773,15,17,0.75,2026-10-08
scorecard:209506,I129871486,1375,31768,73,382,1.3677811550151975,2026-10-08
scorecard:209542,I131249849,123958,8718579,828,114453,2.695590584405799,2026-10-08
scorecard:209551,I181233156,72788,8068449,862,79869,4.640906332186931,2026-10-08
scorecard:209603,I2803038625,65,315,9,9,0,2026-10-08
scorecard:209612,I4210149261,3651,57002,99,990,4.579069767441861,2026-10-08
scorecard:209807,I126345244,44580,1459385,376,21411,1.8266433973240257,2026-10-08
scorecard:209825,I71578702,3323,88044,127,1435,0.9830246913580247,2026-10-08
scorecard:209922,I55486353,5805,174680,174,2565,0.3871118374970815,2026-10-08
scorecard:210146,I75909800,1779,53617,111,755,1.7712177121771218,2026-10-08
scorecard:210304,I2801505410,33,295,8,8,0,2026-10-08
scorecard:210331,I111713297,121,1390,19,30,18.76923076923077,2026-10-08
scorecard:210401,I141670070,3760,101728,148,1299,1.6709129511677283,2026-10-08
scorecard:210429,I95781656,1704,42643,92,778,1.572192513368984,2026-10-08
scorecard:210492,I59273066,118,1392,20,23,0.6,2026-10-08
scorecard:210571,I83257022,716,11642,53,273,1.75,2026-10-08
scorecard:210669,I120506574,2449,71818,116,1178,1.3155080213903743,2026-10-08
scorecard:210739,I38984865,640,7482,42,167,0.9221789883268483,2026-10-08
scorecard:210775,I40562200,430,6309,39,132,0.9259259259259259,2026-10-08
scorecard:211088,I51204116,2363,75210,108,1300,1.9918864097363083,2026-10-08
scorecard:211273,I102373834,7952,311804,212,3980,1.5770171149144254,2026-10-08
scorecard:211291,I131221577,11380,319364,204,5321,1.1528485409911997,2026-10-08
scorecard:211431,I134174069,400,6735,42,158,2.5522388059701493,2026-10-08
scorecard:211440,I74973139,176893,17854435,1199,181926,4.017282350399654,2026-10-08
scorecard:211468,I166889024,435,8680,47,171,0.8382352941176471,2026-10-08
scorecard:211556,I5337786,1738,41787,82,904,1.5458937198067633,2026-10-08
scorecard:211583,I202522242,424,8908,51,167,0.6451612903225806,2026-10-08
scorecard:211893,I2799387388,27,48,3,2,5,2026-10-08
scorecard:211981,I67149013,117,3274,30,78,0.3,2026-10-08
scorecard:212009,I121058860,3965,69647,105,1419,1.4412698412698413,2026-10-08
scorecard:212054,I72816309,82815,5947867,765,69117,4.6133690086266546,2026-10-08
scorecard:212106,I165102784,14300,580392,238,9551,2.64783794312427,2026-10-08
scorecard:212115,I79060951,1466,34957,78,640,0.819672131147541,2026-10-08
scorecard:212133,I905180023,1102,12850,49,229,0.8264705882352941,2026-10-08
scorecard:212197,I35429941,2980,24657,74,449,0.9967637540453075,2026-10-08
scorecard:212577,I173146385,5889,240957,200,3386,3.2841379310344827,2026-10-08
scorecard:212601,I967637,2375,51301,83,923,8.092838196286472,2026-10-08
scorecard:212674,I176113532,6141,104812,128,1894,1.0618729096989967,2026-10-08
scorecard:212805,I181598100,823,20484,60,390,1.4610389610389611,2026-10-08
scorecard:212832,I21867089,357,3019,31,86,0.948051948051948,2026-10-08
scorecard:212911,I155707491,7498,444372,267,3864,5.042743538767396,2026-10-08
scorecard:212984,I40165345,349,4708,31,94,0.8153846153846154,2026-10-08
scorecard:213011,I200943373,368,4412,32,97,0.9622641509433962,2026-10-08
scorecard:213020,I200885203,6738,164936,157,2901,2.538240917782027,2026-10-08
scorecard:213251,I51812067,1417,49657,91,754,1.8216783216783217,2026-10-08
scorecard:213303,I88621556,76,1380,18,40,2,2026-10-08
scorecard:213321,I4210143716,637,28631,82,345,1.4029850746268657,2026-10-08
scorecard:213349,I2132711,2822,44943,88,1014,1.066815144766147,2026-10-08
scorecard:213358,I55921689,176,1422,18,34,0.14285714285714285,2026-10-08
scorecard:213367,I47652572,4237,85011,120,1459,1.2045454545454546,2026-10-08
scorecard:213385,I184759092,7649,204993,164,3711,3.5465026902382784,2026-10-08
scorecard:213400,I2800476863,70,818,10,12,0.8235294117647058,2026-10-08
scorecard:213507,I154006206,908,21850,62,501,1.6784140969162995,2026-10-08
scorecard:213543,I186143895,44329,2368222,465,34459,4.0659195781147,2026-10-08
scorecard:213598,I33821262,520,6319,39,145,8.857142857142858,2026-10-08
scorecard:213668,I55926968,819,14785,58,343,1.6901408450704225,2026-10-08
scorecard:213826,I20960122,1050,22736,70,396,0.7127659574468085,2026-10-08
scorecard:213987,I157087037,964,20448,69,405,2.3333333333333335,2026-10-08
scorecard:213996,I10452050,1054,19349,66,333,1.3459915611814346,2026-10-08
scorecard:214041,I104651037,2781,74322,118,1204,1.2941176470588236,2026-10-08
scorecard:214069,I67698093,694,27192,62,304,1.0265486725663717,2026-10-08
scorecard:214148,I161033783,53,146,5,4,0,2026-10-08
scorecard:214157,I205139184,1488,21455,73,410,0.9158512720156555,2026-10-08
scorecard:214166,I179368126,115,1741,22,43,1.7142857142857142,2026-10-08
scorecard:214175,I48967780,2165,59890,108,1166,2.058282208588957,2026-10-08
scorecard:214272,I163161326,405,6897,51,120,0.35789473684210527,2026-10-08
scorecard:214777,I130769515,370695,30998124,1400,362399,3.9710490924823554,2026-10-08
scorecard:215053,I3211756974,0,0,0,0,0,2026-10-08
scorecard:215062,I79576946,476287,66507539,1871,635540,5.7141295274000266,2026-10-08
scorecard:215114,I162572415,35,4198,36,44,0,2026-10-08
scorecard:215266,I4210086901,528,10658,45,161,2.5,2026-10-08
scorecard:215275,I4210117416,481,6976,42,136,0.865979381443299,2026-10-08
scorecard:215284,I4210134124,1121,13839,53,335,1.1888888888888889,2026-10-08
scorecard:215293,I170201317,384892,42022809,1481,456885,2.1098930332653043,2026-10-08
scorecard:215442,I23745121,331,3273,30,68,0.8153846153846154,2026-10-08
scorecard:215655,I178605575,2644,44012,87,889,1.2097560975609756,2026-10-08
scorecard:215691,I156455995,320,2060,24,37,0,2026-10-08
scorecard:215743,I181950316,702,11979,53,296,0.9916317991631799,2026-10-08
scorecard:215770,I51077184,4961,133396,156,2067,1.98390636430139,2026-10-08
scorecard:215798,I188871143,834,21467,56,232,0.7485714285714286,2026-10-08
scorecard:215929,I124113063,4290,134523,156,1992,1.5419354838709678,2026-10-08
scorecard:215947,I92843443,438,8046,51,160,1.191304347826087,2026-10-08
scorecard:216010,I139418187,2679,71970,112,1124,1.1533923303834808,2026-10-08
scorecard:216038,I169494899,3343,62060,90,1340,1.5345794392523364,2026-10-08
scorecard:216047,I2801031041,30,52,3,2,1.2,2026-10-08
scorecard:216278,I161140089,2099,44215,97,834,1.0384615384615385,2026-10-08
scorecard:216287,I118020396,11323,410315,272,4985,1.1272134203168687,2026-10-08
scorecard:216339,I84392919,105723,7573052,752,98830,3.435202863961814,2026-10-08
scorecard:216357,I110847814,222,1777,22,45,1.04,2026-10-08
scorecard:216366,I149251103,79106,8729420,842,103634,2.7874472573839664,2026-10-08
scorecard:216524,I177753169,2481,41934,84,843,0.9764705882352941,2026-10-08
scorecard:216542,I221180497,28,315,7,7,0,2026-10-08
scorecard:216597,I7863295,25678,845626,322,12590,3.208713984539705,2026-10-08
scorecard:216667,I28527212,901,24548,76,387,1.889763779527559,2026-10-08
scorecard:216694,I75929663,238,2854,26,99,4.333333333333333,2026-10-08
scorecard:216764,I161171246,7107,208550,188,3407,2.1743055555555557,2026-10-08
scorecard:216807,I40189715,461,8417,51,151,2.425,2026-10-08
scorecard:216852,I138659443,4970,118565,126,2099,2.4817596566523603,2026-10-08
scorecard:216931,I160003610,2129,58828,107,1070,2.7134615384615386,2026-10-08
scorecard:217013,I50219821,391,5095,35,121,1.7142857142857142,2026-10-08
scorecard:217059,I37693276,1384,22399,67,511,1.2646048109965635,2026-10-08
scorecard:217156,I27804330,189861,17739664,1130,200266,3.3421990638017665,2026-10-08
scorecard:217165,I178712713,2472,87670,131,1066,1.828162291169451,2026-10-08
scorecard:217402,I196272386,5647,94219,128,1612,1.086013986013986,2026-10-08
scorecard:217420,I53118340,4050,67319,105,1168,1.6057692307692308,2026-10-08
scorecard:217484,I17626003,53019,2595690,477,37604,3.1283878739208992,2026-10-08
scorecard:217493,I183146814,1970,10606,45,160,0.8308668076109936,2026-10-08
scorecard:217518,I79839527,2744,80558,122,883,1.510204081632653,2026-10-08
scorecard:217536,I46607137,1131,17357,52,236,2.2408536585365852,2026-10-08
scorecard:217624,I19434645,100,830,15,20,0.5,2026-10-08
scorecard:217633,I68812265,314,4571,34,99,2.5025125628140703,2026-10-08
scorecard:217688,I171231263,321,5147,36,137,1.3020833333333333,2026-10-08
scorecard:217721,I207692693,616,9847,52,222,1.676923076923077,2026-10-08
scorecard:217776,I2801970962,80,642,11,11,0.18518518518518517,2026-10-08
scorecard:217819,I204593131,10678,446995,218,5522,1.5845410628019323,2026-10-08
scorecard:217864,I91036609,3503,54959,98,1062,1.2156862745098038,2026-10-08
scorecard:217873,I16892885,663,14356,52,281,0.8561151079136691,2026-10-08
scorecard:217882,I8078737,80996,4264157,579,66677,2.7527691778465773,2026-10-08
scorecard:217907,I108345032,177,1857,25,58,0.3783783783783784,2026-10-08
scorecard:217925,I5873027,300,12444,44,108,0.543859649122807,2026-10-08
scorecard:217934,I157173269,321,4815,32,103,0.7692307692307693,2026-10-08
scorecard:217961,I206204273,360,3566,32,93,2.4761904761904763,2026-10-08
scorecard:217998,I92722298,175,3827,31,80,0.6,2026-10-08
scorecard:218061,I189350637,1299,22312,74,458,0.8301282051282052,2026-10-08
scorecard:218070,I86115722,4989,158880,156,2623,1.512035010940919,2026-10-08
scorecard:218229,I196679149,825,20551,52,259,2.567441860465116,2026-10-08
scorecard:218414,I173210334,182,2654,26,98,1.2666666666666666,2026-10-08
scorecard:218441,I166681293,149,1816,15,28,1.6571428571428573,2026-10-08
scorecard:218539,I137582240,715,53142,66,360,2.1384615384615384,2026-10-08
scorecard:218645,I8645926,1578,67827,76,607,2.232142857142857,2026-10-08
scorecard:218654,I90274647,632,9105,47,229,1.0251572327044025,2026-10-08
scorecard:218663,I155781252,111923,7904397,716,106492,2.829183996250952,2026-10-08
scorecard:218724,I208081647,3845,77352,110,1586,2.363863447127394,2026-10-08
scorecard:218733,I139398662,1235,28728,70,497,3.2230392156862746,2026-10-08
scorecard:218742,I127845322,1728,40479,83,539,0.5714285714285714,2026-10-08
scorecard:218964,I169086405,3648,53586,100,1019,1.224,2026-10-08
scorecard:218973,I130905186,834,29480,53,224,0.7407407407407407,2026-10-08
scorecard:219000,I149700789,2365,202164,274,3315,1.7963414634146342,2026-10-08
scorecard:219046,I75350188,840,27159,73,440,2.9263803680981595,2026-10-08
scorecard:219082,I125467818,1799,28045,76,617,1.8876170655567117,2026-10-08
scorecard:219091,I21332779,128,484,11,13,0.5652173913043478,2026-10-08
scorecard:219198,I138187031,87,2077,26,42,1,2026-10-08
scorecard:219240,I23134259,69,214,8,6,0,2026-10-08
scorecard:219259,I21700936,673,7059,38,172,0.41721854304635764,2026-10-08
scorecard:219347,I184647316,6527,418164,231,5672,4.207427894112999,2026-10-08
scorecard:219356,I177156846,21618,1164879,321,18622,3.686282522817055,2026-10-08
scorecard:219383,I22555787,164,1768,21,34,0.6666666666666666,2026-10-08
scorecard:219471,I189957204,15853,818092,270,12508,2.4480441151128725,2026-10-08
scorecard:219602,I184692499,2809,57568,78,983,3.9300314465408803,2026-10-08
scorecard:219639,I2799272940,73,547,11,13,1.48,2026-10-08
scorecard:219709,I47500176,2427,34972,80,693,1.1928429423459244,2026-10-08
scorecard:219718,I4210162547,732,6449,46,140,1.6391304347826088,2026-10-08
scorecard:219806,I233299441,319,3404,25,70,0.5454545454545454,2026-10-08
scorecard:219833,I102015815,874,12634,57,252,1.777027027027027,2026-10-08
scorecard:219949,I50112456,217,1520,18,34,1.9655172413793103,2026-10-08
scorecard:219976,I192487284,1289,36674,92,652,2.4140845070422534,2026-10-08
scorecard:220075,I119443389,21628,791066,246,14787,1.928030303030303,2026-10-08
scorecard:220181,I9254433,2361,97732,110,1818,2.7507246376811594,2026-10-08
scorecard:220215,I186748736,142,1363,22,36,1.5365853658536586,2026-10-08
scorecard:220473,I2802203029,193,1478,14,24,3.6666666666666665,2026-10-08
scorecard:220516,I111483173,734,12469,52,143,0.5186170212765957,2026-10-08
scorecard:220604,I63302308,107,2162,23,54,3.2093023255813953,2026-10-08
scorecard:220613,I174154184,470,4438,34,106,0.47560975609756095,2026-10-08
scorecard:220631,I168451400,1894,27234,61,679,1.9913419913419914,2026-10-08
scorecard:220701,I2800615230,65,392,10,10,1.3846153846153846,2026-10-08
scorecard:220710,I144530997,452,13711,48,152,0.7045454545454546,2026-10-08
scorecard:220862,I94658018,38026,1898622,401,28365,2.460112812248187,2026-10-08
scorecard:220978,I169615421,10315,266959,188,5190,1.8708288482238966,2026-10-08
scorecard:221351,I117979880,3105,65760,101,1400,2.79073756432247,2026-10-08
scorecard:221519,I145423581,2482,58383,99,991,1.4244604316546763,2026-10-08
scorecard:221661,I175938002,380,3779,30,77,0.9,2026-10-08
scorecard:221731,I142563273,206,1750,20,51,1.75,2026-10-08
scorecard:221740,I177097968,13537,301239,187,5087,0.42184344454317796,2026-10-08
scorecard:221759,I75027704,147054,10069945,771,138710,2.974108322324967,2026-10-08
scorecard:221768,I109963312,1408,21819,60,454,1.259493670886076,2026-10-08
scorecard:221838,I75256744,7742,226592,180,4390,1.4503641241855116,2026-10-08
scorecard:221847,I63920570,10586,278053,169,5799,3.219573400250941,2026-10-08
scorecard:221892,I21244889,172,3476,33,85,11.705882352941176,2026-10-08
scorecard:221953,I16565172,165,1617,22,49,2.111111111111111,2026-10-08
scorecard:221971,I155673605,883,16597,59,370,1.1224489795918366,2026-10-08
scorecard:221999,I200719446,209697,25423912,1204,284381,4.095661885727722,2026-10-08
scorecard:222178,I60205797,2892,1045429,422,7452,5.766702014846236,2026-10-08
scorecard:222831,I41644977,1887,23464,60,595,0.8777777777777778,2026-10-08
scorecard:222983,I12138139,782,16825,63,273,1.266304347826087,2026-10-08
scorecard:223232,I157394403,52435,2066285,441,32416,1.556801360587068,2026-10-08
scorecard:224004,I2801521079,109,1499,21,33,1.5,2026-10-08
scorecard:224147,I96749437,8272,237763,166,4808,3.4358723958333335,2026-10-08
scorecard:224226,I48555384,208,1363,22,37,0.5,2026-10-08
scorecard:224244,I2799656669,27,158,3,3,0,2026-10-08
scorecard:224323,I182980787,2014,36599,87,600,1.4285714285714286,2026-10-08
scorecard:224527,I185240499,141,3529,19,36,0.047619047619047616,2026-10-08
scorecard:224545,I51380931,730,18282,43,203,4.653225806451613,2026-10-08
scorecard:224554,I206651237,4968,134030,138,2480,2.109375,2026-10-08
scorecard:225247,I198366374,350,6513,40,112,1.6551724137931034,2026-10-08
scorecard:225399,I108155624,959,15614,61,361,0.436241610738255,2026-10-08
scorecard:225414,I52913039,5213,145643,148,2642,1.7102539981185325,2026-10-08
scorecard:225432,I16277215,3727,55605,99,1212,1.9201995012468829,2026-10-08
scorecard:225502,I173388201,1648,46724,95,706,1.8768115942028984,2026-10-08
scorecard:225511,I44461941,103800,6463713,660,96044,3.906993051571365,2026-10-08
scorecard:225548,I87799480,77,869,16,19,4.782608695652174,2026-10-08
scorecard:225575,I62936310,154,1262,17,29,0.3695652173913043,2026-10-08
scorecard:225627,I54166199,2880,53595,91,1128,1.9866141732283464,2026-10-08
scorecard:226091,I177898655,8479,330814,210,5409,3.9820546163849153,2026-10-08
scorecard:226152,I131740757,3490,100876,130,1330,2.3516572352465643,2026-10-08
scorecard:226231,I118808232,484,5800,33,143,0.9479166666666666,2026-10-08
scorecard:226383,I33586118,231,3326,32,69,0.5918367346938775,2026-10-08
scorecard:226471,I178027907,658,23454,60,312,3.1865671641791047,2026-10-08
scorecard:226587,I78157498,273,3359,29,73,2.3225806451612905,2026-10-08
scorecard:226833,I46896759,2186,33401,78,682,0.8298816568047337,2026-10-08
scorecard:227216,I123534392,53780,2427631,430,39316,3.4771789421032886,2026-10-08
scorecard:227368,I2802326326,14665,1372008,475,8523,3.6808424051276836,2026-10-08
scorecard:227429,I2800075859,18,552,8,5,2,2026-10-08
scorecard:227526,I250520410,6803,191501,159,3679,2.635473340587595,2026-10-08
scorecard:227757,I74775410,86482,10960734,955,108403,5.383023233699959,2026-10-08
scorecard:227845,I9224006,1385,24164,85,475,2.036842105263158,2026-10-08
scorecard:227863,I130799901,948,19412,63,309,1.345029239766082,2026-10-08
scorecard:227881,I191429286,11645,309654,193,6018,1.8965424819083356,2026-10-08
scorecard:228042,I116115565,208,3589,29,68,0.7959183673469388,2026-10-08
scorecard:228149,I189060766,1961,42474,97,747,1.9746478873239437,2026-10-08
scorecard:228246,I178169726,33041,2913855,521,34261,5.375589875589876,2026-10-08
scorecard:228325,I2802204546,28,174,8,4,3,2026-10-08
scorecard:228343,I8616870,1772,44445,97,866,1.4096045197740112,2026-10-08
scorecard:228431,I201193091,5920,72328,93,1785,1.530195381882771,2026-10-08
scorecard:228459,I13511017,25510,743286,258,14394,2.8697412601224572,2026-10-08
scorecard:228468,I196270430,109,1987,17,27,1.3703703703703705,2026-10-08
scorecard:228501,I162709352,1005,16826,54,455,2.5277777777777777,2026-10-08
scorecard:228529,I75063564,3080,68382,112,1194,1.7585964912280703,2026-10-08
scorecard:228705,I181414168,7786,229637,170,4913,3.365143369175627,2026-10-08
scorecard:228723,I91045830,288153,21837656,1103,310825,3.4635973014215726,2026-10-08
scorecard:228769,I189196454,53241,4205779,524,62350,3.3928125,2026-10-08
scorecard:228778,I86519309,370865,25619217,1264,293982,0.9717720143744603,2026-10-08
scorecard:228787,I162577319,69703,4291558,576,58830,2.5405149317127362,2026-10-08
scorecard:228796,I164936912,37088,1409929,369,22488,2.1715023676280674,2026-10-08
scorecard:228802,I221716585,6446,140220,140,3043,2.403858120721842,2026-10-08
scorecard:228875,I128956969,16764,728929,298,10625,2.3334772285775953,2026-10-08
scorecard:228981,I20132289,359,6825,41,135,0.49019607843137253,2026-10-08
scorecard:229018,I114580094,2445,44747,85,751,2.1941176470588237,2026-10-08
scorecard:229027,I45438204,43220,2244427,481,32249,2.6220274493817093,2026-10-08
scorecard:229063,I48205209,4452,125035,137,2300,2.0351437699680512,2026-10-08
scorecard:229115,I12315562,90714,5568993,625,85722,3.342522903453136,2026-10-08
scorecard:229160,I142374663,559,15204,60,248,1.2521739130434784,2026-10-08
scorecard:229179,I150913223,8873,249890,172,5075,1.7297417631344614,2026-10-08
scorecard:229267,I60060512,8312,329980,213,3883,1.970464135021097,2026-10-08
scorecard:229780,I126336403,188,3151,25,61,0.6666666666666666,2026-10-08
scorecard:229814,I188674872,3477,88091,119,1528,1.617439120188531,2026-10-08
scorecard:230038,I100005738,103097,4035040,601,55712,0.8221648476313421,2026-10-08
scorecard:230047,I110092051,788,21371,71,320,8.034965034965035,2026-10-08
scorecard:230603,I110496330,2099,34033,79,628,1.1370309951060358,2026-10-08
scorecard:230728,I121980950,63144,3220571,533,48206,2.152698048220436,2026-10-08
scorecard:230764,I223532165,233077,23919756,1261,266662,3.2421150382080803,2026-10-08
scorecard:230807,I156220630,741,16345,64,368,1.1917808219178083,2026-10-08
scorecard:230816,I77895542,642,17097,56,233,1.9782608695652173,2026-10-08
scorecard:230852,I201679814,432,6187,37,115,0.6610169491525424,2026-10-08
scorecard:230959,I195575238,7015,223990,186,3220,2.1875,2026-10-08
scorecard:230995,I169768744,2059,22856,71,464,1.0295566502463054,2026-10-08
scorecard:231059,I55801708,1288,27073,75,484,1.1111111111111112,2026-10-08
scorecard:231095,I4210140821,8,154,6,4,0,2026-10-08
scorecard:231165,I61937300,177,1507,23,41,1.3333333333333333,2026-10-08
scorecard:231174,I111236770,69095,6048210,716,73713,3.3460452791059394,2026-10-08
scorecard:231420,I99215809,145,2724,20,38,1.8,2026-10-08
scorecard:231554,I307045584,55,611,11,11,2.6666666666666665,2026-10-08
scorecard:231581,I36194888,531,9758,43,137,1.5462962962962963,2026-10-08
scorecard:231624,I16285277,38084,2166812,458,26486,2.9802076124567476,2026-10-08
scorecard:231651,I153338809,3331,56036,107,807,1.2591973244147157,2026-10-08
scorecard:231712,I177308816,3927,250181,210,2514,13.424815119145439,2026-10-08
scorecard:232025,I177855293,848,30526,94,336,1.2216216216216216,2026-10-08
scorecard:232043,I201426678,620,6756,37,190,1.59375,2026-10-08
scorecard:232089,I152372855,294,6885,40,125,2.870967741935484,2026-10-08
scorecard:232186,I162714631,87363,3547161,569,48923,2.17125331009285,2026-10-08
scorecard:232256,I26422949,1991,25333,75,386,0.4104627766599598,2026-10-08
scorecard:232265,I151328261,6050,702531,281,6203,1.9624309392265193,2026-10-08
scorecard:232308,I185439253,1162,13295,54,272,0.19433198380566802,2026-10-08
scorecard:232423,I11883440,15540,496831,254,7623,1.89277830337433,2026-10-08
scorecard:232557,I67789559,7962,36034,76,782,0.5403587443946188,2026-10-08
scorecard:232566,I141448028,1920,39028,98,615,1.3360995850622406,2026-10-08
scorecard:232609,I21978226,1800,17644,63,367,0.275827482447342,2026-10-08
scorecard:232681,I191484440,2318,78313,122,926,32.115606936416185,2026-10-08
scorecard:232706,I53276908,2065,26130,69,569,1.7180974477958237,2026-10-08
scorecard:232937,I103087548,3733,142742,161,2361,1.3664278403275332,2026-10-08
scorecard:232982,I81365321,50596,1998416,413,29884,1.9167462895725842,2026-10-08
scorecard:233277,I53559539,4050,89069,122,1581,1.3497596153846154,2026-10-08
scorecard:233295,I182555378,1377,28787,78,543,1.3175965665236051,2026-10-08
scorecard:233301,I1175298,665,9425,49,186,1.4375,2026-10-08
scorecard:233374,I158012942,14762,334572,228,5097,1.2409177820267687,2026-10-08
scorecard:233426,I41833579,1246,21766,65,381,0.9714285714285714,2026-10-08
scorecard:233541,I200033832,1654,42022,91,701,1.1391465677179964,2026-10-08
scorecard:233611,I178897401,55,763,11,13,0.1111111111111111,2026-10-08
scorecard:233718,I2125089,829,17595,61,302,1.1654135338345866,2026-10-08
scorecard:233897,I4901143,577,7486,41,192,1.4887892376681615,2026-10-08
scorecard:233921,I859038795,181038,11362681,841,171254,2.766112435893248,2026-10-08
scorecard:234030,I184840846,108501,9875238,852,123869,3.3285144701510756,2026-10-08
scorecard:234076,I51556381,222258,20267173,1131,230878,3.451485033925032,2026-10-08
scorecard:234085,I185641255,2176,45389,81,831,2.4849023090586146,2026-10-08
scorecard:234155,I11786554,2649,86536,132,1374,1.7288401253918495,2026-10-08
scorecard:234164,I177833724,297,3380,31,64,0.5647058823529412,2026-10-08
scorecard:234173,I14303183,679,6852,39,172,1.9895287958115184,2026-10-08
scorecard:234207,I184889055,6692,106956,126,1827,1.539506172839506,2026-10-08
scorecard:234827,I29867402,5795,171873,178,2318,1.236344537815126,2026-10-08
scorecard:235097,I159107703,4432,106201,131,1959,1.401151631477927,2026-10-08
scorecard:235167,I60341648,1557,66833,114,843,1.287292817679558,2026-10-08
scorecard:235316,I119888943,4929,94424,117,1819,1.158868335146899,2026-10-08
scorecard:236133,I36819085,1391,21592,63,428,1.2123893805309736,2026-10-08
scorecard:236230,I60065076,2605,67341,107,1081,1.721461187214612,2026-10-08
scorecard:236328,I146552867,4334,77508,111,1532,1.2682926829268293,2026-10-08
scorecard:236452,I143115733,868,12900,48,202,1.0568181818181819,2026-10-08
scorecard:236577,I11317958,2605,92233,132,1561,2.256900212314225,2026-10-08
scorecard:236595,I58610484,8036,191246,166,3106,1.3663239074550129,2026-10-08
scorecard:236939,I72951846,130915,8132658,762,108212,1.3170704005970828,2026-10-08
scorecard:236948,I201448701,571405,108695133,3636,677097,39.77318834951456,2026-10-08
scorecard:237011,I52669646,14663,507803,259,7303,1.548163082437276,2026-10-08
scorecard:237057,I138943879,7528,167085,156,1327,0.2155663362159882,2026-10-08
scorecard:237066,I168046917,1190,13885,55,279,0.895910780669145,2026-10-08
scorecard:237136,I4210115594,0,0,0,0,0,2026-10-08
scorecard:237181,I127410070,210,2406,24,42,0.30952380952380953,2026-10-08
scorecard:237215,I111759441,170,1246,19,40,0.034482758620689655,2026-10-08
scorecard:237312,I48380244,946,38601,92,422,1.04,2026-10-08
scorecard:237330,I65571275,332,4898,34,103,1.1071428571428572,2026-10-08
scorecard:237358,I151567339,155,2022,20,36,0.06896551724137931,2026-10-08
scorecard:237367,I142920149,667,6831,42,168,1.4906832298136645,2026-10-08
scorecard:237525,I88694374,12171,443338,196,8112,2.0859972202918695,2026-10-08
scorecard:237792,I107118585,945,14126,64,269,0.6547619047619048,2026-10-08
scorecard:237899,I77002289,1152,40185,80,678,2.7927631578947367,2026-10-08
scorecard:237932,I31452180,1010,8913,37,270,0.9042553191489362,2026-10-08
scorecard:237950,I181223716,747,10799,46,186,0.6150627615062761,2026-10-08
scorecard:237969,I45013219,480,6723,43,141,0.5,2026-10-08
scorecard:238032,I12097938,103735,5545994,678,78256,2.9371069182389937,2026-10-08
scorecard:238078,I18283598,693,33193,89,615,0,2026-10-08
scorecard:238193,I198735067,307,7314,33,89,0.75,2026-10-08
scorecard:238324,I4210164635,173,2705,25,105,1.76,2026-10-08
scorecard:238333,I76369901,1992,36386,76,550,1.6355932203389831,2026-10-08
scorecard:238458,I22092394,1003,20242,63,393,2.2672811059907834,2026-10-08
scorecard:238476,I176902721,1050,23333,60,353,1.4727272727272727,2026-10-08
scorecard:238616,I105925353,879,44600,80,472,10.37377049180328,2026-10-08
scorecard:238661,I132135634,505,8897,46,217,0.8205128205128205,2026-10-08
scorecard:238980,I44402373,89,1048,19,26,0.3023255813953488,2026-10-08
scorecard:239017,I153592363,2563,91641,125,961,1.131578947368421,2026-10-08
scorecard:239071,I2801642533,25,351,10,10,0,2026-10-08
scorecard:239080,I4210106835,271,1775,20,41,1.1,2026-10-08
scorecard:239105,I102461120,37889,1264616,316,22901,3.0823769847508253,2026-10-08
scorecard:239309,I4210128488,19,21,2,1,0,2026-10-08
scorecard:239318,I50702494,1672,26049,69,534,0.811965811965812,2026-10-08
scorecard:239390,I922734724,322,2833,26,61,2.225806451612903,2026-10-08
scorecard:239628,I209336547,820,11222,49,281,0.21638655462184875,2026-10-08
scorecard:239716,I133937715,1759,23322,71,399,2.227722772277228,2026-10-08
scorecard:240107,I144571360,440,9836,41,154,1.848,2026-10-08
scorecard:240189,I183533211,5601,150757,165,2350,2.122543352601156,2026-10-08
scorecard:240268,I124727415,5899,245122,191,3553,2.2324521422060166,2026-10-08
scorecard:240277,I129510320,3249,84302,116,1408,3.2548672566371684,2026-10-08
scorecard:240329,I4657992,6149,191791,159,3328,1.3551114527286703,2026-10-08
scorecard:240338,I166358468,279,1548,23,42,3.595744680851064,2026-10-08
scorecard:240365,I64185308,5929,187901,176,2998,1.8201550387596899,2026-10-08
scorecard:240374,I183437572,3163,78924,117,1489,1.6571428571428573,2026-10-08
scorecard:240417,I1921588,2708,46857,95,894,1.2034632034632036,2026-10-08
scorecard:240426,I61567134,906,31521,81,508,1.3235294117647058,2026-10-08
scorecard:240444,I135310074,408236,47773148,1534,542760,3.798241020380347,2026-10-08
scorecard:240453,I43579087,50619,5137795,876,44919,6.741302612067982,2026-10-08
scorecard:240462,I1745920,2048,36245,80,698,1.7006802721088434,2026-10-08
scorecard:240471,I14403649,2230,118120,166,1445,2.235546038543897,2026-10-08
scorecard:240480,I191114373,3894,107198,128,2110,1.6632124352331605,2026-10-08
scorecard:240727,I12834331,48423,2727990,487,38929,3.2524946834614754,2026-10-08
scorecard:241191,I4210157246,19,99,4,3,0.4,2026-10-08
scorecard:241225,I4210152182,22,39,4,0,0.6666666666666666,2026-10-08
scorecard:241331,I45497615,809,17050,58,277,2.426470588235294,2026-10-08
scorecard:241410,I111350863,2706,15479,48,310,0.22743055555555555,2026-10-08
scorecard:241951,I4210088536,0,0,0,0,0,2026-10-08
scorecard:243106,I4210150461,133,1236,19,33,0.7777777777777778,2026-10-08
scorecard:243115,I89458556,317,4080,37,81,0.36464088397790057,2026-10-08
scorecard:243133,I4210158873,393,4500,35,97,1.0319148936170213,2026-10-08
scorecard:243142,I920381996,156,1809,23,43,1.8235294117647058,2026-10-08
scorecard:243151,I15070125,643,17399,67,297,1.1122994652406417,2026-10-08
scorecard:243179,I23968078,1063,23963,63,617,0.9691358024691358,2026-10-08
scorecard:243197,I60388903,12464,832999,279,11019,2.1555273994298383,2026-10-08
scorecard:243212,I2802847651,669,44802,77,394,1.148936170212766,2026-10-08
scorecard:243221,I1662191,10715,454556,243,7185,2.0585052417991205,2026-10-08
scorecard:243443,I4210132434,293,2041,23,47,1.2340425531914894,2026-10-08
scorecard:243665,I17001226,1187,47099,97,795,1.9567430025445292,2026-10-08
scorecard:243744,I97018004,587609,99035496,2720,724851,6.807983051663537,2026-10-08
scorecard:243780,I219193219,298799,22099486,990,306807,3.310443864229765,2026-10-08
scorecard:245953,I2802205910,23,246,6,5,0,2026-10-08
scorecard:262129,I4056153,1582,33310,76,634,1.6975,2026-10-08
scorecard:366711,I226560621,4862,250057,197,2626,2.0770428015564204,2026-10-08
scorecard:377546,I4210115360,2,3,1,0,0,2026-10-08
scorecard:377555,I4210138624,3712,295800,200,2190,4.514822134387352,2026-10-08
scorecard:377564,I4210150356,5087,173126,182,2462,2.339320076972418,2026-10-08
scorecard:384254,I2799569980,35,1249,9,9,0.1,2026-10-08
scorecard:384421,I4210123895,0,0,0,0,0,2026-10-08
scorecard:385619,I2799597470,135,291,8,8,0.15841584158415842,2026-10-08
scorecard:399911,I67607428,621,8579,37,118,0.963855421686747,2026-10-08
scorecard:409698,I135369504,3405,95516,144,1427,2.755252100840336,2026-10-08
scorecard:417752,I4210094166,0,0,0,0,0,2026-10-08
scorecard:426314,I84475105,14159,1068461,412,6212,2.9365020879390813,2026-10-08
scorecard:430670,I325675569,530,12627,36,174,1.5201793721973094,2026-10-08
scorecard:433004,I4210095272,167,5955,40,91,1.5454545454545454,2026-10-08
scorecard:433660,I2801014300,5633,134634,132,2383,2.27743668457406,2026-10-08
scorecard:439701,I4210119767,47,111,7,6,3.1818181818181817,2026-10-08
scorecard:440396,I2802129807,24,108,3,2,0,2026-10-08
scorecard:440828,I53835047,505,13463,55,269,2.4385026737967914,2026-10-08
scorecard:441900,I147912653,464,6462,39,177,0.8153153153153153,2026-10-08
scorecard:441937,I194388944,1855,35332,81,660,1.8676171079429735,2026-10-08
scorecard:441982,I137428128,1730,45638,92,601,0.875,2026-10-08
scorecard:443410,I216106892,205,3649,27,66,3.210526315789474,2026-10-08
scorecard:445188,I156087764,23019,1093614,370,13801,3.135233843968753,2026-10-08
scorecard:445692,I110708253,43,805,16,19,1,2026-10-08
scorecard:446048,I191159885,629,3806,28,72,1.2602739726027397,2026-10-08
scorecard:446233,I4210166553,0,0,0,0,0,2026-10-08
scorecard:446640,I153151563,1548,18230,63,383,2.7982370225269344,2026-10-08
scorecard:447689,I78927796,1627,28734,74,591,1.671003717472119,2026-10-08
scorecard:449658,I4210110724,0,0,0,0,0,2026-10-08
scorecard:449764,I4210156959,1,3,1,0,0,2026-10-08
scorecard:449870,I181134585,165,1213,16,31,0.047619047619047616,2026-10-08
scorecard:451398,I4210160362,0,0,0,0,0,2026-10-08
scorecard:451927,I125884339,49,630,12,14,0.14285714285714285,2026-10-08
scorecard:455770,I154182229,10,81,4,2,2.5,2026-10-08
scorecard:456959,I4210120349,1776,182196,172,2181,1.7957446808510638,2026-10-08
scorecard:459949,I1335518801,2127,27594,64,610,1.7519466073414904,2026-10-08
scorecard:462354,I2802664463,11,3,1,0,0,2026-10-08
scorecard:475608,I40145563,11,17,2,0,0.3333333333333333,2026-10-08
scorecard:476601,I4210094338,0,0,0,0,0,2026-10-08
scorecard:480781,I2802039673,129,7328,25,60,1.6,2026-10-08
scorecard:480985,I2915433752,34,281,8,6,1.375,2026-10-08
scorecard:482149,I25041050,50133,4090250,510,59045,2.558641975308642,2026-10-08
scorecard:482158,I931969281,620,23996,42,159,2.0277777777777777,2026-10-08
scorecard:482413,I4210161292,29,233,6,6,0.3,2026-10-08
scorecard:482680,I924760719,2664,35873,72,813,1.3444700460829493,2026-10-08
scorecard:482936,I32480017,1590,37985,85,731,4.003351955307263,2026-10-08
scorecard:483018,I99871819,849,19866,68,365,0.8888888888888888,2026-10-08
scorecard:483036,I76756774,862,19682,57,264,2.9812206572769955,2026-10-08
scorecard:483780,I2803038027,9,68,4,2,0,2026-10-08
scorecard:484905,I87573096,998,12541,54,250,2.6552795031055902,2026-10-08
scorecard:486284,I3131273231,6,6,1,0,1,2026-10-08
scorecard:486840,I172980758,17463,434803,218,6679,1.8737920596111306,2026-10-08
scorecard:486901,I54880866,163,1056,18,32,0.9166666666666666,2026-10-08
scorecard:487524,I32208735,619,26391,67,406,1.564102564102564,2026-10-08
scorecard:489937,I4210153730,0,0,0,0,0,2026-10-08
scorecard:490133,I4404532904,1408,11504,48,302,4.504222553402881,2026-10-08
scorecard:490805,I117015748,7043,348702,216,5040,2.9672059466550067,2026-10-08
scorecard:496627,I4210147380,2088,39169,75,894,2.2524880206413562,2026-10-08
scorecard:498571,I4405268728,1990,31335,78,656,1.0853994490358128,2026-10-08
