key,our_name,our_country,openalex_id,openalex_name,method,confidence,accepted,note
scorecard:214786,Pennsylvania State University-Penn State Greater Allegheny,United States,I4405270512,Pennsylvania State University - Greater Allegheny,OpenAlex name search: similar name + country (0.83),low,no,needs review
scorecard:163976,St. John's College,United States,I4210131395,St. John's College,OpenAlex name search: same name + country,medium,no,another of our schools matched the same Leiden university
scorecard:245652,St. John's College,United States,I4210131395,St. John's College,OpenAlex name search: same name + country,medium,no,another of our schools matched the same Leiden university
curated:anu,Australian National University,Australia,I118347636,Australian National University,ROR id of the accepted Leiden match (website domain + country),high,yes,
curated:monash,Monash University,Australia,I56590836,Monash University,ROR id of the accepted Leiden match (website domain + country),high,yes,
curated:unimelb,University of Melbourne,Australia,I165779595,The University of Melbourne,ROR id of the accepted Leiden match (website domain + country),high,yes,
curated:uq,University of Queensland,Australia,I165143802,The University of Queensland,ROR id of the accepted Leiden match (website domain + country),high,yes,
curated:usyd,University of Sydney,Australia,I129604602,The University of Sydney,ROR id of the accepted Leiden match (website domain + country),high,yes,
curated:uts,University of Technology Sydney,Australia,I114017466,University of Technology Sydney,ROR id of the accepted Leiden match (website domain + country),high,yes,
curated:uwa,University of Western Australia,Australia,I177877127,The University of Western Australia,ROR id of the accepted Leiden match (website domain + country),high,yes,
curated:unsw,UNSW Sydney,Australia,I31746571,UNSW Sydney,ROR id of the accepted Leiden match (website domain + country),high,yes,
curated:tuwien,TU Wien,Austria,I145847075,TU Wien,ROR id of the accepted Leiden match (website domain + country),high,yes,
curated:univie,University of Vienna,Austria,I129774422,University of Vienna,ROR id of the accepted Leiden match (website domain + country),high,yes,
curated:ugent,Ghent University,Belgium,I32597200,Ghent University,ROR id of the accepted Leiden match (website domain + country),high,yes,
curated:kuleuven,KU Leuven,Belgium,I99464096,KU Leuven,ROR id of the accepted Leiden match (website domain + country),high,yes,
curated:mcgill,McGill University,Canada,I5023651,McGill University,ROR id of the accepted Leiden match (website domain + country),high,yes,
curated:mcmaster,McMaster University,Canada,I98251732,McMaster University,ROR id of the accepted Leiden match (website domain + country),high,yes,
curated:queens,Queen's University,Canada,I204722609,Queen's University,ROR id of the accepted Leiden match (website domain + country),high,yes,
curated:sfu,Simon Fraser University,Canada,I18014758,Simon Fraser University,ROR id of the accepted Leiden match (website domain + country),high,yes,
curated:umontreal,Université de Montréal,Canada,I70931966,Université de Montréal,ROR id of the accepted Leiden match (website domain + country),high,yes,
curated:ualberta,University of Alberta,Canada,I154425047,University of Alberta,ROR id of the accepted Leiden match (website domain + country),high,yes,
curated:ubc,University of British Columbia,Canada,I141945490,University of British Columbia,ROR id of the accepted Leiden match (website domain + country),high,yes,
curated:ucalgary,University of Calgary,Canada,I168635309,University of Calgary,ROR id of the accepted Leiden match (website domain + country),high,yes,
curated:uottawa,University of Ottawa,Canada,I153718931,University of Ottawa,ROR id of the accepted Leiden match (website domain + country),high,yes,
curated:utoronto,University of Toronto,Canada,I185261750,University of Toronto,ROR id of the accepted Leiden match (website domain + country),high,yes,
curated:uwaterloo,University of Waterloo,Canada,I151746483,University of Waterloo,ROR id of the accepted Leiden match (website domain + country),high,yes,
curated:western,Western University,Canada,I125749732,Western University,ROR id of the accepted Leiden match (website domain + country),high,yes,
curated:fudan,Fudan University,China,I24943067,Fudan University,ROR id of the accepted Leiden match (website domain + country),high,yes,
curated:pku,Peking University,China,I20231570,Peking University,ROR id of the accepted Leiden match (website domain + country),high,yes,
curated:sjtu,Shanghai Jiao Tong University,China,I183067930,Shanghai Jiao Tong University,ROR id of the accepted Leiden match (website domain + country),high,yes,
curated:tsinghua,Tsinghua University,China,I99065089,Tsinghua University,ROR id of the accepted Leiden match (website domain + country),high,yes,
curated:zju,Zhejiang University,China,I76130692,Zhejiang University,ROR id of the accepted Leiden match (website domain + country),high,yes,
curated:aarhus,Aarhus University,Denmark,I204337017,Aarhus University,ROR id of the accepted Leiden match (website domain + country),high,yes,
curated:dtu,Technical University of Denmark,Denmark,I96673099,Technical University of Denmark,ROR id of the accepted Leiden match (website domain + country),high,yes,
curated:ku-copenhagen,University of Copenhagen,Denmark,I124055696,University of Copenhagen,ROR id of the accepted Leiden match (website domain + country),high,yes,
curated:aalto,Aalto University,Finland,I9927081,Aalto University,ROR id of the accepted Leiden match (website domain + country),high,yes,
curated:helsinki,University of Helsinki,Finland,I133731052,University of Helsinki,ROR id of the accepted Leiden match (website domain + country),high,yes,
curated:polytechnique,École Polytechnique,France,I142476485,École Polytechnique,OpenAlex name search: same name + country,medium,yes,
curated:sciencespo,Sciences Po,France,I205092303,Institut d'Etudes Politiques de Paris,ROR id of the accepted Leiden match (website domain + country),high,yes,
curated:sorbonne,Sorbonne University,France,I39804081,Sorbonne Université,ROR id of the accepted Leiden match (website domain + country),high,yes,
curated:paris-saclay,Université Paris-Saclay,France,I277688954,Université Paris-Saclay,ROR id of the accepted Leiden match (website domain + country),high,yes,
curated:psl,Université PSL,France,I2746051580,Université Paris Sciences et Lettres,ROR id of the accepted Leiden match (website domain + country),high,yes,
curated:heidelberg,Heidelberg University,Germany,I223822909,Heidelberg University,ROR id of the accepted Leiden match (website domain + country),high,yes,
curated:hu-berlin,Humboldt-Universität zu Berlin,Germany,I39343248,Humboldt-Universität zu Berlin,ROR id of the accepted Leiden match (website domain + country),high,yes,
curated:kit,Karlsruhe Institute of Technology,Germany,I102335020,Karlsruhe Institute of Technology,ROR id of the accepted Leiden match (website domain + country),high,yes,
curated:lmu,LMU Munich,Germany,I8204097,Ludwig-Maximilians-Universität München,ROR id of the accepted Leiden match (website domain + country),high,yes,
curated:rwth,RWTH Aachen University,Germany,I887968799,RWTH Aachen University,ROR id of the accepted Leiden match (website domain + country),high,yes,
curated:tum,Technical University of Munich,Germany,I62916508,Technical University of Munich,ROR id of the accepted Leiden match (website domain + country),high,yes,
curated:tu-berlin,Technische Universität Berlin,Germany,I4577782,Technische Universität Berlin,ROR id of the accepted Leiden match (website domain + country),high,yes,
curated:cityu,City University of Hong Kong,Hong Kong,I168719708,City University of Hong Kong,ROR id of the accepted Leiden match (website domain + country),high,yes,
curated:hkust,Hong Kong University of Science and Technology,Hong Kong,I200769079,Hong Kong University of Science and Technology,ROR id of the accepted Leiden match (website domain + country),high,yes,
curated:cuhk,The Chinese University of Hong Kong,Hong Kong,I177725633,Chinese University of Hong Kong,ROR id of the accepted Leiden match (website domain + country),high,yes,
curated:hku,The University of Hong Kong,Hong Kong,I889458895,University of Hong Kong,ROR id of the accepted Leiden match (website domain + country),high,yes,
curated:iisc,Indian Institute of Science,India,I59270414,Indian Institute of Science Bangalore,ROR id of the accepted Leiden match (website domain + country),high,yes,
curated:iitb,Indian Institute of Technology Bombay,India,I162827531,Indian Institute of Technology Bombay,ROR id of the accepted Leiden match (website domain + country),high,yes,
curated:iitd,Indian Institute of Technology Delhi,India,I68891433,Indian Institute of Technology Delhi,ROR id of the accepted Leiden match (website domain + country),high,yes,
curated:iitm,Indian Institute of Technology Madras,India,I24676775,Indian Institute of Technology Madras,ROR id of the accepted Leiden match (website domain + country),high,yes,
curated:tcd,Trinity College Dublin,Ireland,I205274468,Trinity College Dublin,ROR id of the accepted Leiden match (website domain + country),high,yes,
curated:ucd,University College Dublin,Ireland,I100930933,University College Dublin,ROR id of the accepted Leiden match (website domain + country),high,yes,
curated:polimi,Politecnico di Milano,Italy,I93860229,Politecnico di Milano,ROR id of the accepted Leiden match (website domain + country),high,yes,
curated:polito,Politecnico di Torino,Italy,I177477856,Politecnico di Torino,ROR id of the accepted Leiden match (website domain + country),high,yes,
curated:sapienza,Sapienza University of Rome,Italy,I861853513,Sapienza University of Rome,ROR id of the accepted Leiden match (website domain + country),high,yes,
curated:unibo,University of Bologna,Italy,I9360294,University of Bologna,ROR id of the accepted Leiden match (website domain + country),high,yes,
curated:kyoto,Kyoto University,Japan,I22299242,Kyoto University,ROR id of the accepted Leiden match (website domain + country),high,yes,
curated:osaka,Osaka University,Japan,I98285908,The University of Osaka,ROR id of the accepted Leiden match (website domain + country),high,yes,
curated:tohoku,Tohoku University,Japan,I201537933,Tohoku University,ROR id of the accepted Leiden match (website domain + country),high,yes,
curated:utokyo,University of Tokyo,Japan,I74801974,The University of Tokyo,ROR id of the accepted Leiden match (website domain + country),high,yes,
curated:um,Universiti Malaya,Malaysia,I33849332,University of Malaya,ROR id of the accepted Leiden match (website domain + country),high,yes,
curated:tudelft,Delft University of Technology,Netherlands,I98358874,Delft University of Technology,ROR id of the accepted Leiden match (website domain + country),high,yes,
curated:tue,Eindhoven University of Technology,Netherlands,I83019370,Eindhoven University of Technology,ROR id of the accepted Leiden match (website domain + country),high,yes,
curated:eur,Erasmus University Rotterdam,Netherlands,I913958620,Erasmus University Rotterdam,ROR id of the accepted Leiden match (website domain + country),high,yes,
curated:leiden,Leiden University,Netherlands,I121797337,Leiden University,ROR id of the accepted Leiden match (same name + country),medium,yes,
curated:uva,University of Amsterdam,Netherlands,I887064364,University of Amsterdam,ROR id of the accepted Leiden match (website domain + country),high,yes,
curated:rug,University of Groningen,Netherlands,I169381384,University of Groningen,ROR id of the accepted Leiden match (website domain + country),high,yes,
curated:uu,Utrecht University,Netherlands,I193662353,Utrecht University,ROR id of the accepted Leiden match (website domain + country),high,yes,
curated:wur,Wageningen University & Research,Netherlands,I913481162,Wageningen University & Research,ROR id of the accepted Leiden match (website domain + country),high,yes,
curated:auckland,University of Auckland,New Zealand,I154130895,University of Auckland,ROR id of the accepted Leiden match (website domain + country),high,yes,
curated:ntnu,Norwegian University of Science and Technology,Norway,I204778367,Norwegian University of Science and Technology,ROR id of the accepted Leiden match (website domain + country),high,yes,
curated:uio,University of Oslo,Norway,I184942183,University of Oslo,ROR id of the accepted Leiden match (website domain + country),high,yes,
curated:ntu-sg,Nanyang Technological University,Singapore,I172675005,Nanyang Technological University,ROR id of the accepted Leiden match (website domain + country),high,yes,
curated:nus,National University of Singapore,Singapore,I165932596,National University of Singapore,ROR id of the accepted Leiden match (website domain + country),high,yes,
curated:kaist,KAIST,South Korea,I157485424,Korea Advanced Institute of Science and Technology,ROR id of the accepted Leiden match (website domain + country),high,yes,
curated:korea-univ,Korea University,South Korea,I197347611,Korea University,ROR id of the accepted Leiden match (same name + country),medium,yes,
curated:postech,POSTECH,South Korea,I123900574,Pohang University of Science and Technology,ROR id of the accepted Leiden match (website domain + country),high,yes,
curated:snu,Seoul National University,South Korea,I139264467,Seoul National University,ROR id of the accepted Leiden match (website domain + country),high,yes,
curated:yonsei,Yonsei University,South Korea,I193775966,Yonsei University,ROR id of the accepted Leiden match (website domain + country),high,yes,
curated:ub,University of Barcelona,Spain,I71999127,Universitat de Barcelona,ROR id of the accepted Leiden match (website domain + country),high,yes,
curated:chalmers,Chalmers University of Technology,Sweden,I66862912,Chalmers University of Technology,ROR id of the accepted Leiden match (website domain + country),high,yes,
curated:kth,KTH Royal Institute of Technology,Sweden,I86987016,KTH Royal Institute of Technology,ROR id of the accepted Leiden match (website domain + country),high,yes,
curated:lund,Lund University,Sweden,I187531555,Lund University,ROR id of the accepted Leiden match (website domain + country),high,yes,
curated:su,Stockholm University,Sweden,I161593684,Stockholm University,ROR id of the accepted Leiden match (website domain + country),high,yes,
curated:uppsala,Uppsala University,Sweden,I123387679,Uppsala University,ROR id of the accepted Leiden match (website domain + country),high,yes,
curated:epfl,EPFL,Switzerland,I5124864,École Polytechnique Fédérale de Lausanne,ROR id of the accepted Leiden match (website domain + country),high,yes,
curated:ethz,ETH Zurich,Switzerland,I35440088,ETH Zurich,ROR id of the accepted Leiden match (website domain + country),high,yes,
curated:unige,University of Geneva,Switzerland,I114457229,University of Geneva,ROR id of the accepted Leiden match (website domain + country),high,yes,
curated:uzh,University of Zurich,Switzerland,I202697423,University of Zurich,ROR id of the accepted Leiden match (website domain + country),high,yes,
curated:ntu-tw,National Taiwan University,Taiwan,I16733864,National Taiwan University,ROR id of the accepted Leiden match (website domain + country),high,yes,
curated:khalifa,Khalifa University,United Arab Emirates,I176601375,Khalifa University of Science and Technology,ROR id of the accepted Leiden match (website domain + country),high,yes,
curated:nyuad,NYU Abu Dhabi,United Arab Emirates,I120250893,New York University Abu Dhabi,OpenAlex name search: website domain + country,high,yes,
curated:durham,Durham University,United Kingdom,I190082696,Durham University,ROR id of the accepted Leiden match (same name + country),medium,yes,
curated:imperial,Imperial College London,United Kingdom,I47508984,Imperial College London,ROR id of the accepted Leiden match (website domain + country),high,yes,
curated:kcl,King's College London,United Kingdom,I183935753,King's College London,ROR id of the accepted Leiden match (website domain + country),high,yes,
curated:lse,London School of Economics and Political Science,United Kingdom,I909854389,London School of Economics and Political Science,ROR id of the accepted Leiden match (website domain + country),high,yes,
curated:ucl,University College London,United Kingdom,I45129253,University College London,ROR id of the accepted Leiden match (website domain + country),high,yes,
curated:bristol,University of Bristol,United Kingdom,I36234482,University of Bristol,ROR id of the accepted Leiden match (website domain + country),high,yes,
curated:cambridge,University of Cambridge,United Kingdom,I241749,University of Cambridge,ROR id of the accepted Leiden match (website domain + country),high,yes,
curated:edinburgh,University of Edinburgh,United Kingdom,I98677209,University of Edinburgh,ROR id of the accepted Leiden match (website domain + country),high,yes,
curated:glasgow,University of Glasgow,United Kingdom,I7882870,University of Glasgow,ROR id of the accepted Leiden match (website domain + country),high,yes,
curated:leeds,University of Leeds,United Kingdom,I130828816,University of Leeds,ROR id of the accepted Leiden match (website domain + country),high,yes,
curated:manchester,University of Manchester,United Kingdom,I28407311,University of Manchester,ROR id of the accepted Leiden match (website domain + country),high,yes,
curated:oxford,University of Oxford,United Kingdom,I40120149,University of Oxford,ROR id of the accepted Leiden match (website domain + country),high,yes,
curated:southampton,University of Southampton,United Kingdom,I43439940,University of Southampton,ROR id of the accepted Leiden match (website domain + country),high,yes,
curated:st-andrews,University of St Andrews,United Kingdom,I16835326,University of St Andrews,ROR id of the accepted Leiden match (website domain + country),high,yes,
curated:warwick,University of Warwick,United Kingdom,I39555362,University of Warwick,ROR id of the accepted Leiden match (website domain + country),high,yes,
scorecard:222178,Abilene Christian University,United States,I60205797,Abilene Christian University,IPEDS id → Wikidata → ROR id,high,yes,
scorecard:138558,Abraham Baldwin Agricultural College,United States,I2799637951,Abraham Baldwin Agricultural College,IPEDS id → Wikidata → ROR id,high,yes,
scorecard:188429,Adelphi University,United States,I71965598,Adelphi University,IPEDS id → Wikidata → ROR id,high,yes,
scorecard:168528,Adrian College,United States,I147193464,Adrian College,IPEDS id → Wikidata → ROR id,high,yes,
scorecard:138600,Agnes Scott College,United States,I64506506,Agnes Scott College,IPEDS id → Wikidata → ROR id,high,yes,
scorecard:100654,Alabama A & M University,United States,I176692203,Alabama Agricultural and Mechanical University,IPEDS id → Wikidata → ROR id,high,yes,
scorecard:100724,Alabama State University,United States,I145611464,Alabama State University,IPEDS id → Wikidata → ROR id,high,yes,
scorecard:188526,Albany College of Pharmacy and Health Sciences,United States,I365282,Albany College of Pharmacy and Health Sciences,IPEDS id → Wikidata → ROR id,high,yes,
scorecard:128498,Albertus Magnus College,United States,I176953057,Albertus Magnus College,IPEDS id → Wikidata → ROR id,high,yes,
scorecard:168546,Albion College,United States,I45644089,Albion College,IPEDS id → Wikidata → ROR id,high,yes,
scorecard:241331,Albizu University-San Juan,United States,I45497615,Carlos Albizu University,IPEDS id → Wikidata → ROR id,high,yes,
scorecard:210571,Albright College,United States,I83257022,Albright College,IPEDS id → Wikidata → ROR id,high,yes,
scorecard:175342,Alcorn State University,United States,I57298602,Alcorn State University,IPEDS id → Wikidata → ROR id,high,yes,
scorecard:188641,Alfred University,United States,I49502546,Alfred University,IPEDS id → Wikidata → ROR id,high,yes,
scorecard:156189,Alice Lloyd College,United States,I746868,Alice Lloyd College,IPEDS id → Wikidata → ROR id,high,yes,
scorecard:210669,Allegheny College,United States,I120506574,Allegheny College,IPEDS id → Wikidata → ROR id,high,yes,
scorecard:217624,Allen University,United States,I19434645,Allen University,IPEDS id → Wikidata → ROR id,high,yes,
scorecard:168591,Alma College,United States,I186589156,Alma College,IPEDS id → Wikidata → ROR id,high,yes,
scorecard:210775,Alvernia University,United States,I40562200,Alvernia University,IPEDS id → Wikidata → ROR id,high,yes,
scorecard:238193,Alverno College,United States,I198735067,Alverno College,IPEDS id → Wikidata → ROR id,high,yes,
scorecard:164447,American International College,United States,I110160838,American International College,IPEDS id → Wikidata → ROR id,high,yes,
scorecard:142957,American Islamic College,United States,I4405259499,American Islamic College,IPEDS id → Wikidata → ROR id,high,yes,
scorecard:131159,American University,United States,I181401687,American University,IPEDS id → Wikidata → ROR id,high,yes,
scorecard:433004,American University of Health Sciences,United States,I4210095272,American University of Health Sciences,IPEDS id → Wikidata → ROR id,high,yes,
scorecard:164465,Amherst College,United States,I177605424,Amherst College,IPEDS id → Wikidata → ROR id,high,yes,
scorecard:150066,Anderson University,United States,I291402441,Anderson University - Indiana,IPEDS id → Wikidata → ROR id,high,yes,
scorecard:217633,Anderson University,United States,I68812265,Anderson University - South Carolina,IPEDS id → Wikidata → ROR id,high,yes,
scorecard:168740,Andrews University,United States,I102298084,Andrews University,IPEDS id → Wikidata → ROR id,high,yes,
scorecard:222831,Angelo State University,United States,I41644977,Angelo State University,IPEDS id → Wikidata → ROR id,high,yes,
scorecard:164492,Anna Maria College,United States,I88569485,Anna Maria College,IPEDS id → Wikidata → ROR id,high,yes,
scorecard:483018,Antioch College,United States,I99871819,Antioch College,IPEDS id → Wikidata → ROR id,high,yes,
scorecard:237136,Appalachian Bible College,United States,I4210115594,Appalachian Bible College,IPEDS id → Wikidata → ROR id,high,yes,
scorecard:197869,Appalachian State University,United States,I430192,Appalachian State University,IPEDS id → Wikidata → ROR id,high,yes,
scorecard:168786,Aquinas College,United States,I98905627,Aquinas College - Michigan,IPEDS id → Wikidata → ROR id,high,yes,
scorecard:211088,Arcadia University,United States,I51204116,Arcadia University,IPEDS id → Wikidata → ROR id,high,yes,
scorecard:105899,Arizona Christian University,United States,I2799487676,Arizona Christian University,IPEDS id → Wikidata → ROR id,high,yes,
scorecard:104151,Arizona State University Campus Immersion,United States,I55732556,Arizona State University,IPEDS id → Wikidata → ROR id,high,yes,
scorecard:106458,Arkansas State University,United States,I125956826,Arkansas State University,IPEDS id → Wikidata → ROR id,high,yes,
scorecard:201061,Art Academy of Cincinnati,United States,I2801123574,Art Academy of Cincinnati,IPEDS id → Wikidata → ROR id,high,yes,
scorecard:109651,Art Center College of Design,United States,I164989479,ArtCenter College of Design,IPEDS id → Wikidata → ROR id,high,yes,
scorecard:156213,Asbury University,United States,I236658880,Asbury University,IPEDS id → Wikidata → ROR id,high,yes,
scorecard:201104,Ashland University,United States,I195875291,Ashland University,IPEDS id → Wikidata → ROR id,high,yes,
scorecard:164562,Assumption University,United States,I145210474,Assumption College,IPEDS id → Wikidata → ROR id,high,yes,
scorecard:100858,Auburn University,United States,I82497590,Auburn University,IPEDS id → Wikidata → ROR id,high,yes,
scorecard:100830,Auburn University at Montgomery,United States,I902671590,Auburn University at Montgomery,IPEDS id → Wikidata → ROR id,high,yes,
scorecard:173045,Augsburg University,United States,I119916105,Augsburg University,IPEDS id → Wikidata → ROR id,high,yes,
scorecard:482149,Augusta University,United States,I25041050,Augusta University,IPEDS id → Wikidata → ROR id,high,yes,
scorecard:143084,Augustana College,United States,I7956340,Augustana College,IPEDS id → Wikidata → ROR id,high,yes,
scorecard:219000,Augustana University,United States,I149700789,Augustana University,IPEDS id → Wikidata → ROR id,high,yes,
scorecard:143118,Aurora University,United States,I70936203,Aurora University,IPEDS id → Wikidata → ROR id,high,yes,
scorecard:222983,Austin College,United States,I12138139,Austin College,IPEDS id → Wikidata → ROR id,high,yes,
scorecard:219602,Austin Peay State University,United States,I184692499,Austin Peay State University,IPEDS id → Wikidata → ROR id,high,yes,
scorecard:446048,Ave Maria University,United States,I191159885,Ave Maria University,IPEDS id → Wikidata → ROR id,high,yes,
scorecard:231420,Averett University,United States,I99215809,Averett University,IPEDS id → Wikidata → ROR id,high,yes,
scorecard:176628,Avila University,United States,I177763036,Avila University,IPEDS id → Wikidata → ROR id,high,yes,
scorecard:109785,Azusa Pacific University,United States,I96408169,Azusa Pacific University,IPEDS id → Wikidata → ROR id,high,yes,
scorecard:164580,Babson College,United States,I96062909,Babson College,IPEDS id → Wikidata → ROR id,high,yes,
scorecard:476601,Bais HaMedrash and Mesivta of Baltimore,United States,I4210094338,Bais HaMedrash and Mesivta of Baltimore,IPEDS id → Wikidata → ROR id,high,yes,
scorecard:449658,Bais Medrash Toras Chesed,United States,I4210110724,Bais Medrash Toras Chesed,IPEDS id → Wikidata → ROR id,high,yes,
scorecard:168847,Baker College,United States,I115863807,Baker College,IPEDS id → Wikidata → ROR id,high,yes,
scorecard:154688,Baker University,United States,I82462995,Baker University,IPEDS id → Wikidata → ROR id,high,yes,
scorecard:201195,Baldwin Wallace University,United States,I115364640,Baldwin Wallace University,IPEDS id → Wikidata → ROR id,high,yes,
scorecard:150136,Ball State University,United States,I198089087,Ball State University,IPEDS id → Wikidata → ROR id,high,yes,
scorecard:219639,Baptist Health Sciences University,United States,I2799272940,Baptist College of Health Sciences,IPEDS id → Wikidata → ROR id,high,yes,
scorecard:132408,Baptist University of Florida,United States,I2799896861,Baptist College of Florida,IPEDS id → Wikidata → ROR id,high,yes,
scorecard:155070,Barclay College,United States,I2801697163,Barclay College,IPEDS id → Wikidata → ROR id,high,yes,
scorecard:189088,Bard College,United States,I39661318,Bard College,IPEDS id → Wikidata → ROR id,high,yes,
scorecard:189097,Barnard College,United States,I98540497,Barnard College,IPEDS id → Wikidata → ROR id,high,yes,
scorecard:132471,Barry University,United States,I151583259,Barry University,IPEDS id → Wikidata → ROR id,high,yes,
scorecard:197911,Barton College,United States,I186674591,Barton College,IPEDS id → Wikidata → ROR id,high,yes,
scorecard:160977,Bates College,United States,I37415318,Bates College,IPEDS id → Wikidata → ROR id,high,yes,
scorecard:164632,Bay Path University,United States,I188836409,Bay Path University,IPEDS id → Wikidata → ROR id,high,yes,
scorecard:223232,Baylor University,United States,I157394403,Baylor University,IPEDS id → Wikidata → ROR id,high,yes,
scorecard:384254,Beacon College,United States,I2799569980,Beacon College,IPEDS id → Wikidata → ROR id,high,yes,
scorecard:175421,Belhaven University,United States,I922829273,Belhaven University,IPEDS id → Wikidata → ROR id,high,yes,
scorecard:156286,Bellarmine University,United States,I872719,Bellarmine University,IPEDS id → Wikidata → ROR id,high,yes,
scorecard:238324,Bellin College,United States,I4210164635,Bellin College,IPEDS id → Wikidata → ROR id,high,yes,
scorecard:197984,Belmont Abbey College,United States,I109072018,Belmont Abbey College,IPEDS id → Wikidata → ROR id,high,yes,
scorecard:219709,Belmont University,United States,I47500176,Belmont University,IPEDS id → Wikidata → ROR id,high,yes,
scorecard:238333,Beloit College,United States,I76369901,Beloit College,IPEDS id → Wikidata → ROR id,high,yes,
scorecard:173124,Bemidji State University,United States,I50898853,Bemidji State University,IPEDS id → Wikidata → ROR id,high,yes,
scorecard:217721,Benedict College,United States,I207692693,Benedict College,IPEDS id → Wikidata → ROR id,high,yes,
scorecard:154712,Benedictine College,United States,I108093660,Benedictine College,IPEDS id → Wikidata → ROR id,high,yes,
scorecard:145619,Benedictine University,United States,I114660634,Benedictine University,IPEDS id → Wikidata → ROR id,high,yes,
scorecard:197993,Bennett College,United States,I134975095,Bennett College,IPEDS id → Wikidata → ROR id,high,yes,
scorecard:230816,Bennington College,United States,I77895542,Bennington College,IPEDS id → Wikidata → ROR id,high,yes,
scorecard:164739,Bentley University,United States,I139924743,Bentley University,IPEDS id → Wikidata → ROR id,high,yes,
scorecard:156295,Berea College,United States,I99568074,Berea College,IPEDS id → Wikidata → ROR id,high,yes,
scorecard:164748,Berklee College of Music,United States,I193106197,Berklee College of Music,IPEDS id → Wikidata → ROR id,high,yes,
scorecard:139144,Berry College,United States,I103605065,Berry College,IPEDS id → Wikidata → ROR id,high,yes,
scorecard:154721,Bethany College,United States,I4210143215,Bethany College - Kansas,IPEDS id → Wikidata → ROR id,high,yes,
scorecard:237181,Bethany College,United States,I127410070,Bethany College - West Virginia,IPEDS id → Wikidata → ROR id,high,yes,
scorecard:486284,Bethany Global University,United States,I3131273231,Bethany Global University,IPEDS id → Wikidata → ROR id,high,yes,
scorecard:173142,Bethany Lutheran College,United States,I2801447382,Bethany Lutheran College,IPEDS id → Wikidata → ROR id,high,yes,
scorecard:154749,Bethel College-North Newton,United States,I159084141,Bethel College - Kansas,IPEDS id → Wikidata → ROR id,high,yes,
scorecard:150145,Bethel University,United States,I4210099341,Bethel College,IPEDS id → Wikidata → ROR id,high,yes,
scorecard:173160,Bethel University,United States,I895819238,Bethel University,IPEDS id → Wikidata → ROR id,high,yes,
scorecard:219718,Bethel University,United States,I4210162547,Bethel University,IPEDS id → Wikidata → ROR id,high,yes,
scorecard:132602,Bethune-Cookman University,United States,I55356238,Bethune-Cookman University,IPEDS id → Wikidata → ROR id,high,yes,
scorecard:196079,Binghamton University,United States,I123946342,Binghamton University,IPEDS id → Wikidata → ROR id,high,yes,
scorecard:110097,Biola University,United States,I152479009,Biola University,IPEDS id → Wikidata → ROR id,high,yes,
scorecard:219046,Black Hills State University,United States,I75350188,Black Hills State University,IPEDS id → Wikidata → ROR id,high,yes,
scorecard:143288,Blackburn College,United States,I883665419,Blackburn College,IPEDS id → Wikidata → ROR id,high,yes,
scorecard:183822,Bloomfield College of Montclair State University,United States,I78649154,Bloomfield College,IPEDS id → Wikidata → ROR id,high,yes,
scorecard:175430,Blue Mountain Christian University,United States,I61388454,Blue Mountain College,IPEDS id → Wikidata → ROR id,high,yes,
scorecard:237215,Bluefield State University,United States,I111759441,Bluefield State College,IPEDS id → Wikidata → ROR id,high,yes,
scorecard:231554,Bluefield University,United States,I307045584,Bluefield College,IPEDS id → Wikidata → ROR id,high,yes,
scorecard:201371,Bluffton University,United States,I172982978,Bluffton University,IPEDS id → Wikidata → ROR id,high,yes,
scorecard:142090,Boise Bible College,United States,I4210159494,Boise Bible College,IPEDS id → Wikidata → ROR id,high,yes,
scorecard:142115,Boise State University,United States,I120156002,Boise State University,IPEDS id → Wikidata → ROR id,high,yes,
scorecard:164614,Boston Baptist College,United States,I4210144659,Boston Baptist College,IPEDS id → Wikidata → ROR id,high,yes,
scorecard:164924,Boston College,United States,I103531236,Boston College,IPEDS id → Wikidata → ROR id,high,yes,
scorecard:164988,Boston University,United States,I111088046,Boston University,IPEDS id → Wikidata → ROR id,high,yes,
scorecard:161004,Bowdoin College,United States,I135474949,Bowdoin College,IPEDS id → Wikidata → ROR id,high,yes,
scorecard:162007,Bowie State University,United States,I324100,Bowie State University,IPEDS id → Wikidata → ROR id,high,yes,
scorecard:201441,Bowling Green State University-Main Campus,United States,I157417397,Bowling Green State University,IPEDS id → Wikidata → ROR id,high,yes,
scorecard:143358,Bradley University,United States,I24648388,Bradley University,IPEDS id → Wikidata → ROR id,high,yes,
scorecard:165015,Brandeis University,United States,I6902469,Brandeis University,IPEDS id → Wikidata → ROR id,high,yes,
scorecard:139199,Brenau University,United States,I91042652,Brenau University,IPEDS id → Wikidata → ROR id,high,yes,
scorecard:156356,Brescia University,United States,I30667456,Brescia University,IPEDS id → Wikidata → ROR id,high,yes,
scorecard:198066,Brevard College,United States,I140023956,Brevard College,IPEDS id → Wikidata → ROR id,high,yes,
scorecard:231581,Bridgewater College,United States,I36194888,Bridgewater College,IPEDS id → Wikidata → ROR id,high,yes,
scorecard:165024,Bridgewater State University,United States,I17856709,Bridgewater State University,IPEDS id → Wikidata → ROR id,high,yes,
scorecard:230038,Brigham Young University,United States,I100005738,Brigham Young University,IPEDS id → Wikidata → ROR id,high,yes,
scorecard:230047,Brigham Young University-Hawaii,United States,I110092051,Brigham Young University–Hawaii,IPEDS id → Wikidata → ROR id,high,yes,
scorecard:217156,Brown University,United States,I27804330,Brown University,IPEDS id → Wikidata → ROR id,high,yes,
scorecard:180878,Bryan College of Health Sciences,United States,I4210162754,Bryan College of Health Sciences,IPEDS id → Wikidata → ROR id,high,yes,
scorecard:217165,Bryant University,United States,I178712713,Bryant University,IPEDS id → Wikidata → ROR id,high,yes,
scorecard:210492,Bryn Athyn College of the New Church,United States,I59273066,Bryn Athyn College,IPEDS id → Wikidata → ROR id,high,yes,
scorecard:211273,Bryn Mawr College,United States,I102373834,Bryn Mawr College,IPEDS id → Wikidata → ROR id,high,yes,
scorecard:211291,Bucknell University,United States,I131221577,Bucknell University,IPEDS id → Wikidata → ROR id,high,yes,
scorecard:153001,Buena Vista University,United States,I13811531,Buena Vista University,IPEDS id → Wikidata → ROR id,high,yes,
scorecard:209409,Bushnell University,United States,I2801756453,Bushnell University,IPEDS id → Wikidata → ROR id,high,yes,
scorecard:150163,Butler University,United States,I110678235,Butler University,IPEDS id → Wikidata → ROR id,high,yes,
scorecard:215114,Cairn University-Langhorne,United States,I162572415,Cairn University,IPEDS id → Wikidata → ROR id,high,yes,
scorecard:111188,Cal Poly Maritime Academy,United States,I230604491,California Maritime Academy,IPEDS id → Wikidata → ROR id,high,yes,
scorecard:183910,Caldwell University,United States,I55454047,Caldwell University,IPEDS id → Wikidata → ROR id,high,yes,
scorecard:110361,California Baptist University,United States,I177449303,California Baptist University,IPEDS id → Wikidata → ROR id,high,yes,
scorecard:110370,California College of the Arts,United States,I82549287,California College of the Arts,IPEDS id → Wikidata → ROR id,high,yes,
scorecard:110404,California Institute of Technology,United States,I122411786,California Institute of Technology,IPEDS id → Wikidata → ROR id,high,yes,
scorecard:111081,California Institute of the Arts,United States,I164036789,California Institute of the Arts,IPEDS id → Wikidata → ROR id,high,yes,
scorecard:110413,California Lutheran University,United States,I176611909,California Lutheran University,IPEDS id → Wikidata → ROR id,high,yes,
scorecard:480781,California Miramar University,United States,I2802039673,California Miramar University,IPEDS id → Wikidata → ROR id,high,yes,
scorecard:496627,California Northstate University,United States,I4210147380,California Northstate University,OpenAlex name search: same name + country,medium,yes,
scorecard:110422,California Polytechnic State University-San Luis Obispo,United States,I149919469,California Polytechnic State University,IPEDS id → Wikidata → ROR id,high,yes,
scorecard:115755,California State Polytechnic University-Humboldt,United States,I192389796,Cal Poly Humboldt,IPEDS id → Wikidata → ROR id,high,yes,
scorecard:110529,California State Polytechnic University-Pomona,United States,I98947143,California State Polytechnic University,IPEDS id → Wikidata → ROR id,high,yes,
scorecard:110486,California State University-Bakersfield,United States,I118839592,"California State University, Bakersfield",IPEDS id → Wikidata → ROR id,high,yes,
scorecard:441937,California State University-Channel Islands,United States,I194388944,"California State University, Channel Islands",IPEDS id → Wikidata → ROR id,high,yes,
scorecard:110538,California State University-Chico,United States,I36053171,"California State University, Chico",IPEDS id → Wikidata → ROR id,high,yes,
scorecard:110547,California State University-Dominguez Hills,United States,I290598920,"California State University, Dominguez Hills",IPEDS id → Wikidata → ROR id,high,yes,
scorecard:110574,California State University-East Bay,United States,I184813773,"California State University, East Bay",IPEDS id → Wikidata → ROR id,high,yes,
scorecard:110556,California State University-Fresno,United States,I67328108,"California State University, Fresno",IPEDS id → Wikidata → ROR id,high,yes,
scorecard:110565,California State University-Fullerton,United States,I142934699,"California State University, Fullerton",IPEDS id → Wikidata → ROR id,high,yes,
scorecard:110583,California State University-Long Beach,United States,I59897056,"California State University, Long Beach",IPEDS id → Wikidata → ROR id,high,yes,
scorecard:110592,California State University-Los Angeles,United States,I27825529,California State University Los Angeles,IPEDS id → Wikidata → ROR id,high,yes,
scorecard:409698,California State University-Monterey Bay,United States,I135369504,"California State University, Monterey Bay",IPEDS id → Wikidata → ROR id,high,yes,
scorecard:110608,California State University-Northridge,United States,I157638225,"California State University, Northridge",IPEDS id → Wikidata → ROR id,high,yes,
scorecard:110617,California State University-Sacramento,United States,I43522216,"California State University, Sacramento",IPEDS id → Wikidata → ROR id,high,yes,
scorecard:110510,California State University-San Bernardino,United States,I43369023,"California State University, San Bernardino",IPEDS id → Wikidata → ROR id,high,yes,
scorecard:366711,California State University-San Marcos,United States,I226560621,"California State University, San Marcos",IPEDS id → Wikidata → ROR id,high,yes,
scorecard:110495,California State University-Stanislaus,United States,I197875241,"California State University, Stanislaus",IPEDS id → Wikidata → ROR id,high,yes,
scorecard:176789,Calvary University,United States,I4210151730,Calvary Bible College,IPEDS id → Wikidata → ROR id,high,yes,
scorecard:169080,Calvin University,United States,I163795733,Calvin University,IPEDS id → Wikidata → ROR id,high,yes,
scorecard:198136,Campbell University,United States,I132446568,Campbell University,IPEDS id → Wikidata → ROR id,high,yes,
scorecard:156365,Campbellsville University,United States,I53368042,Campbellsville University,IPEDS id → Wikidata → ROR id,high,yes,
scorecard:189705,Canisius University,United States,I80134939,Canisius College,IPEDS id → Wikidata → ROR id,high,yes,
scorecard:201548,Capital University,United States,I139787848,Capital University,IPEDS id → Wikidata → ROR id,high,yes,
scorecard:162061,Capitol Technology University,United States,I98993165,Capitol Technology University,IPEDS id → Wikidata → ROR id,high,yes,
scorecard:173258,Carleton College,United States,I188497080,Carleton College,IPEDS id → Wikidata → ROR id,high,yes,
scorecard:211431,Carlow University,United States,I134174069,Carlow University,IPEDS id → Wikidata → ROR id,high,yes,
scorecard:211440,Carnegie Mellon University,United States,I74973139,Carnegie Mellon University,IPEDS id → Wikidata → ROR id,high,yes,
scorecard:489937,Carolina University,United States,I4210153730,Carolina University of Theology,IPEDS id → Wikidata → ROR id,high,yes,
scorecard:180106,Carroll College,United States,I80565981,Carroll College,IPEDS id → Wikidata → ROR id,high,yes,
scorecard:238458,Carroll University,United States,I22092394,Carroll University,IPEDS id → Wikidata → ROR id,high,yes,
scorecard:219806,Carson-Newman University,United States,I233299441,Carson Newman University,IPEDS id → Wikidata → ROR id,high,yes,
scorecard:238476,Carthage College,United States,I176902721,Carthage College,IPEDS id → Wikidata → ROR id,high,yes,
scorecard:201645,Case Western Reserve University,United States,I58956616,Case Western Reserve University,IPEDS id → Wikidata → ROR id,high,yes,
scorecard:198215,Catawba College,United States,I35711545,Catawba College,IPEDS id → Wikidata → ROR id,high,yes,
scorecard:211468,Cedar Crest College,United States,I166889024,Cedar Crest College,IPEDS id → Wikidata → ROR id,high,yes,
scorecard:201654,Cedarville University,United States,I169138485,Cedarville University,IPEDS id → Wikidata → ROR id,high,yes,
scorecard:158477,Centenary College of Louisiana,United States,I95574288,Centenary College of Louisiana,IPEDS id → Wikidata → ROR id,high,yes,
scorecard:183974,Centenary University,United States,I2801750073,Centenary College of New Jersey,IPEDS id → Wikidata → ROR id,high,yes,
scorecard:106713,Central Baptist College,United States,I2801071252,Central Baptist College,IPEDS id → Wikidata → ROR id,high,yes,
scorecard:154855,Central Christian College of Kansas,United States,I3133271633,Central Christian College of Kansas,IPEDS id → Wikidata → ROR id,high,yes,
scorecard:153108,Central College,United States,I72357078,Central College,IPEDS id → Wikidata → ROR id,high,yes,
scorecard:128771,Central Connecticut State University,United States,I154264771,Central Connecticut State University,IPEDS id → Wikidata → ROR id,high,yes,
scorecard:176947,Central Methodist University-College of Liberal Arts and Sciences,United States,I115765903,Central Methodist University,IPEDS id → Wikidata → ROR id,high,yes,
scorecard:169248,Central Michigan University,United States,I1629065,Central Michigan University,IPEDS id → Wikidata → ROR id,high,yes,
scorecard:201690,Central State University,United States,I162212782,Central State University,IPEDS id → Wikidata → ROR id,high,yes,
scorecard:234827,Central Washington University,United States,I29867402,Central Washington University,IPEDS id → Wikidata → ROR id,high,yes,
scorecard:156408,Centre College,United States,I12162268,Centre College,IPEDS id → Wikidata → ROR id,high,yes,
scorecard:141486,Chaminade University of Honolulu,United States,I41867846,Chaminade University of Honolulu,IPEDS id → Wikidata → ROR id,high,yes,
scorecard:230852,Champlain College,United States,I201679814,Champlain College,IPEDS id → Wikidata → ROR id,high,yes,
scorecard:111948,Chapman University,United States,I185071736,Chapman University,IPEDS id → Wikidata → ROR id,high,yes,
scorecard:111966,Charles R Drew University of Medicine and Science,United States,I52710748,Charles R. Drew University of Medicine and Science,IPEDS id → Wikidata → ROR id,high,yes,
scorecard:217688,Charleston Southern University,United States,I171231263,Charleston Southern University,IPEDS id → Wikidata → ROR id,high,yes,
scorecard:211556,Chatham University,United States,I5337786,Chatham University,IPEDS id → Wikidata → ROR id,high,yes,
scorecard:211583,Chestnut Hill College,United States,I202522242,Chestnut Hill College,IPEDS id → Wikidata → ROR id,high,yes,
scorecard:144005,Chicago State University,United States,I74234424,Chicago State University,IPEDS id → Wikidata → ROR id,high,yes,
scorecard:198303,Chowan University,United States,I75722487,Chowan University,IPEDS id → Wikidata → ROR id,high,yes,
scorecard:219833,Christian Brothers University,United States,I102015815,Christian Brothers University,IPEDS id → Wikidata → ROR id,high,yes,
scorecard:231712,Christopher Newport University,United States,I177308816,Christopher Newport University,IPEDS id → Wikidata → ROR id,high,yes,
scorecard:217864,Citadel Military College of South Carolina,United States,I91036609,Citadel,IPEDS id → Wikidata → ROR id,high,yes,
scorecard:217873,Claflin University,United States,I16892885,Claflin University,IPEDS id → Wikidata → ROR id,high,yes,
scorecard:112260,Claremont McKenna College,United States,I106107269,Claremont McKenna College,IPEDS id → Wikidata → ROR id,high,yes,
scorecard:138947,Clark Atlanta University,United States,I52064589,Clark Atlanta University,IPEDS id → Wikidata → ROR id,high,yes,
scorecard:165334,Clark University,United States,I130785548,Clark University,IPEDS id → Wikidata → ROR id,high,yes,
scorecard:153126,Clarke University,United States,I128677303,Clarke University,IPEDS id → Wikidata → ROR id,high,yes,
scorecard:180832,Clarkson College,United States,I196883781,Clarkson College,IPEDS id → Wikidata → ROR id,high,yes,
scorecard:190044,Clarkson University,United States,I16944753,Clarkson University,IPEDS id → Wikidata → ROR id,high,yes,
scorecard:139311,Clayton  State University,United States,I185241533,Clayton State University,IPEDS id → Wikidata → ROR id,high,yes,
scorecard:169327,Cleary University,United States,I3124874057,Cleary University,IPEDS id → Wikidata → ROR id,high,yes,
scorecard:217882,Clemson University,United States,I8078737,Clemson University,IPEDS id → Wikidata → ROR id,high,yes,
scorecard:202046,Cleveland Institute of Art,United States,I2799352476,Cleveland Institute of Art,IPEDS id → Wikidata → ROR id,high,yes,
scorecard:202073,Cleveland Institute of Music,United States,I933276082,Cleveland Institute of Music,IPEDS id → Wikidata → ROR id,high,yes,
scorecard:202134,Cleveland State University,United States,I102607778,Cleveland State University,IPEDS id → Wikidata → ROR id,high,yes,
scorecard:177038,Cleveland University-Kansas City,United States,I4210145017,Cleveland University,IPEDS id → Wikidata → ROR id,high,yes,
scorecard:218724,Coastal Carolina University,United States,I208081647,Coastal Carolina University,IPEDS id → Wikidata → ROR id,high,yes,
scorecard:153144,Coe College,United States,I153317226,Coe College,IPEDS id → Wikidata → ROR id,high,yes,
scorecard:217907,Coker University,United States,I108345032,Coker College,IPEDS id → Wikidata → ROR id,high,yes,
scorecard:161086,Colby College,United States,I27504731,Colby College,IPEDS id → Wikidata → ROR id,high,yes,
scorecard:182634,Colby-Sawyer College,United States,I4124607,Colby–Sawyer College,IPEDS id → Wikidata → ROR id,high,yes,
scorecard:190099,Colgate University,United States,I39660569,Colgate University,IPEDS id → Wikidata → ROR id,high,yes,
scorecard:169442,College for Creative Studies,United States,I257228721,College for Creative Studies,IPEDS id → Wikidata → ROR id,high,yes,
scorecard:217819,College of Charleston,United States,I204593131,College of Charleston,IPEDS id → Wikidata → ROR id,high,yes,
scorecard:167394,College of Our Lady of the Elms,United States,I70428276,Elms College,IPEDS id → Wikidata → ROR id,high,yes,
scorecard:174747,College of Saint Benedict,United States,I84360360,College of Saint Benedict and Saint John's University,IPEDS id → Wikidata → ROR id,high,yes,
scorecard:181604,College of Saint Mary,United States,I2802689130,College of Saint Mary,IPEDS id → Wikidata → ROR id,high,yes,
scorecard:190558,College of Staten Island CUNY,United States,I142393192,College of Staten Island,IPEDS id → Wikidata → ROR id,high,yes,
scorecard:160959,College of the Atlantic,United States,I142509341,College of the Atlantic,IPEDS id → Wikidata → ROR id,high,yes,
scorecard:166124,College of the Holy Cross,United States,I107139065,College of the Holy Cross,IPEDS id → Wikidata → ROR id,high,yes,
scorecard:178697,College of the Ozarks,United States,I135767803,College of the Ozarks,IPEDS id → Wikidata → ROR id,high,yes,
scorecard:126678,Colorado College,United States,I189774192,Colorado College,IPEDS id → Wikidata → ROR id,high,yes,
scorecard:126775,Colorado School of Mines,United States,I167576493,Colorado School of Mines,IPEDS id → Wikidata → ROR id,high,yes,
scorecard:128106,Colorado State University Pueblo,United States,I114312114,Colorado State University Pueblo,IPEDS id → Wikidata → ROR id,high,yes,
scorecard:126818,Colorado State University-Fort Collins,United States,I92446798,Colorado State University,IPEDS id → Wikidata → ROR id,high,yes,
scorecard:217934,Columbia College,United States,I157173269,Columbia College - South Carolina,IPEDS id → Wikidata → ROR id,high,yes,
scorecard:144281,Columbia College Chicago,United States,I45338645,Columbia College Chicago,IPEDS id → Wikidata → ROR id,high,yes,
scorecard:217925,Columbia International University,United States,I5873027,Columbia International University,IPEDS id → Wikidata → ROR id,high,yes,
scorecard:190150,Columbia University in the City of New York,United States,I78577930,Columbia University,IPEDS id → Wikidata → ROR id,high,yes,
scorecard:202170,Columbus College of Art & Design,United States,I2801486288,Columbus College of Art and Design,IPEDS id → Wikidata → ROR id,high,yes,
scorecard:139366,Columbus State University,United States,I199172307,Columbus State University,IPEDS id → Wikidata → ROR id,high,yes,
scorecard:177083,Conception Seminary College,United States,I4210108102,Conception Seminary College,IPEDS id → Wikidata → ROR id,high,yes,
scorecard:237330,Concord University,United States,I65571275,Concord University,IPEDS id → Wikidata → ROR id,high,yes,
scorecard:173300,Concordia College at Moorhead,United States,I114526571,Concordia College - Minnesota,IPEDS id → Wikidata → ROR id,high,yes,
scorecard:169363,Concordia University Ann Arbor,United States,I2799769992,Concordia University Ann Arbor,IPEDS id → Wikidata → ROR id,high,yes,
scorecard:224004,Concordia University Texas,United States,I2801521079,Concordia University Texas,IPEDS id → Wikidata → ROR id,high,yes,
scorecard:144351,Concordia University-Chicago,United States,I19406000,Concordia University Chicago,IPEDS id → Wikidata → ROR id,high,yes,
scorecard:112075,Concordia University-Irvine,United States,I158376284,Concordia University Irvine,IPEDS id → Wikidata → ROR id,high,yes,
scorecard:180984,Concordia University-Nebraska,United States,I4210143216,Concordia University,IPEDS id → Wikidata → ROR id,high,yes,
scorecard:173328,Concordia University-Saint Paul,United States,I161856759,Concordia University,IPEDS id → Wikidata → ROR id,high,yes,
scorecard:238616,Concordia University-Wisconsin,United States,I105925353,Concordia University Wisconsin,IPEDS id → Wikidata → ROR id,high,yes,
scorecard:128902,Connecticut College,United States,I4498119,Connecticut College,IPEDS id → Wikidata → ROR id,high,yes,
scorecard:217961,Converse University,United States,I206204273,Converse College,IPEDS id → Wikidata → ROR id,high,yes,
scorecard:162283,Coppin State University,United States,I47500952,Coppin State University,IPEDS id → Wikidata → ROR id,high,yes,
scorecard:210331,Corban University,United States,I111713297,Corban University,IPEDS id → Wikidata → ROR id,high,yes,
scorecard:153162,Cornell College,United States,I145220665,Cornell College,IPEDS id → Wikidata → ROR id,high,yes,
scorecard:190415,Cornell University,United States,I205783295,Cornell University,IPEDS id → Wikidata → ROR id,high,yes,
scorecard:170037,Cornerstone University,United States,I13227775,Cornerstone University,IPEDS id → Wikidata → ROR id,high,yes,
scorecard:177117,Cottey College,United States,I344409680,Cottey College,IPEDS id → Wikidata → ROR id,high,yes,
scorecard:139393,Covenant College,United States,I128243007,Covenant College,IPEDS id → Wikidata → ROR id,high,yes,
scorecard:181002,Creighton University,United States,I114493937,Creighton University,IPEDS id → Wikidata → ROR id,high,yes,
scorecard:475608,Criswell College,United States,I40145563,Criswell College,IPEDS id → Wikidata → ROR id,high,yes,
scorecard:174862,Crown College,United States,I1340949323,Crown College,IPEDS id → Wikidata → ROR id,high,yes,
scorecard:177144,Culver-Stockton College,United States,I73094659,Culver Stockton College,IPEDS id → Wikidata → ROR id,high,yes,
scorecard:219949,Cumberland University,United States,I50112456,Cumberland University,IPEDS id → Wikidata → ROR id,high,yes,
scorecard:190512,CUNY Bernard M Baruch College,United States,I141810926,Baruch College,IPEDS id → Wikidata → ROR id,high,yes,
scorecard:190549,CUNY Brooklyn College,United States,I83041322,Brooklyn College,IPEDS id → Wikidata → ROR id,high,yes,
scorecard:190567,CUNY City College,United States,I125687163,City College of New York,IPEDS id → Wikidata → ROR id,high,yes,
scorecard:190576,CUNY Graduate School and University Center,United States,I121847817,"The Graduate Center, CUNY",IPEDS id → Wikidata → ROR id,high,yes,
scorecard:190594,CUNY Hunter College,United States,I39694355,Hunter College,IPEDS id → Wikidata → ROR id,high,yes,
scorecard:190600,CUNY John Jay College of Criminal Justice,United States,I92507152,John Jay College of Criminal Justice,IPEDS id → Wikidata → ROR id,high,yes,
scorecard:190637,CUNY Lehman College,United States,I161301626,Lehman College,IPEDS id → Wikidata → ROR id,high,yes,
scorecard:190646,CUNY Medgar Evers College,United States,I32170380,Medgar Evers College,IPEDS id → Wikidata → ROR id,high,yes,
scorecard:190655,CUNY New York City College of Technology,United States,I76513827,New York City College of Technology,IPEDS id → Wikidata → ROR id,high,yes,
scorecard:190664,CUNY Queens College,United States,I111455621,"Queens College, CUNY",IPEDS id → Wikidata → ROR id,high,yes,
scorecard:190691,CUNY York College,United States,I150397245,"York College, City University of New York",IPEDS id → Wikidata → ROR id,high,yes,
scorecard:165529,Curry College,United States,I47939930,Curry College,IPEDS id → Wikidata → ROR id,high,yes,
scorecard:211893,Curtis Institute of Music,United States,I2799387388,Curtis Institute of Music,IPEDS id → Wikidata → ROR id,high,yes,
scorecard:190716,D'Youville  University,United States,I28252208,D'Youville University,IPEDS id → Wikidata → ROR id,high,yes,
scorecard:190725,Daemen University,United States,I137296409,Daemen College,IPEDS id → Wikidata → ROR id,high,yes,
scorecard:219082,Dakota State University,United States,I125467818,Dakota State University,IPEDS id → Wikidata → ROR id,high,yes,
scorecard:219091,Dakota Wesleyan University,United States,I21332779,Dakota Wesleyan University,IPEDS id → Wikidata → ROR id,high,yes,
scorecard:224226,Dallas Baptist University,United States,I48555384,Dallas Baptist University,IPEDS id → Wikidata → ROR id,high,yes,
scorecard:224244,Dallas Christian College,United States,I2799656669,Dallas Christian College,IPEDS id → Wikidata → ROR id,high,yes,
scorecard:182670,Dartmouth College,United States,I107672454,Dartmouth College,IPEDS id → Wikidata → ROR id,high,yes,
scorecard:169479,Davenport University,United States,I38766271,Davenport University,IPEDS id → Wikidata → ROR id,high,yes,
scorecard:198385,Davidson College,United States,I141720752,Davidson College,IPEDS id → Wikidata → ROR id,high,yes,
scorecard:237358,Davis & Elkins College,United States,I151567339,Davis & Elkins College,IPEDS id → Wikidata → ROR id,high,yes,
scorecard:194569,Davis College,United States,I4210120741,Davis College - New York,IPEDS id → Wikidata → ROR id,high,yes,
scorecard:165574,Dean College,United States,I2800922704,Dean College,IPEDS id → Wikidata → ROR id,high,yes,
scorecard:202514,Defiance College,United States,I79229643,Defiance College,IPEDS id → Wikidata → ROR id,high,yes,
scorecard:130934,Delaware State University,United States,I126548940,Delaware State University,IPEDS id → Wikidata → ROR id,high,yes,
scorecard:211981,Delaware Valley University,United States,I67149013,Delaware Valley College,IPEDS id → Wikidata → ROR id,high,yes,
scorecard:175616,Delta State University,United States,I82917088,Delta State University,IPEDS id → Wikidata → ROR id,high,yes,
scorecard:202523,Denison University,United States,I20577493,Denison University,IPEDS id → Wikidata → ROR id,high,yes,
scorecard:144740,DePaul University,United States,I118353179,DePaul University,IPEDS id → Wikidata → ROR id,high,yes,
scorecard:150400,DePauw University,United States,I12113309,DePauw University,IPEDS id → Wikidata → ROR id,high,yes,
scorecard:210739,DeSales University,United States,I38984865,DeSales University,IPEDS id → Wikidata → ROR id,high,yes,
scorecard:113582,Design Institute of San Diego,United States,I4210095032,Design Institute of San Diego,IPEDS id → Wikidata → ROR id,high,yes,
scorecard:482413,DeVry College of New York,United States,I4210161292,DeVry College,IPEDS id → Wikidata → ROR id,high,yes,
scorecard:212009,Dickinson College,United States,I121058860,Dickinson College,IPEDS id → Wikidata → ROR id,high,yes,
scorecard:200059,Dickinson State University,United States,I65741653,Dickinson State University,IPEDS id → Wikidata → ROR id,high,yes,
scorecard:443410,DigiPen Institute of Technology,United States,I216106892,DigiPen Institute of Technology,IPEDS id → Wikidata → ROR id,high,yes,
scorecard:158802,Dillard University,United States,I64880365,Dillard University,IPEDS id → Wikidata → ROR id,high,yes,
scorecard:181020,Doane University,United States,I4210117873,Doane University,IPEDS id → Wikidata → ROR id,high,yes,
scorecard:148496,Dominican University,United States,I189917405,Dominican University,IPEDS id → Wikidata → ROR id,high,yes,
scorecard:190761,Dominican University New York,United States,I880340973,Dominican College of Blauvelt,IPEDS id → Wikidata → ROR id,high,yes,
scorecard:113698,Dominican University of California,United States,I172039944,Dominican University of California,IPEDS id → Wikidata → ROR id,high,yes,
scorecard:153250,Dordt University,United States,I153204768,Dordt University,IPEDS id → Wikidata → ROR id,high,yes,
scorecard:153269,Drake University,United States,I87213936,Drake University,IPEDS id → Wikidata → ROR id,high,yes,
scorecard:184348,Drew University,United States,I177880774,Drew University,IPEDS id → Wikidata → ROR id,high,yes,
scorecard:212054,Drexel University,United States,I72816309,Drexel University,IPEDS id → Wikidata → ROR id,high,yes,
scorecard:177214,Drury University,United States,I95144958,Drury University,IPEDS id → Wikidata → ROR id,high,yes,
scorecard:198419,Duke University,United States,I170897317,Duke University,IPEDS id → Wikidata → ROR id,high,yes,
scorecard:212106,Duquesne University,United States,I165102784,Duquesne University,IPEDS id → Wikidata → ROR id,high,yes,
scorecard:150455,Earlham College,United States,I130712669,Earlham College,IPEDS id → Wikidata → ROR id,high,yes,
scorecard:198464,East Carolina University,United States,I186335123,East Carolina University,IPEDS id → Wikidata → ROR id,high,yes,
scorecard:207041,East Central University,United States,I20500054,East Central University,IPEDS id → Wikidata → ROR id,high,yes,
scorecard:212115,East Stroudsburg University of Pennsylvania,United States,I79060951,East Stroudsburg University,IPEDS id → Wikidata → ROR id,high,yes,
scorecard:220075,East Tennessee State University,United States,I119443389,East Tennessee State University,IPEDS id → Wikidata → ROR id,high,yes,
scorecard:224554,East Texas A&M University,United States,I206651237,East Texas A&M University,IPEDS id → Wikidata → ROR id,high,yes,
scorecard:224527,East Texas Baptist University,United States,I185240499,East Texas Baptist University,IPEDS id → Wikidata → ROR id,high,yes,
scorecard:129215,Eastern Connecticut State University,United States,I203331390,Eastern Connecticut State University,IPEDS id → Wikidata → ROR id,high,yes,
scorecard:144892,Eastern Illinois University,United States,I153871386,Eastern Illinois University,IPEDS id → Wikidata → ROR id,high,yes,
scorecard:156620,Eastern Kentucky University,United States,I110325482,Eastern Kentucky University,IPEDS id → Wikidata → ROR id,high,yes,
scorecard:232043,Eastern Mennonite University,United States,I201426678,Eastern Mennonite University,IPEDS id → Wikidata → ROR id,high,yes,
scorecard:169798,Eastern Michigan University,United States,I138216421,Eastern Michigan University,IPEDS id → Wikidata → ROR id,high,yes,
scorecard:187648,Eastern New Mexico University-Main Campus,United States,I163113649,Eastern New Mexico University,IPEDS id → Wikidata → ROR id,high,yes,
scorecard:208646,Eastern Oregon University,United States,I207168215,Eastern Oregon University,IPEDS id → Wikidata → ROR id,high,yes,
scorecard:212133,Eastern University,United States,I905180023,Eastern University,IPEDS id → Wikidata → ROR id,high,yes,
scorecard:235097,Eastern Washington University,United States,I159107703,Eastern Washington University,IPEDS id → Wikidata → ROR id,high,yes,
scorecard:446233,Ecclesia College,United States,I4210166553,Ecclesia College,IPEDS id → Wikidata → ROR id,high,yes,
scorecard:133492,Eckerd College,United States,I88973175,Eckerd College,IPEDS id → Wikidata → ROR id,high,yes,
scorecard:238661,Edgewood University,United States,I132135634,Edgewood University,IPEDS id → Wikidata → ROR id,high,yes,
scorecard:133526,Edward Waters University,United States,I252342272,Edward Waters University,IPEDS id → Wikidata → ROR id,high,yes,
scorecard:198507,Elizabeth City State University,United States,I65399651,Elizabeth City State University,IPEDS id → Wikidata → ROR id,high,yes,
scorecard:212197,Elizabethtown College,United States,I35429941,Elizabethtown College,IPEDS id → Wikidata → ROR id,high,yes,
scorecard:144962,Elmhurst University,United States,I50928471,Elmhurst University,IPEDS id → Wikidata → ROR id,high,yes,
scorecard:190983,Elmira College,United States,I69692435,Elmira College,IPEDS id → Wikidata → ROR id,high,yes,
scorecard:198516,Elon University,United States,I170164250,Elon University,IPEDS id → Wikidata → ROR id,high,yes,
scorecard:133553,Embry-Riddle Aeronautical University-Daytona Beach,United States,I4405252843,Embry-Riddle Aeronautical University Daytona Beach Florida Campus,IPEDS id → Wikidata → ROR id,high,yes,
scorecard:104586,Embry-Riddle Aeronautical University-Prescott,United States,I4405255987,Embry-Riddle Aeronautical University Prescott Arizona Campus,IPEDS id → Wikidata → ROR id,high,yes,
scorecard:426314,Embry-Riddle Aeronautical University-Worldwide,United States,I84475105,Embry–Riddle Aeronautical University,IPEDS id → Wikidata → ROR id,high,yes,
scorecard:165662,Emerson College,United States,I87650153,Emerson College,IPEDS id → Wikidata → ROR id,high,yes,
scorecard:165671,Emmanuel College,United States,I193478522,Emmanuel College - Massachusetts,IPEDS id → Wikidata → ROR id,high,yes,
scorecard:139630,Emmanuel University,United States,I4210118771,Emmanuel College - Georgia,IPEDS id → Wikidata → ROR id,high,yes,
scorecard:232025,Emory & Henry University,United States,I177855293,Emory and Henry College,IPEDS id → Wikidata → ROR id,high,yes,
scorecard:139658,Emory University,United States,I150468666,Emory University,IPEDS id → Wikidata → ROR id,high,yes,
scorecard:155025,Emporia State University,United States,I93131583,Emporia State University,IPEDS id → Wikidata → ROR id,high,yes,
scorecard:165699,Endicott College,United States,I170384812,Endicott College,IPEDS id → Wikidata → ROR id,high,yes,
scorecard:217998,Erskine College,United States,I92722298,Erskine College,IPEDS id → Wikidata → ROR id,high,yes,
scorecard:241951,Escuela de Artes Plasticas y Diseno de Puerto Rico,United States,I4210088536,School of Plastic Arts of Puerto Rico,IPEDS id → Wikidata → ROR id,high,yes,
scorecard:144971,Eureka College,United States,I167672050,Eureka College,IPEDS id → Wikidata → ROR id,high,yes,
scorecard:177339,Evangel University,United States,I77310417,Evangel University,IPEDS id → Wikidata → ROR id,high,yes,
scorecard:385619,Everglades University,United States,I2799597470,Everglades University,IPEDS id → Wikidata → ROR id,high,yes,
scorecard:129242,Fairfield University,United States,I126350171,Fairfield University,IPEDS id → Wikidata → ROR id,high,yes,
scorecard:184603,Fairleigh Dickinson University-Metropolitan Campus,United States,I32907511,Fairleigh Dickinson University,IPEDS id → Wikidata → ROR id,high,yes,
scorecard:237367,Fairmont State University,United States,I142920149,Fairmont State University,IPEDS id → Wikidata → ROR id,high,yes,
scorecard:153320,Faith Baptist Bible College and Theological Seminary,United States,I4210122889,Faith Baptist Bible College and Theological Seminary,IPEDS id → Wikidata → ROR id,high,yes,
scorecard:196042,Farmingdale State College,United States,I177340980,Farmingdale State College,IPEDS id → Wikidata → ROR id,high,yes,
scorecard:101189,Faulkner University,United States,I130555825,Faulkner University,IPEDS id → Wikidata → ROR id,high,yes,
scorecard:198543,Fayetteville State University,United States,I184654094,Fayetteville State University,IPEDS id → Wikidata → ROR id,high,yes,
scorecard:169910,Ferris State University,United States,I191149221,Ferris State University,IPEDS id → Wikidata → ROR id,high,yes,
scorecard:232089,Ferrum College,United States,I152372855,Ferrum College,IPEDS id → Wikidata → ROR id,high,yes,
scorecard:165802,Fisher College,United States,I2799283415,Fisher College,IPEDS id → Wikidata → ROR id,high,yes,
scorecard:220181,Fisk University,United States,I9254433,Fisk University,IPEDS id → Wikidata → ROR id,high,yes,
scorecard:165820,Fitchburg State University,United States,I5429594,Fitchburg State University,IPEDS id → Wikidata → ROR id,high,yes,
scorecard:191205,Five Towns College,United States,I2894904595,Five Towns College,IPEDS id → Wikidata → ROR id,high,yes,
scorecard:133711,Flagler College,United States,I863174327,Flagler College,IPEDS id → Wikidata → ROR id,high,yes,
scorecard:133650,Florida Agricultural and Mechanical University,United States,I8248082,Florida Agricultural and Mechanical University,IPEDS id → Wikidata → ROR id,high,yes,
scorecard:133669,Florida Atlantic University,United States,I63772739,Florida Atlantic University,IPEDS id → Wikidata → ROR id,high,yes,
scorecard:133809,Florida College,United States,I94062374,Florida College,IPEDS id → Wikidata → ROR id,high,yes,
scorecard:433660,Florida Gulf Coast University,United States,I2801014300,Florida Gulf Coast University,IPEDS id → Wikidata → ROR id,high,yes,
scorecard:133881,Florida Institute of Technology,United States,I106959904,Florida Institute of Technology,IPEDS id → Wikidata → ROR id,high,yes,
scorecard:133951,Florida International University,United States,I19700959,Florida International University,IPEDS id → Wikidata → ROR id,high,yes,
scorecard:133979,Florida Memorial University,United States,I79660296,Florida Memorial University,IPEDS id → Wikidata → ROR id,high,yes,
scorecard:482936,Florida Polytechnic University,United States,I32480017,Florida Polytechnic University,IPEDS id → Wikidata → ROR id,high,yes,
scorecard:134079,Florida Southern College,United States,I158397150,Florida Southern College,IPEDS id → Wikidata → ROR id,high,yes,
scorecard:134097,Florida State University,United States,I103163165,Florida State University,IPEDS id → Wikidata → ROR id,high,yes,
scorecard:191241,Fordham University,United States,I164389053,Fordham University,IPEDS id → Wikidata → ROR id,high,yes,
scorecard:155061,Fort Hays State University,United States,I91083438,Fort Hays State University,IPEDS id → Wikidata → ROR id,high,yes,
scorecard:127185,Fort Lewis College,United States,I149471917,Fort Lewis College,IPEDS id → Wikidata → ROR id,high,yes,
scorecard:139719,Fort Valley State University,United States,I77250616,Fort Valley State University,IPEDS id → Wikidata → ROR id,high,yes,
scorecard:165866,Framingham State University,United States,I47834966,Framingham State University,IPEDS id → Wikidata → ROR id,high,yes,
scorecard:218061,Francis Marion University,United States,I189350637,Francis Marion University,IPEDS id → Wikidata → ROR id,high,yes,
scorecard:160074,Franciscan Missionaries of Our Lady University,United States,I78329291,Franciscan Missionaries of Our Lady University,IPEDS id → Wikidata → ROR id,high,yes,
scorecard:205957,Franciscan University of Steubenville,United States,I109358023,Franciscan University of Steubenville,IPEDS id → Wikidata → ROR id,high,yes,
scorecard:212577,Franklin and Marshall College,United States,I173146385,Franklin & Marshall College,IPEDS id → Wikidata → ROR id,high,yes,
scorecard:150604,Franklin College,United States,I904372625,Franklin College,IPEDS id → Wikidata → ROR id,high,yes,
scorecard:182795,Franklin Pierce University,United States,I96289407,Franklin Pierce University,IPEDS id → Wikidata → ROR id,high,yes,
scorecard:441982,Franklin W Olin College of Engineering,United States,I137428128,Franklin W. Olin College of Engineering,IPEDS id → Wikidata → ROR id,high,yes,
scorecard:220215,Freed-Hardeman University,United States,I186748736,Freed–Hardeman University,IPEDS id → Wikidata → ROR id,high,yes,
scorecard:114813,Fresno Pacific University,United States,I13591431,Fresno Pacific University,IPEDS id → Wikidata → ROR id,high,yes,
scorecard:155089,Friends University,United States,I125225536,Friends University,IPEDS id → Wikidata → ROR id,high,yes,
scorecard:162584,Frostburg State University,United States,I152830075,Frostburg State University,IPEDS id → Wikidata → ROR id,high,yes,
scorecard:218070,Furman University,United States,I86115722,Furman University,IPEDS id → Wikidata → ROR id,high,yes,
scorecard:131450,Gallaudet University,United States,I66108857,Gallaudet University,IPEDS id → Wikidata → ROR id,high,yes,
scorecard:212601,Gannon University,United States,I967637,Gannon University,IPEDS id → Wikidata → ROR id,high,yes,
scorecard:198561,Gardner-Webb University,United States,I65542365,Gardner–Webb University,IPEDS id → Wikidata → ROR id,high,yes,
scorecard:208822,George Fox University,United States,I179651463,George Fox University,IPEDS id → Wikidata → ROR id,high,yes,
scorecard:232186,George Mason University,United States,I162714631,George Mason University,IPEDS id → Wikidata → ROR id,high,yes,
scorecard:131469,George Washington University,United States,I193531525,George Washington University,IPEDS id → Wikidata → ROR id,high,yes,
scorecard:156745,Georgetown College,United States,I918155757,Georgetown College,IPEDS id → Wikidata → ROR id,high,yes,
scorecard:131496,Georgetown University,United States,I184565670,Georgetown University,IPEDS id → Wikidata → ROR id,high,yes,
scorecard:139861,Georgia College & State University,United States,I138220800,Georgia College & State University,IPEDS id → Wikidata → ROR id,high,yes,
scorecard:447689,Georgia Gwinnett College,United States,I78927796,Georgia Gwinnett College,IPEDS id → Wikidata → ROR id,high,yes,
scorecard:139755,Georgia Institute of Technology-Main Campus,United States,I130701444,Georgia Institute of Technology,IPEDS id → Wikidata → ROR id,high,yes,
scorecard:139931,Georgia Southern University,United States,I39815113,Georgia Southern University,IPEDS id → Wikidata → ROR id,high,yes,
scorecard:139764,Georgia Southwestern State University,United States,I130075709,Georgia Southwestern State University,IPEDS id → Wikidata → ROR id,high,yes,
scorecard:139940,Georgia State University,United States,I181565077,Georgia State University,IPEDS id → Wikidata → ROR id,high,yes,
scorecard:184773,Georgian Court University,United States,I170724917,Georgian Court University,IPEDS id → Wikidata → ROR id,high,yes,
scorecard:212674,Gettysburg College,United States,I176113532,Gettysburg College,IPEDS id → Wikidata → ROR id,high,yes,
scorecard:130989,Goldey-Beacom College,United States,I127432735,Goldey–Beacom College,IPEDS id → Wikidata → ROR id,high,yes,
scorecard:235316,Gonzaga University,United States,I119888943,Gonzaga University,IPEDS id → Wikidata → ROR id,high,yes,
scorecard:165936,Gordon College,United States,I305130695,Gordon College,IPEDS id → Wikidata → ROR id,high,yes,
scorecard:139968,Gordon State College,United States,I281429137,Gordon State College,IPEDS id → Wikidata → ROR id,high,yes,
scorecard:150668,Goshen College,United States,I110181903,Goshen College,IPEDS id → Wikidata → ROR id,high,yes,
scorecard:162654,Goucher College,United States,I42321615,Goucher College,IPEDS id → Wikidata → ROR id,high,yes,
scorecard:145336,Governors State University,United States,I2293663,Governors State University,IPEDS id → Wikidata → ROR id,high,yes,
scorecard:170000,Grace Christian University,United States,I3132909779,Grace Bible College,IPEDS id → Wikidata → ROR id,high,yes,
scorecard:150677,Grace College and Theological Seminary,United States,I227488099,Grace College & Seminary,IPEDS id → Wikidata → ROR id,high,yes,
scorecard:153366,Graceland University-Lamoni,United States,I113979818,Graceland University,IPEDS id → Wikidata → ROR id,high,yes,
scorecard:159009,Grambling State University,United States,I152158401,Grambling State University,IPEDS id → Wikidata → ROR id,high,yes,
scorecard:104717,Grand Canyon University,United States,I311071055,Grand Canyon University,IPEDS id → Wikidata → ROR id,high,yes,
scorecard:170082,Grand Valley State University,United States,I8606887,Grand Valley State University,IPEDS id → Wikidata → ROR id,high,yes,
scorecard:153375,Grand View University,United States,I131729084,Grand View University,IPEDS id → Wikidata → ROR id,high,yes,
scorecard:198598,Greensboro College,United States,I4693391,Greensboro College,IPEDS id → Wikidata → ROR id,high,yes,
scorecard:145372,Greenville University,United States,I179430373,Greenville College,IPEDS id → Wikidata → ROR id,high,yes,
scorecard:153384,Grinnell College,United States,I173288447,Grinnell College,IPEDS id → Wikidata → ROR id,high,yes,
scorecard:212805,Grove City College,United States,I181598100,Grove City College,IPEDS id → Wikidata → ROR id,high,yes,
scorecard:198613,Guilford College,United States,I68199945,Guilford College,IPEDS id → Wikidata → ROR id,high,yes,
scorecard:173647,Gustavus Adolphus College,United States,I13913294,Gustavus Adolphus College,IPEDS id → Wikidata → ROR id,high,yes,
scorecard:212832,Gwynedd Mercy University,United States,I21867089,Gwynedd Mercy University,IPEDS id → Wikidata → ROR id,high,yes,
scorecard:191515,Hamilton College,United States,I188592606,Hamilton College,IPEDS id → Wikidata → ROR id,high,yes,
scorecard:173665,Hamline University,United States,I911846574,Hamline University,IPEDS id → Wikidata → ROR id,high,yes,
scorecard:232256,Hampden-Sydney College,United States,I26422949,Hampden–Sydney College,IPEDS id → Wikidata → ROR id,high,yes,
scorecard:166018,Hampshire College,United States,I47631775,Hampshire College,IPEDS id → Wikidata → ROR id,high,yes,
scorecard:232265,Hampton University,United States,I151328261,Hampton University,IPEDS id → Wikidata → ROR id,high,yes,
scorecard:177542,Hannibal-LaGrange University,United States,I104027095,Hannibal–LaGrange University,IPEDS id → Wikidata → ROR id,high,yes,
scorecard:150756,Hanover College,United States,I52768194,Hanover College,IPEDS id → Wikidata → ROR id,high,yes,
scorecard:225247,Hardin-Simmons University,United States,I198366374,Hardin–Simmons University,IPEDS id → Wikidata → ROR id,high,yes,
scorecard:107044,Harding University,United States,I107363760,Harding University Main Campus,IPEDS id → Wikidata → ROR id,high,yes,
scorecard:446640,Harrisburg University of Science and Technology,United States,I153151563,Harrisburg University of Science and Technology,IPEDS id → Wikidata → ROR id,high,yes,
scorecard:191533,Hartwick College,United States,I72578492,Hartwick College,IPEDS id → Wikidata → ROR id,high,yes,
scorecard:166027,Harvard University,United States,I136199984,Harvard University,IPEDS id → Wikidata → ROR id,high,yes,
scorecard:115409,Harvey Mudd College,United States,I133543626,Harvey Mudd College,IPEDS id → Wikidata → ROR id,high,yes,
scorecard:181127,Hastings College,United States,I74543514,Hastings College,IPEDS id → Wikidata → ROR id,high,yes,
scorecard:212911,Haverford College,United States,I155707491,Haverford College,IPEDS id → Wikidata → ROR id,high,yes,
scorecard:141644,Hawaii Pacific University,United States,I149581226,Hawaii Pacific University,IPEDS id → Wikidata → ROR id,high,yes,
scorecard:145497,Hebrew Theological College,United States,I2801882087,Hebrew Theological College,IPEDS id → Wikidata → ROR id,high,yes,
scorecard:203085,Heidelberg University,United States,I85384741,Heidelberg University,IPEDS id → Wikidata → ROR id,high,yes,
scorecard:166054,Hellenic College-Holy Cross Greek Orthodox School of Theology,United States,I149624374,Hellenic College Holy Cross Greek Orthodox School of Theology,IPEDS id → Wikidata → ROR id,high,yes,
scorecard:107080,Hendrix College,United States,I130327366,Hendrix College,IPEDS id → Wikidata → ROR id,high,yes,
scorecard:101453,Heritage Christian University,United States,I263341422,Heritage Christian University,IPEDS id → Wikidata → ROR id,high,yes,
scorecard:198695,High Point University,United States,I101240087,High Point University,IPEDS id → Wikidata → ROR id,high,yes,
scorecard:191621,Hilbert College,United States,I58494807,Hilbert College,IPEDS id → Wikidata → ROR id,high,yes,
scorecard:170286,Hillsdale College,United States,I39913132,Hillsdale College,IPEDS id → Wikidata → ROR id,high,yes,
scorecard:203128,Hiram College,United States,I76094744,Hiram College,IPEDS id → Wikidata → ROR id,high,yes,
scorecard:191630,Hobart William Smith Colleges,United States,I143104139,Hobart and William Smith Colleges,IPEDS id → Wikidata → ROR id,high,yes,
scorecard:191649,Hofstra University,United States,I139290212,Hofstra University,IPEDS id → Wikidata → ROR id,high,yes,
scorecard:232308,Hollins University,United States,I185439253,Hollins University,IPEDS id → Wikidata → ROR id,high,yes,
scorecard:150774,Holy Cross College,United States,I4210161134,Holy Cross College,IPEDS id → Wikidata → ROR id,high,yes,
scorecard:212984,Holy Family University,United States,I40165345,Holy Family University,IPEDS id → Wikidata → ROR id,high,yes,
scorecard:162760,Hood College,United States,I87552059,Hood College,IPEDS id → Wikidata → ROR id,high,yes,
scorecard:170301,Hope College,United States,I145402516,Hope College,IPEDS id → Wikidata → ROR id,high,yes,
scorecard:120537,Hope International University,United States,I140636472,Hope International University,IPEDS id → Wikidata → ROR id,high,yes,
scorecard:191676,Houghton University,United States,I175392734,Houghton University,IPEDS id → Wikidata → ROR id,high,yes,
scorecard:225399,Houston Christian University,United States,I108155624,Houston Christian University,IPEDS id → Wikidata → ROR id,high,yes,
scorecard:225548,Howard Payne University,United States,I87799480,Howard Payne University,IPEDS id → Wikidata → ROR id,high,yes,
scorecard:131520,Howard University,United States,I137853757,Howard University,IPEDS id → Wikidata → ROR id,high,yes,
scorecard:164368,Hult International Business School,United States,I4210106913,Hult International Business School,IPEDS id → Wikidata → ROR id,high,yes,
scorecard:101435,Huntingdon College,United States,I154776012,Huntingdon College,IPEDS id → Wikidata → ROR id,high,yes,
scorecard:150941,Huntington University,United States,I187840722,Huntington University,IPEDS id → Wikidata → ROR id,high,yes,
scorecard:487524,Husson University,United States,I32208735,Husson University,IPEDS id → Wikidata → ROR id,high,yes,
scorecard:225575,Huston-Tillotson University,United States,I62936310,Huston–Tillotson University,IPEDS id → Wikidata → ROR id,high,yes,
scorecard:145691,Illinois College,United States,I16820183,Illinois College,IPEDS id → Wikidata → ROR id,high,yes,
scorecard:145725,Illinois Institute of Technology,United States,I180949307,Illinois Institute of Technology,IPEDS id → Wikidata → ROR id,high,yes,
scorecard:145813,Illinois State University,United States,I47301684,Illinois State University,IPEDS id → Wikidata → ROR id,high,yes,
scorecard:145646,Illinois Wesleyan University,United States,I184616310,Illinois Wesleyan University,IPEDS id → Wikidata → ROR id,high,yes,
scorecard:213011,Immaculata University,United States,I200943373,Immaculata University,IPEDS id → Wikidata → ROR id,high,yes,
scorecard:151290,Indiana Institute of Technology,United States,I102323517,Indiana Institute of Technology,IPEDS id → Wikidata → ROR id,high,yes,
scorecard:151324,Indiana State University,United States,I86420138,Indiana State University,IPEDS id → Wikidata → ROR id,high,yes,
scorecard:213020,Indiana University of Pennsylvania,United States,I200885203,Indiana University of Pennsylvania,IPEDS id → Wikidata → ROR id,high,yes,
scorecard:151351,Indiana University-Bloomington,United States,I4210119109,Indiana University Bloomington,IPEDS id → Wikidata → ROR id,high,yes,
scorecard:151388,Indiana University-East,United States,I4210135278,Indiana University East,IPEDS id → Wikidata → ROR id,high,yes,
scorecard:151111,Indiana University-Indianapolis,United States,I4388446366,Indiana University Indianapolis,OpenAlex name search: same name + country,medium,yes,
scorecard:151333,Indiana University-Kokomo,United States,I4210136381,Indiana University Kokomo,IPEDS id → Wikidata → ROR id,high,yes,
scorecard:151360,Indiana University-Northwest,United States,I4210093298,Indiana University Northwest,IPEDS id → Wikidata → ROR id,high,yes,
scorecard:151342,Indiana University-South Bend,United States,I4210134870,Indiana University South Bend,IPEDS id → Wikidata → ROR id,high,yes,
scorecard:151379,Indiana University-Southeast,United States,I4210117780,Indiana University Southeast,IPEDS id → Wikidata → ROR id,high,yes,
scorecard:151801,Indiana Wesleyan University-Marion,United States,I138535782,Indiana Wesleyan University,IPEDS id → Wikidata → ROR id,high,yes,
scorecard:187745,Institute of American Indian and Alaska Native Culture and Arts Development,United States,I63525992,Institute of American Indian Arts,IPEDS id → Wikidata → ROR id,high,yes,
scorecard:191931,Iona University,United States,I173466955,Iona College,IPEDS id → Wikidata → ROR id,high,yes,
scorecard:153603,Iowa State University,United States,I173911158,Iowa State University,IPEDS id → Wikidata → ROR id,high,yes,
scorecard:191968,Ithaca College,United States,I87424562,Ithaca College,IPEDS id → Wikidata → ROR id,high,yes,
scorecard:175856,Jackson State University,United States,I61937129,Jackson State University,IPEDS id → Wikidata → ROR id,high,yes,
scorecard:101480,Jacksonville State University,United States,I78724572,Jacksonville State University,IPEDS id → Wikidata → ROR id,high,yes,
scorecard:134945,Jacksonville University,United States,I36075867,Jacksonville University,IPEDS id → Wikidata → ROR id,high,yes,
scorecard:232423,James Madison University,United States,I11883440,James Madison University,IPEDS id → Wikidata → ROR id,high,yes,
scorecard:192040,Jewish Theological Seminary of America,United States,I55191168,Jewish Theological Seminary,IPEDS id → Wikidata → ROR id,high,yes,
scorecard:107141,John Brown University,United States,I175594653,John Brown University,IPEDS id → Wikidata → ROR id,high,yes,
scorecard:203368,John Carroll University,United States,I183716014,John Carroll University,IPEDS id → Wikidata → ROR id,high,yes,
scorecard:462354,John Paul the Great Catholic University,United States,I2802664463,John Paul the Great Catholic University,IPEDS id → Wikidata → ROR id,high,yes,
scorecard:162928,Johns Hopkins University,United States,I145311948,Johns Hopkins University,IPEDS id → Wikidata → ROR id,high,yes,
scorecard:198756,Johnson C Smith University,United States,I152899642,Johnson C. Smith University,IPEDS id → Wikidata → ROR id,high,yes,
scorecard:220473,Johnson University,United States,I2802203029,Johnson University,IPEDS id → Wikidata → ROR id,high,yes,
scorecard:146339,Judson University,United States,I320693043,Judson University,IPEDS id → Wikidata → ROR id,high,yes,
scorecard:213251,Juniata College,United States,I51812067,Juniata College,IPEDS id → Wikidata → ROR id,high,yes,
scorecard:219240,Kairos University,United States,I23134259,Sioux Falls Seminary,IPEDS id → Wikidata → ROR id,high,yes,
scorecard:170532,Kalamazoo College,United States,I48664048,Kalamazoo College,IPEDS id → Wikidata → ROR id,high,yes,
scorecard:177746,Kansas City Art Institute,United States,I22751591,Kansas City Art Institute,IPEDS id → Wikidata → ROR id,high,yes,
scorecard:155399,Kansas State University,United States,I189590672,Kansas State University,IPEDS id → Wikidata → ROR id,high,yes,
scorecard:155414,Kansas Wesleyan University,United States,I49193961,Kansas Wesleyan University,IPEDS id → Wikidata → ROR id,high,yes,
scorecard:185262,Kean University,United States,I47449453,Kean University,IPEDS id → Wikidata → ROR id,high,yes,
scorecard:183062,Keene State College,United States,I150638750,Keene State College,IPEDS id → Wikidata → ROR id,high,yes,
scorecard:486840,Kennesaw State University,United States,I172980758,Kennesaw State University,IPEDS id → Wikidata → ROR id,high,yes,
scorecard:203517,Kent State University at Kent,United States,I149910238,Kent State University,IPEDS id → Wikidata → ROR id,high,yes,
scorecard:157100,Kentucky Christian University,United States,I331828249,Kentucky Christian University,IPEDS id → Wikidata → ROR id,high,yes,
scorecard:157030,Kentucky Mountain Bible College,United States,I2799292027,Kentucky Mountain Bible College,IPEDS id → Wikidata → ROR id,high,yes,
scorecard:157058,Kentucky State University,United States,I88447708,Kentucky State University,IPEDS id → Wikidata → ROR id,high,yes,
scorecard:157076,Kentucky Wesleyan College,United States,I115020477,Kentucky Wesleyan College,IPEDS id → Wikidata → ROR id,high,yes,
scorecard:203535,Kenyon College,United States,I166972335,Kenyon College,IPEDS id → Wikidata → ROR id,high,yes,
scorecard:203544,Kettering College,United States,I2799978678,Kettering College,IPEDS id → Wikidata → ROR id,high,yes,
scorecard:169983,Kettering University,United States,I39965400,Kettering University,IPEDS id → Wikidata → ROR id,high,yes,
scorecard:192192,Keuka College,United States,I31518983,Keuka College,IPEDS id → Wikidata → ROR id,high,yes,
scorecard:213303,Keystone College,United States,I88621556,Keystone College,IPEDS id → Wikidata → ROR id,high,yes,
scorecard:220516,King University,United States,I111483173,King University,IPEDS id → Wikidata → ROR id,high,yes,
scorecard:213321,King's College,United States,I4210143716,King's College - Pennsylvania,IPEDS id → Wikidata → ROR id,high,yes,
scorecard:146427,Knox College,United States,I42387498,Knox College,IPEDS id → Wikidata → ROR id,high,yes,
scorecard:213349,Kutztown University of Pennsylvania,United States,I2132711,Kutztown University,IPEDS id → Wikidata → ROR id,high,yes,
scorecard:171881,Kuyper College,United States,I2801022810,Kuyper College,IPEDS id → Wikidata → ROR id,high,yes,
scorecard:213358,La Roche University,United States,I55921689,La Roche College,IPEDS id → Wikidata → ROR id,high,yes,
scorecard:213367,La Salle University,United States,I47652572,La Salle University,IPEDS id → Wikidata → ROR id,high,yes,
scorecard:117627,La Sierra University,United States,I123200800,La Sierra University,IPEDS id → Wikidata → ROR id,high,yes,
scorecard:213385,Lafayette College,United States,I184759092,Lafayette College,IPEDS id → Wikidata → ROR id,high,yes,
scorecard:140234,LaGrange College,United States,I59769168,LaGrange College,IPEDS id → Wikidata → ROR id,high,yes,
scorecard:117168,Laguna College of Art and Design,United States,I2801741489,Laguna College of Art and Design,IPEDS id → Wikidata → ROR id,high,yes,
scorecard:203580,Lake Erie College,United States,I17173981,Lake Erie College,IPEDS id → Wikidata → ROR id,high,yes,
scorecard:146481,Lake Forest College,United States,I162514690,Lake Forest College,IPEDS id → Wikidata → ROR id,high,yes,
scorecard:238980,Lakeland University,United States,I44402373,Lakeland College,IPEDS id → Wikidata → ROR id,high,yes,
scorecard:226091,Lamar University,United States,I177898655,Lamar University,IPEDS id → Wikidata → ROR id,high,yes,
scorecard:213400,Lancaster Bible College,United States,I2800476863,Lancaster Bible College,IPEDS id → Wikidata → ROR id,high,yes,
scorecard:218229,Lander University,United States,I196679149,Lander University,IPEDS id → Wikidata → ROR id,high,yes,
scorecard:166391,Lasell University,United States,I191496414,Lasell College,IPEDS id → Wikidata → ROR id,high,yes,
scorecard:170675,Lawrence Technological University,United States,I2276074,Lawrence Technological University,IPEDS id → Wikidata → ROR id,high,yes,
scorecard:239017,Lawrence University,United States,I153592363,Lawrence University,IPEDS id → Wikidata → ROR id,high,yes,
scorecard:192323,Le Moyne College,United States,I51485169,Le Moyne College,IPEDS id → Wikidata → ROR id,high,yes,
scorecard:220604,Le Moyne-Owen College,United States,I63302308,LeMoyne–Owen College,IPEDS id → Wikidata → ROR id,high,yes,
scorecard:213507,Lebanon Valley College,United States,I154006206,Lebanon Valley College,IPEDS id → Wikidata → ROR id,high,yes,
scorecard:220613,Lee University,United States,I174154184,Lee University,IPEDS id → Wikidata → ROR id,high,yes,
scorecard:198808,Lees-McRae College,United States,I15812580,Lees McRae College,IPEDS id → Wikidata → ROR id,high,yes,
scorecard:213543,Lehigh University,United States,I186143895,Lehigh University,IPEDS id → Wikidata → ROR id,high,yes,
scorecard:198835,Lenoir-Rhyne University,United States,I126683464,Lenoir–Rhyne University,IPEDS id → Wikidata → ROR id,high,yes,
scorecard:166452,Lesley University,United States,I60997889,Lesley University,IPEDS id → Wikidata → ROR id,high,yes,
scorecard:226231,LeTourneau University,United States,I118808232,LeTourneau University,IPEDS id → Wikidata → ROR id,high,yes,
scorecard:209056,Lewis & Clark College,United States,I74201987,Lewis & Clark College,IPEDS id → Wikidata → ROR id,high,yes,
scorecard:146612,Lewis University,United States,I134118262,Lewis University,IPEDS id → Wikidata → ROR id,high,yes,
scorecard:142328,Lewis-Clark State College,United States,I157609188,Lewis Clark State College,IPEDS id → Wikidata → ROR id,high,yes,
scorecard:232557,Liberty University,United States,I67789559,Liberty University,IPEDS id → Wikidata → ROR id,high,yes,
scorecard:117104,Life Pacific University,United States,I2801618619,Life Pacific University,IPEDS id → Wikidata → ROR id,high,yes,
scorecard:140252,Life University,United States,I51923648,Life University,IPEDS id → Wikidata → ROR id,high,yes,
scorecard:192271,LIM College,United States,I164865396,LIM College,IPEDS id → Wikidata → ROR id,high,yes,
scorecard:220631,Lincoln Memorial University,United States,I168451400,Lincoln Memorial University,IPEDS id → Wikidata → ROR id,high,yes,
scorecard:213598,Lincoln University,United States,I33821262,Lincoln University - Pennsylvania,IPEDS id → Wikidata → ROR id,high,yes,
scorecard:177968,Lindenwood University,United States,I98865867,Lindenwood University,IPEDS id → Wikidata → ROR id,high,yes,
scorecard:209065,Linfield University,United States,I74054363,Linfield College,IPEDS id → Wikidata → ROR id,high,yes,
scorecard:219976,Lipscomb University,United States,I192487284,Lipscomb University,IPEDS id → Wikidata → ROR id,high,yes,
scorecard:198862,Livingstone College,United States,I137884079,Livingstone College,IPEDS id → Wikidata → ROR id,high,yes,
scorecard:177986,Logan University,United States,I102499492,Logan University,IPEDS id → Wikidata → ROR id,high,yes,
scorecard:192448,Long Island University,United States,I138873065,Long Island University,IPEDS id → Wikidata → ROR id,high,yes,
scorecard:232566,Longwood University,United States,I141448028,Longwood University,IPEDS id → Wikidata → ROR id,high,yes,
scorecard:153825,Loras College,United States,I106597867,Loras College,IPEDS id → Wikidata → ROR id,high,yes,
scorecard:159568,Louisiana Christian University,United States,I51162254,Louisiana Christian University,IPEDS id → Wikidata → ROR id,high,yes,
scorecard:159391,Louisiana State University and Agricultural & Mechanical College,United States,I121820613,Louisiana State University,IPEDS id → Wikidata → ROR id,high,yes,
scorecard:159382,Louisiana State University at Alexandria,United States,I13115107,Louisiana State University of Alexandria,IPEDS id → Wikidata → ROR id,high,yes,
scorecard:159416,Louisiana State University-Shreveport,United States,I26489229,Louisiana State University in Shreveport,IPEDS id → Wikidata → ROR id,high,yes,
scorecard:159647,Louisiana Tech University,United States,I919208787,Louisiana Tech University,IPEDS id → Wikidata → ROR id,high,yes,
scorecard:203757,Lourdes University,United States,I78798822,Lourdes University,IPEDS id → Wikidata → ROR id,high,yes,
scorecard:117946,Loyola Marymount University,United States,I35566140,Loyola Marymount University,IPEDS id → Wikidata → ROR id,high,yes,
scorecard:146719,Loyola University Chicago,United States,I1925986,Loyola University Chicago,IPEDS id → Wikidata → ROR id,high,yes,
scorecard:163046,Loyola University Maryland,United States,I165556055,Loyola University Maryland,IPEDS id → Wikidata → ROR id,high,yes,
scorecard:159656,Loyola University New Orleans,United States,I173012211,Loyola University New Orleans,IPEDS id → Wikidata → ROR id,high,yes,
scorecard:226383,Lubbock Christian University,United States,I33586118,Lubbock Christian University,IPEDS id → Wikidata → ROR id,high,yes,
scorecard:153834,Luther College,United States,I240992025,Luther College,IPEDS id → Wikidata → ROR id,high,yes,
scorecard:135364,Luther Rice College & Seminary,United States,I4210147800,Luther Rice College and Seminary,IPEDS id → Wikidata → ROR id,high,yes,
scorecard:213668,Lycoming College,United States,I55926968,Lycoming College,IPEDS id → Wikidata → ROR id,high,yes,
scorecard:132657,Lynn University,United States,I149530613,Lynn University,IPEDS id → Wikidata → ROR id,high,yes,
scorecard:106342,Lyon College,United States,I178906410,Lyon College,IPEDS id → Wikidata → ROR id,high,yes,
scorecard:173902,Macalester College,United States,I5444425,Macalester College,IPEDS id → Wikidata → ROR id,high,yes,
scorecard:170806,Madonna University,United States,I151654608,Madonna University,IPEDS id → Wikidata → ROR id,high,yes,
scorecard:153861,Maharishi International University,United States,I184842277,Maharishi International University,IPEDS id → Wikidata → ROR id,high,yes,
scorecard:161509,Maine College of Art & Design,United States,I2800854703,Maine College of Art,IPEDS id → Wikidata → ROR id,high,yes,
scorecard:161299,Maine Maritime Academy,United States,I29181729,Maine Maritime Academy,IPEDS id → Wikidata → ROR id,high,yes,
scorecard:203775,Malone University,United States,I207601951,Malone University,IPEDS id → Wikidata → ROR id,high,yes,
scorecard:151777,Manchester University,United States,I87253917,Manchester University,IPEDS id → Wikidata → ROR id,high,yes,
scorecard:155496,Manhattan Christian College,United States,I2800877021,Manhattan Christian College,IPEDS id → Wikidata → ROR id,high,yes,
scorecard:192712,Manhattan School of Music,United States,I43698687,Manhattan School of Music,IPEDS id → Wikidata → ROR id,high,yes,
scorecard:192703,Manhattan University,United States,I55707380,Manhattan University,IPEDS id → Wikidata → ROR id,high,yes,
scorecard:192749,Manhattanville University,United States,I30002821,Manhattanville College,IPEDS id → Wikidata → ROR id,high,yes,
scorecard:239071,Maranatha Baptist University,United States,I2801642533,Maranatha Baptist University,IPEDS id → Wikidata → ROR id,high,yes,
scorecard:151786,Marian University,United States,I917324061,Marian University - Indiana,IPEDS id → Wikidata → ROR id,high,yes,
scorecard:239080,Marian University,United States,I4210106835,Marian University - Wisconsin,IPEDS id → Wikidata → ROR id,high,yes,
scorecard:203845,Marietta College,United States,I81726945,Marietta College,IPEDS id → Wikidata → ROR id,high,yes,
scorecard:192819,Marist University,United States,I926137907,Marist University,IPEDS id → Wikidata → ROR id,high,yes,
scorecard:239105,Marquette University,United States,I102461120,Marquette University,IPEDS id → Wikidata → ROR id,high,yes,
scorecard:198899,Mars Hill University,United States,I32539699,Mars Hill University,IPEDS id → Wikidata → ROR id,high,yes,
scorecard:237525,Marshall University,United States,I88694374,Marshall University,IPEDS id → Wikidata → ROR id,high,yes,
scorecard:173452,Martin Luther College,United States,I2802904733,Martin Luther College,IPEDS id → Wikidata → ROR id,high,yes,
scorecard:163295,Maryland Institute College of Art,United States,I148143595,Maryland Institute College of Art,IPEDS id → Wikidata → ROR id,high,yes,
scorecard:192864,Marymount Manhattan College,United States,I96502947,Marymount Manhattan College,IPEDS id → Wikidata → ROR id,high,yes,
scorecard:232706,Marymount University,United States,I53276908,Marymount University,IPEDS id → Wikidata → ROR id,high,yes,
scorecard:220710,Maryville College,United States,I144530997,Maryville College,IPEDS id → Wikidata → ROR id,high,yes,
scorecard:178059,Maryville University of Saint Louis,United States,I16989420,Maryville University,IPEDS id → Wikidata → ROR id,high,yes,
scorecard:213826,Marywood University,United States,I20960122,Marywood University,IPEDS id → Wikidata → ROR id,high,yes,
scorecard:166674,Massachusetts College of Art and Design,United States,I55200170,Massachusetts College of Art and Design,IPEDS id → Wikidata → ROR id,high,yes,
scorecard:167288,Massachusetts College of Liberal Arts,United States,I26321052,Massachusetts College of Liberal Arts,IPEDS id → Wikidata → ROR id,high,yes,
scorecard:166656,Massachusetts College of Pharmacy and Health Sciences,United States,I165817395,Massachusetts College of Pharmacy and Health Sciences,IPEDS id → Wikidata → ROR id,high,yes,
scorecard:166683,Massachusetts Institute of Technology,United States,I63966007,Massachusetts Institute of Technology,IPEDS id → Wikidata → ROR id,high,yes,
scorecard:166692,Massachusetts Maritime Academy,United States,I21294169,Massachusetts Maritime Academy,IPEDS id → Wikidata → ROR id,high,yes,
scorecard:164270,McDaniel College,United States,I145561451,McDaniel College,IPEDS id → Wikidata → ROR id,high,yes,
scorecard:147013,McKendree University,United States,I16496490,McKendree University,IPEDS id → Wikidata → ROR id,high,yes,
scorecard:226587,McMurry University,United States,I78157498,McMurry University,IPEDS id → Wikidata → ROR id,high,yes,
scorecard:159717,McNeese State University,United States,I172951950,McNeese State University,IPEDS id → Wikidata → ROR id,high,yes,
scorecard:155511,McPherson College,United States,I125945398,McPherson College,IPEDS id → Wikidata → ROR id,high,yes,
scorecard:118693,Menlo College,United States,I112898310,Menlo College,IPEDS id → Wikidata → ROR id,high,yes,
scorecard:140447,Mercer University,United States,I150149174,Mercer University,IPEDS id → Wikidata → ROR id,high,yes,
scorecard:153977,Mercy College of Health Sciences,United States,I2800044913,Mercy College of Health Sciences,IPEDS id → Wikidata → ROR id,high,yes,
scorecard:203960,Mercy College of Ohio,United States,I2802207532,Mercy College of Ohio,IPEDS id → Wikidata → ROR id,high,yes,
scorecard:193016,Mercy University,United States,I125924841,Mercy University,IPEDS id → Wikidata → ROR id,high,yes,
scorecard:213987,Mercyhurst University,United States,I157087037,Mercyhurst University,IPEDS id → Wikidata → ROR id,high,yes,
scorecard:198950,Meredith College,United States,I20486536,Meredith College,IPEDS id → Wikidata → ROR id,high,yes,
scorecard:166850,Merrimack College,United States,I4058158,Merrimack College,IPEDS id → Wikidata → ROR id,high,yes,
scorecard:417752,Messenger College,United States,I4210094166,Messenger College,IPEDS id → Wikidata → ROR id,high,yes,
scorecard:213996,Messiah University,United States,I10452050,Messiah University,IPEDS id → Wikidata → ROR id,high,yes,
scorecard:198969,Methodist University,United States,I66755815,Methodist University,IPEDS id → Wikidata → ROR id,high,yes,
scorecard:190114,Metropolitan College of New York,United States,I92609107,Metropolitan College of New York,IPEDS id → Wikidata → ROR id,high,yes,
scorecard:174020,Metropolitan State University,United States,I99069390,Metropolitan State University,IPEDS id → Wikidata → ROR id,high,yes,
scorecard:127565,Metropolitan State University of Denver,United States,I879689382,Metropolitan State University of Denver,IPEDS id → Wikidata → ROR id,high,yes,
scorecard:204024,Miami University-Oxford,United States,I83328450,Miami University,IPEDS id → Wikidata → ROR id,high,yes,
scorecard:171100,Michigan State University,United States,I87216513,Michigan State University,IPEDS id → Wikidata → ROR id,high,yes,
scorecard:171128,Michigan Technological University,United States,I11957088,Michigan Technological University,IPEDS id → Wikidata → ROR id,high,yes,
scorecard:245953,Mid-America Christian University,United States,I2802205910,Mid-America Christian University,IPEDS id → Wikidata → ROR id,high,yes,
scorecard:199458,Mid-Atlantic Christian University,United States,I2800994978,Mid-Atlantic Christian University,IPEDS id → Wikidata → ROR id,high,yes,
scorecard:155520,MidAmerica Nazarene University,United States,I80244352,MidAmerica Nazarene University,IPEDS id → Wikidata → ROR id,high,yes,
scorecard:482158,Middle Georgia State University,United States,I931969281,Middle Georgia State University,IPEDS id → Wikidata → ROR id,high,yes,
scorecard:220978,Middle Tennessee State University,United States,I169615421,Middle Tennessee State University,IPEDS id → Wikidata → ROR id,high,yes,
scorecard:230959,Middlebury College,United States,I195575238,Middlebury College,IPEDS id → Wikidata → ROR id,high,yes,
scorecard:181330,Midland University,United States,I2802927936,Midland University,IPEDS id → Wikidata → ROR id,high,yes,
scorecard:157377,Midway University,United States,I155201520,Midway University,IPEDS id → Wikidata → ROR id,high,yes,
scorecard:178208,Midwestern Baptist Theological Seminary,United States,I2801798759,Midwestern Baptist Theological Seminary,IPEDS id → Wikidata → ROR id,high,yes,
scorecard:226833,Midwestern State University,United States,I46896759,Midwestern State University,IPEDS id → Wikidata → ROR id,high,yes,
scorecard:480985,Midwives College of Utah,United States,I2915433752,Midwives College of Utah,IPEDS id → Wikidata → ROR id,high,yes,
scorecard:214041,Millersville University of Pennsylvania,United States,I104651037,Millersville University,IPEDS id → Wikidata → ROR id,high,yes,
scorecard:486901,Milligan University,United States,I54880866,Milligan College,IPEDS id → Wikidata → ROR id,high,yes,
scorecard:147244,Millikin University,United States,I146644014,Millikin University,IPEDS id → Wikidata → ROR id,high,yes,
scorecard:175980,Millsaps College,United States,I170532803,Millsaps College,IPEDS id → Wikidata → ROR id,high,yes,
scorecard:239309,Milwaukee Institute of Art & Design,United States,I4210128488,Milwaukee Institute of Art & Design,IPEDS id → Wikidata → ROR id,high,yes,
scorecard:239318,Milwaukee School of Engineering,United States,I50702494,Milwaukee School of Engineering,IPEDS id → Wikidata → ROR id,high,yes,
scorecard:174127,Minneapolis College of Art and Design,United States,I51342185,Minneapolis College of Art and Design,IPEDS id → Wikidata → ROR id,high,yes,
scorecard:174358,Minnesota State University Moorhead,United States,I166613482,Minnesota State University Moorhead,IPEDS id → Wikidata → ROR id,high,yes,
scorecard:173920,Minnesota State University-Mankato,United States,I152014189,"Minnesota State University, Mankato",IPEDS id → Wikidata → ROR id,high,yes,
scorecard:200253,Minot State University,United States,I92063915,Minot State University,IPEDS id → Wikidata → ROR id,high,yes,
scorecard:214069,Misericordia University,United States,I67698093,Misericordia University,IPEDS id → Wikidata → ROR id,high,yes,
scorecard:176053,Mississippi Christian University,United States,I52890796,Mississippi College,IPEDS id → Wikidata → ROR id,high,yes,
scorecard:176080,Mississippi State University,United States,I99041443,Mississippi State University,IPEDS id → Wikidata → ROR id,high,yes,
scorecard:176035,Mississippi University for Women,United States,I31807967,Mississippi University for Women,IPEDS id → Wikidata → ROR id,high,yes,
scorecard:176044,Mississippi Valley State University,United States,I61652871,Mississippi Valley State University,IPEDS id → Wikidata → ROR id,high,yes,
scorecard:178244,Missouri Baptist University,United States,I347675474,Missouri Baptist University,IPEDS id → Wikidata → ROR id,high,yes,
scorecard:178341,Missouri Southern State University,United States,I103219246,Missouri Southern State University,IPEDS id → Wikidata → ROR id,high,yes,
scorecard:179566,Missouri State University-Springfield,United States,I119942284,Missouri State University,IPEDS id → Wikidata → ROR id,high,yes,
scorecard:178411,Missouri University of Science and Technology,United States,I20382870,Missouri University of Science and Technology,IPEDS id → Wikidata → ROR id,high,yes,
scorecard:178369,Missouri Valley College,United States,I169675959,Missouri Valley College,IPEDS id → Wikidata → ROR id,high,yes,
scorecard:129774,Mitchell College,United States,I178721510,Mitchell College,IPEDS id → Wikidata → ROR id,high,yes,
scorecard:193292,Molloy University,United States,I176922709,Molloy College,IPEDS id → Wikidata → ROR id,high,yes,
scorecard:147341,Monmouth College,United States,I157471465,Monmouth College,IPEDS id → Wikidata → ROR id,high,yes,
scorecard:185572,Monmouth University,United States,I141450709,Monmouth University,IPEDS id → Wikidata → ROR id,high,yes,
scorecard:180461,Montana State University,United States,I23732399,Montana State University,IPEDS id → Wikidata → ROR id,high,yes,
scorecard:180416,Montana Technological University,United States,I917168660,Montana Technological University,IPEDS id → Wikidata → ROR id,high,yes,
scorecard:185590,Montclair State University,United States,I166088655,Montclair State University,IPEDS id → Wikidata → ROR id,high,yes,
scorecard:199032,Montreat College,United States,I45836617,Montreat College,IPEDS id → Wikidata → ROR id,high,yes,
scorecard:147369,Moody Bible Institute,United States,I335788046,Moody Bible Institute,IPEDS id → Wikidata → ROR id,high,yes,
scorecard:214148,Moore College of Art and Design,United States,I161033783,Moore College of Art and Design,IPEDS id → Wikidata → ROR id,high,yes,
scorecard:214157,Moravian University,United States,I205139184,Moravian University,IPEDS id → Wikidata → ROR id,high,yes,
scorecard:157386,Morehead State University,United States,I44206873,Morehead State University,IPEDS id → Wikidata → ROR id,high,yes,
scorecard:140553,Morehouse College,United States,I85230861,Morehouse College,IPEDS id → Wikidata → ROR id,high,yes,
scorecard:163453,Morgan State University,United States,I83909951,Morgan State University,IPEDS id → Wikidata → ROR id,high,yes,
scorecard:154004,Morningside University,United States,I879122259,Morningside College,IPEDS id → Wikidata → ROR id,high,yes,
scorecard:214166,Mount Aloysius College,United States,I179368126,Mount Aloysius College,IPEDS id → Wikidata → ROR id,high,yes,
scorecard:209241,Mount Angel Seminary,United States,I2801827171,Mount Angel Abbey,IPEDS id → Wikidata → ROR id,high,yes,
scorecard:204176,Mount Carmel College of Nursing,United States,I4210087767,Mount Carmel College of Nursing,IPEDS id → Wikidata → ROR id,high,yes,
scorecard:166939,Mount Holyoke College,United States,I150693791,Mount Holyoke College,IPEDS id → Wikidata → ROR id,high,yes,
scorecard:219198,Mount Marty University,United States,I138187031,Mount Marty College,IPEDS id → Wikidata → ROR id,high,yes,
scorecard:239390,Mount Mary University,United States,I922734724,Mount Mary University,IPEDS id → Wikidata → ROR id,high,yes,
scorecard:154013,Mount Mercy University,United States,I198796369,Mount Mercy University,IPEDS id → Wikidata → ROR id,high,yes,
scorecard:193353,Mount Saint Mary College,United States,I913696744,Mount Saint Mary College,IPEDS id → Wikidata → ROR id,high,yes,
scorecard:119173,Mount Saint Mary's University,United States,I4210134096,Mount St. Mary's University,IPEDS id → Wikidata → ROR id,high,yes,
scorecard:204200,Mount St. Joseph University,United States,I147569298,Mount St. Joseph University,IPEDS id → Wikidata → ROR id,high,yes,
scorecard:163462,Mount St. Mary's University,United States,I68213504,Mount St. Mary's University,IPEDS id → Wikidata → ROR id,high,yes,
scorecard:204194,Mount Vernon Nazarene University,United States,I148540549,Mount Vernon Nazarene University,IPEDS id → Wikidata → ROR id,high,yes,
scorecard:214175,Muhlenberg College,United States,I48967780,Muhlenberg College,IPEDS id → Wikidata → ROR id,high,yes,
scorecard:157401,Murray State University,United States,I127362389,Murray State University,IPEDS id → Wikidata → ROR id,high,yes,
scorecard:204264,Muskingum University,United States,I118856550,Muskingum University,IPEDS id → Wikidata → ROR id,high,yes,
scorecard:127653,Naropa University,United States,I31459862,Naropa University,IPEDS id → Wikidata → ROR id,high,yes,
scorecard:147536,National Louis University,United States,I194163208,National Louis University,IPEDS id → Wikidata → ROR id,high,yes,
scorecard:193584,Nazareth University,United States,I25093896,Nazareth College,IPEDS id → Wikidata → ROR id,high,yes,
scorecard:181297,Nebraska Methodist College of Nursing & Allied Health,United States,I2800637523,Nebraska Methodist College,IPEDS id → Wikidata → ROR id,high,yes,
scorecard:181446,Nebraska Wesleyan University,United States,I98924952,Nebraska Wesleyan University,IPEDS id → Wikidata → ROR id,high,yes,
scorecard:228325,Nelson University,United States,I2802204546,Nelson University,IPEDS id → Wikidata → ROR id,high,yes,
scorecard:214272,Neumann University,United States,I163161326,Neumann University,IPEDS id → Wikidata → ROR id,high,yes,
scorecard:445692,Neumont College of Computer Science,United States,I110708253,Neumont University,IPEDS id → Wikidata → ROR id,high,yes,
scorecard:441900,Nevada State University,United States,I147912653,Nevada State University,IPEDS id → Wikidata → ROR id,high,yes,
scorecard:262129,New College of Florida,United States,I4056153,New College of Florida,IPEDS id → Wikidata → ROR id,high,yes,
scorecard:182980,New England College,United States,I185649097,New England College,IPEDS id → Wikidata → ROR id,high,yes,
scorecard:208725,New Hope Christian College-Eugene,United States,I2801167526,New Hope Christian College,IPEDS id → Wikidata → ROR id,high,yes,
scorecard:185129,New Jersey City University,United States,I89554219,New Jersey City University,IPEDS id → Wikidata → ROR id,high,yes,
scorecard:185828,New Jersey Institute of Technology,United States,I118118575,New Jersey Institute of Technology,IPEDS id → Wikidata → ROR id,high,yes,
scorecard:187967,New Mexico Institute of Mining and Technology,United States,I207123951,New Mexico Institute of Mining and Technology,IPEDS id → Wikidata → ROR id,high,yes,
scorecard:188030,New Mexico State University-Main Campus,United States,I10052268,New Mexico State University,IPEDS id → Wikidata → ROR id,high,yes,
scorecard:440396,New Saint Andrews College,United States,I2802129807,New Saint Andrews College,IPEDS id → Wikidata → ROR id,high,yes,
scorecard:194091,New York Institute of Technology,United States,I4210104314,New York Institute of Technology,IPEDS id → Wikidata → ROR id,high,yes,
scorecard:193900,New York University,United States,I57206974,New York University,IPEDS id → Wikidata → ROR id,high,yes,
scorecard:218414,Newberry College,United States,I173210334,Newberry College,IPEDS id → Wikidata → ROR id,high,yes,
scorecard:155335,Newman University,United States,I112679378,Newman University,IPEDS id → Wikidata → ROR id,high,yes,
scorecard:119775,Newschool of Architecture and Design,United States,I2800069670,NewSchool of Architecture and Design,IPEDS id → Wikidata → ROR id,high,yes,
scorecard:193973,Niagara University,United States,I201536842,Niagara University,IPEDS id → Wikidata → ROR id,high,yes,
scorecard:159966,Nicholls State University,United States,I47209331,Nicholls State University,IPEDS id → Wikidata → ROR id,high,yes,
scorecard:167260,Nichols College,United States,I25035005,Nichols College,IPEDS id → Wikidata → ROR id,high,yes,
scorecard:232937,Norfolk State University,United States,I103087548,Norfolk State University,IPEDS id → Wikidata → ROR id,high,yes,
scorecard:199102,North Carolina A & T State University,United States,I35777872,North Carolina Agricultural and Technical State University,IPEDS id → Wikidata → ROR id,high,yes,
scorecard:199157,North Carolina Central University,United States,I123127086,North Carolina Central University,IPEDS id → Wikidata → ROR id,high,yes,
scorecard:199193,North Carolina State University at Raleigh,United States,I137902535,North Carolina State University,IPEDS id → Wikidata → ROR id,high,yes,
scorecard:199209,North Carolina Wesleyan University,United States,I104029552,North Carolina Wesleyan College,IPEDS id → Wikidata → ROR id,high,yes,
scorecard:147660,North Central College,United States,I45536552,North Central College,IPEDS id → Wikidata → ROR id,high,yes,
scorecard:174437,North Central University,United States,I327981158,North Central University,IPEDS id → Wikidata → ROR id,high,yes,
scorecard:200332,North Dakota State University-Main Campus,United States,I57328836,North Dakota State University,IPEDS id → Wikidata → ROR id,high,yes,
scorecard:218441,North Greenville University,United States,I166681293,North Greenville University,IPEDS id → Wikidata → ROR id,high,yes,
scorecard:147679,North Park University,United States,I153535764,North Park University,IPEDS id → Wikidata → ROR id,high,yes,
scorecard:147776,Northeastern Illinois University,United States,I27639287,Northeastern Illinois University,IPEDS id → Wikidata → ROR id,high,yes,
scorecard:207263,Northeastern State University,United States,I192664086,Northeastern State University,IPEDS id → Wikidata → ROR id,high,yes,
scorecard:167358,Northeastern University,United States,I12912129,Northeastern University,IPEDS id → Wikidata → ROR id,high,yes,
scorecard:118888,Northeastern University Oakland,United States,I91481961,Mills College,IPEDS id → Wikidata → ROR id,high,yes,
scorecard:105330,Northern Arizona University,United States,I203172682,Northern Arizona University,IPEDS id → Wikidata → ROR id,high,yes,
scorecard:147703,Northern Illinois University,United States,I102502594,Northern Illinois University,IPEDS id → Wikidata → ROR id,high,yes,
scorecard:157447,Northern Kentucky University,United States,I168416876,Northern Kentucky University,IPEDS id → Wikidata → ROR id,high,yes,
scorecard:171456,Northern Michigan University,United States,I177331275,Northern Michigan University,IPEDS id → Wikidata → ROR id,high,yes,
scorecard:219259,Northern State University,United States,I21700936,Northern State University,IPEDS id → Wikidata → ROR id,high,yes,
scorecard:377546,Northwest College of Art & Design,United States,I4210115360,Northwest College of Art & Design,IPEDS id → Wikidata → ROR id,high,yes,
scorecard:178624,Northwest Missouri State University,United States,I11123151,Northwest Missouri State University,IPEDS id → Wikidata → ROR id,high,yes,
scorecard:142461,Northwest Nazarene University,United States,I83578353,Northwest Nazarene University,IPEDS id → Wikidata → ROR id,high,yes,
scorecard:236133,Northwest University,United States,I36819085,Northwest University,IPEDS id → Wikidata → ROR id,high,yes,
scorecard:154101,Northwestern College,United States,I71431329,Northwestern College - Iowa,IPEDS id → Wikidata → ROR id,high,yes,
scorecard:207306,Northwestern Oklahoma State University,United States,I56955425,Northwestern Oklahoma State University,IPEDS id → Wikidata → ROR id,high,yes,
scorecard:160038,Northwestern State University of Louisiana,United States,I157717896,Northwestern State University,IPEDS id → Wikidata → ROR id,high,yes,
scorecard:147767,Northwestern University,United States,I111979921,Northwestern University,IPEDS id → Wikidata → ROR id,high,yes,
scorecard:171492,Northwood University,United States,I70142805,Northwood University,IPEDS id → Wikidata → ROR id,high,yes,
scorecard:230995,Norwich University,United States,I169768744,Norwich University,IPEDS id → Wikidata → ROR id,high,yes,
scorecard:163578,Notre Dame of Maryland University,United States,I15881279,Notre Dame of Maryland University,IPEDS id → Wikidata → ROR id,high,yes,
scorecard:136215,Nova Southeastern University,United States,I203088144,Nova Southeastern University,IPEDS id → Wikidata → ROR id,high,yes,
scorecard:152099,Oakland City University,United States,I2799491937,Oakland City University,IPEDS id → Wikidata → ROR id,high,yes,
scorecard:171571,Oakland University,United States,I177721651,Oakland University,IPEDS id → Wikidata → ROR id,high,yes,
scorecard:101912,Oakwood University,United States,I10986801,Oakwood University,IPEDS id → Wikidata → ROR id,high,yes,
scorecard:204501,Oberlin College,United States,I70571728,Oberlin College,IPEDS id → Wikidata → ROR id,high,yes,
scorecard:120254,Occidental College,United States,I72903472,Occidental College,IPEDS id → Wikidata → ROR id,high,yes,
scorecard:140696,Oglethorpe University,United States,I182192344,Oglethorpe University,IPEDS id → Wikidata → ROR id,high,yes,
scorecard:201964,Ohio Christian University,United States,I2799319437,Ohio Christian University,IPEDS id → Wikidata → ROR id,high,yes,
scorecard:204617,Ohio Dominican University,United States,I118406146,Ohio Dominican University,IPEDS id → Wikidata → ROR id,high,yes,
scorecard:204635,Ohio Northern University,United States,I150722199,Ohio Northern University,IPEDS id → Wikidata → ROR id,high,yes,
scorecard:204796,Ohio State University-Main Campus,United States,I52357470,The Ohio State University,IPEDS id → Wikidata → ROR id,high,yes,
scorecard:204857,Ohio University-Main Campus,United States,I4210106879,Ohio University,IPEDS id → Wikidata → ROR id,high,yes,
scorecard:204909,Ohio Wesleyan University,United States,I81461992,Ohio Wesleyan University,IPEDS id → Wikidata → ROR id,high,yes,
scorecard:207403,Oklahoma Baptist University,United States,I186415101,Oklahoma Baptist University,IPEDS id → Wikidata → ROR id,high,yes,
scorecard:207324,Oklahoma Christian University,United States,I28330173,Oklahoma Christian University,IPEDS id → Wikidata → ROR id,high,yes,
scorecard:207458,Oklahoma City University,United States,I27253931,Oklahoma City University,IPEDS id → Wikidata → ROR id,high,yes,
scorecard:207388,Oklahoma State University-Main Campus,United States,I115475287,Oklahoma State University,IPEDS id → Wikidata → ROR id,high,yes,
scorecard:206835,Oklahoma Wesleyan University,United States,I124869726,Oklahoma Wesleyan University,IPEDS id → Wikidata → ROR id,high,yes,
scorecard:232982,Old Dominion University,United States,I81365321,Old Dominion University,IPEDS id → Wikidata → ROR id,high,yes,
scorecard:147828,Olivet Nazarene University,United States,I112494859,Olivet Nazarene University,IPEDS id → Wikidata → ROR id,high,yes,
scorecard:207582,Oral Roberts University,United States,I189981527,Oral Roberts University,IPEDS id → Wikidata → ROR id,high,yes,
scorecard:209506,Oregon Institute of Technology,United States,I129871486,Oregon Institute of Technology,IPEDS id → Wikidata → ROR id,high,yes,
scorecard:209542,Oregon State University,United States,I131249849,Oregon State University,IPEDS id → Wikidata → ROR id,high,yes,
scorecard:440828,Oregon State University-Cascades Campus,United States,I53835047,Oregon State University Cascades,IPEDS id → Wikidata → ROR id,high,yes,
scorecard:120403,Otis College of Art and Design,United States,I2802607624,Otis College of Art and Design,IPEDS id → Wikidata → ROR id,high,yes,
scorecard:155627,Ottawa University-Ottawa,United States,I9374425,Ottawa University,IPEDS id → Wikidata → ROR id,high,yes,
scorecard:204936,Otterbein University,United States,I197312921,Otterbein University,IPEDS id → Wikidata → ROR id,high,yes,
scorecard:107512,Ouachita Baptist University,United States,I2303707,Ouachita Baptist University,IPEDS id → Wikidata → ROR id,high,yes,
scorecard:178679,Ozark Christian College,United States,I2800359012,Ozark Christian College,IPEDS id → Wikidata → ROR id,high,yes,
scorecard:194310,Pace University,United States,I126863827,Pace University,IPEDS id → Wikidata → ROR id,high,yes,
scorecard:236230,Pacific Lutheran University,United States,I60065076,Pacific Lutheran University,IPEDS id → Wikidata → ROR id,high,yes,
scorecard:209603,Pacific Northwest College of Art,United States,I2803038625,Pacific Northwest College of Art,IPEDS id → Wikidata → ROR id,high,yes,
scorecard:120768,Pacific Oaks College,United States,I250763816,Pacific Oaks College,IPEDS id → Wikidata → ROR id,high,yes,
scorecard:209612,Pacific University,United States,I4210149261,Pacific University,IPEDS id → Wikidata → ROR id,high,yes,
scorecard:140720,Paine College,United States,I19989617,Paine College,IPEDS id → Wikidata → ROR id,high,yes,
scorecard:136330,Palm Beach Atlantic University,United States,I77170853,Palm Beach Atlantic University,IPEDS id → Wikidata → ROR id,high,yes,
scorecard:451927,Patrick Henry College,United States,I125884339,Patrick Henry College,IPEDS id → Wikidata → ROR id,high,yes,
scorecard:227429,Paul Quinn College,United States,I2800075859,Paul Quinn College,IPEDS id → Wikidata → ROR id,high,yes,
scorecard:194392,Paul Smiths College of Arts and Science,United States,I85161929,Paul Smith's College,IPEDS id → Wikidata → ROR id,high,yes,
scorecard:215053,Pennsylvania College of Art and Design,United States,I3211756974,Pennsylvania College of Art and Design,IPEDS id → Wikidata → ROR id,high,yes,
scorecard:214777,Pennsylvania State University-Main Campus,United States,I130769515,Pennsylvania State University,IPEDS id → Wikidata → ROR id,high,yes,
scorecard:498571,Pennsylvania Western University,United States,I4405268728,Pennsylvania Western University,OpenAlex name search: same name + country,medium,yes,
scorecard:121150,Pepperdine University,United States,I100191712,Pepperdine University,IPEDS id → Wikidata → ROR id,high,yes,
scorecard:199306,Pfeiffer University,United States,I115795656,Pfeiffer University,IPEDS id → Wikidata → ROR id,high,yes,
scorecard:140818,Piedmont University,United States,I127446714,Piedmont College,IPEDS id → Wikidata → ROR id,high,yes,
scorecard:155681,Pittsburg State University,United States,I4780363,Pittsburg State University,IPEDS id → Wikidata → ROR id,high,yes,
scorecard:121257,Pitzer College,United States,I141778976,Pitzer College,IPEDS id → Wikidata → ROR id,high,yes,
scorecard:183080,Plymouth State University,United States,I89312276,Plymouth State University,IPEDS id → Wikidata → ROR id,high,yes,
scorecard:121309,Point Loma Nazarene University,United States,I98607628,Point Loma Nazarene University,IPEDS id → Wikidata → ROR id,high,yes,
scorecard:215442,Point Park University,United States,I23745121,Point Park University,IPEDS id → Wikidata → ROR id,high,yes,
scorecard:138868,Point University,United States,I2801765881,Point University,IPEDS id → Wikidata → ROR id,high,yes,
scorecard:121345,Pomona College,United States,I177881444,Pomona College,IPEDS id → Wikidata → ROR id,high,yes,
scorecard:241410,Pontifical Catholic University of Puerto Rico-Ponce,United States,I111350863,Pontifical Catholic University of Puerto Rico,IPEDS id → Wikidata → ROR id,high,yes,
scorecard:205027,Pontifical College Josephinum,United States,I205992003,Pontifical College Josephinum,IPEDS id → Wikidata → ROR id,high,yes,
scorecard:209807,Portland State University,United States,I126345244,Portland State University,IPEDS id → Wikidata → ROR id,high,yes,
scorecard:227526,Prairie View A & M University,United States,I250520410,Prairie View A&M University,IPEDS id → Wikidata → ROR id,high,yes,
scorecard:194578,Pratt Institute-Main,United States,I59028336,Pratt Institute,IPEDS id → Wikidata → ROR id,high,yes,
scorecard:218539,Presbyterian College,United States,I137582240,Presbyterian College,IPEDS id → Wikidata → ROR id,high,yes,
scorecard:105589,Prescott College,United States,I35445894,Prescott College,IPEDS id → Wikidata → ROR id,high,yes,
scorecard:186131,Princeton University,United States,I20089843,Princeton University,IPEDS id → Wikidata → ROR id,high,yes,
scorecard:455770,Providence Christian College,United States,I154182229,Providence Christian College,IPEDS id → Wikidata → ROR id,high,yes,
scorecard:217402,Providence College,United States,I196272386,Providence College,IPEDS id → Wikidata → ROR id,high,yes,
scorecard:151102,Purdue University Fort Wayne,United States,I162817326,Indiana University – Purdue University Fort Wayne,IPEDS id → Wikidata → ROR id,high,yes,
scorecard:490805,Purdue University Northwest,United States,I117015748,Purdue University Northwest,IPEDS id → Wikidata → ROR id,high,yes,
scorecard:243780,Purdue University-Main Campus,United States,I219193219,Purdue University West Lafayette,IPEDS id → Wikidata → ROR id,high,yes,
scorecard:199412,Queens University of Charlotte,United States,I40889946,Queens University of Charlotte,IPEDS id → Wikidata → ROR id,high,yes,
scorecard:148131,Quincy University,United States,I98070013,Quincy University,IPEDS id → Wikidata → ROR id,high,yes,
scorecard:130226,Quinnipiac University,United States,I43267033,Quinnipiac University,IPEDS id → Wikidata → ROR id,high,yes,
scorecard:384421,Rabbi Jacob Joseph School,United States,I4210123895,Rabbi Jacob Joseph School,IPEDS id → Wikidata → ROR id,high,yes,
scorecard:186186,Rabbinical College of America,United States,I2799489306,Rabbinical College of America,IPEDS id → Wikidata → ROR id,high,yes,
scorecard:233277,Radford University,United States,I53559539,Radford University,IPEDS id → Wikidata → ROR id,high,yes,
scorecard:186201,Ramapo College of New Jersey,United States,I171851574,Ramapo College,IPEDS id → Wikidata → ROR id,high,yes,
scorecard:207157,Randall University,United States,I3131039795,Randall University,IPEDS id → Wikidata → ROR id,high,yes,
scorecard:233301,Randolph College,United States,I1175298,Randolph College,IPEDS id → Wikidata → ROR id,high,yes,
scorecard:233295,Randolph-Macon College,United States,I182555378,Randolph–Macon College,IPEDS id → Wikidata → ROR id,high,yes,
scorecard:209922,Reed College,United States,I55486353,Reed College,IPEDS id → Wikidata → ROR id,high,yes,
scorecard:231651,Regent University,United States,I153338809,Regent University,IPEDS id → Wikidata → ROR id,high,yes,
scorecard:167598,Regis College,United States,I110764420,Regis College,IPEDS id → Wikidata → ROR id,high,yes,
scorecard:127918,Regis University,United States,I128365640,Regis University,IPEDS id → Wikidata → ROR id,high,yes,
scorecard:140872,Reinhardt University,United States,I25234659,Reinhardt University,IPEDS id → Wikidata → ROR id,high,yes,
scorecard:194824,Rensselaer Polytechnic Institute,United States,I165799507,Rensselaer Polytechnic Institute,IPEDS id → Wikidata → ROR id,high,yes,
scorecard:217420,Rhode Island College,United States,I53118340,Rhode Island College,IPEDS id → Wikidata → ROR id,high,yes,
scorecard:217493,Rhode Island School of Design,United States,I183146814,Rhode Island School of Design,IPEDS id → Wikidata → ROR id,high,yes,
scorecard:221351,Rhodes College,United States,I117979880,Rhodes College,IPEDS id → Wikidata → ROR id,high,yes,
scorecard:227757,Rice University,United States,I74775410,Rice University,IPEDS id → Wikidata → ROR id,high,yes,
scorecard:186283,Rider University,United States,I186776151,Rider University,IPEDS id → Wikidata → ROR id,high,yes,
scorecard:136774,Ringling College of Art and Design,United States,I96849854,Ringling College of Art and Design,IPEDS id → Wikidata → ROR id,high,yes,
scorecard:239628,Ripon College,United States,I209336547,Ripon College,IPEDS id → Wikidata → ROR id,high,yes,
scorecard:183211,Rivier University,United States,I198062273,Rivier University,IPEDS id → Wikidata → ROR id,high,yes,
scorecard:233426,Roanoke College,United States,I41833579,Roanoke College,IPEDS id → Wikidata → ROR id,high,yes,
scorecard:215655,Robert Morris University,United States,I178605575,Robert Morris University,IPEDS id → Wikidata → ROR id,high,yes,
scorecard:194958,Roberts Wesleyan University,United States,I22192696,Roberts Wesleyan College,IPEDS id → Wikidata → ROR id,high,yes,
scorecard:170967,Rochester Christian University,United States,I2802375135,Rochester Christian University,IPEDS id → Wikidata → ROR id,high,yes,
scorecard:195003,Rochester Institute of Technology,United States,I155173764,Rochester Institute of Technology,IPEDS id → Wikidata → ROR id,high,yes,
scorecard:148405,Rockford University,United States,I192972912,Rockford University,IPEDS id → Wikidata → ROR id,high,yes,
scorecard:179043,Rockhurst University,United States,I114250311,Rockhurst University,IPEDS id → Wikidata → ROR id,high,yes,
scorecard:180595,Rocky Mountain College,United States,I915295939,Rocky Mountain College,IPEDS id → Wikidata → ROR id,high,yes,
scorecard:217518,Roger Williams University,United States,I79839527,Roger Williams University,IPEDS id → Wikidata → ROR id,high,yes,
scorecard:136950,Rollins College,United States,I90840245,Rollins College,IPEDS id → Wikidata → ROR id,high,yes,
scorecard:148487,Roosevelt University,United States,I102101047,Roosevelt University,IPEDS id → Wikidata → ROR id,high,yes,
scorecard:152318,Rose-Hulman Institute of Technology,United States,I192578771,Rose–Hulman Institute of Technology,IPEDS id → Wikidata → ROR id,high,yes,
scorecard:215691,Rosemont College,United States,I156455995,Rosemont College,IPEDS id → Wikidata → ROR id,high,yes,
scorecard:184782,Rowan University,United States,I44265643,Rowan University,IPEDS id → Wikidata → ROR id,high,yes,
scorecard:195128,Russell Sage College,United States,I90761930,Russell Sage College,IPEDS id → Wikidata → ROR id,high,yes,
scorecard:176318,Rust College,United States,I48162862,Rust College,IPEDS id → Wikidata → ROR id,high,yes,
scorecard:130253,Sacred Heart University,United States,I130186095,Sacred Heart University,IPEDS id → Wikidata → ROR id,high,yes,
scorecard:172051,Saginaw Valley State University,United States,I27920566,Saginaw Valley State University,IPEDS id → Wikidata → ROR id,high,yes,
scorecard:154235,Saint Ambrose University,United States,I41341903,Saint Ambrose University,IPEDS id → Wikidata → ROR id,high,yes,
scorecard:183239,Saint Anselm College,United States,I31649931,Saint Anselm College,IPEDS id → Wikidata → ROR id,high,yes,
scorecard:199582,Saint Augustine's University,United States,I4210165262,Saint Augustine's University,IPEDS id → Wikidata → ROR id,high,yes,
scorecard:216047,Saint Charles Borromeo Seminary-Overbrook,United States,I2801031041,Saint Charles Borromeo Seminary,IPEDS id → Wikidata → ROR id,high,yes,
scorecard:174783,Saint Cloud State University,United States,I173963315,St. Cloud State University,IPEDS id → Wikidata → ROR id,high,yes,
scorecard:227845,Saint Edward's University,United States,I9224006,St. Edward's University,IPEDS id → Wikidata → ROR id,high,yes,
scorecard:186618,Saint Elizabeth University,United States,I155538133,College of Saint Elizabeth,IPEDS id → Wikidata → ROR id,high,yes,
scorecard:215743,Saint Francis University,United States,I181950316,Saint Francis University,IPEDS id → Wikidata → ROR id,high,yes,
scorecard:161518,Saint Joseph's College of Maine,United States,I4210114089,Saint Joseph's College of Maine,IPEDS id → Wikidata → ROR id,high,yes,
scorecard:215770,Saint Joseph's University - Philadelphia,United States,I51077184,Saint Joseph's University,IPEDS id → Wikidata → ROR id,high,yes,
scorecard:137032,Saint Leo University,United States,I141988045,Saint Leo University,IPEDS id → Wikidata → ROR id,high,yes,
scorecard:179159,Saint Louis University,United States,I47838141,Saint Louis University,IPEDS id → Wikidata → ROR id,high,yes,
scorecard:236452,Saint Martin's University,United States,I143115733,Saint Martin's University,IPEDS id → Wikidata → ROR id,high,yes,
scorecard:152381,Saint Mary-of-the-Woods College,United States,I197455778,Saint Mary-of-the-Woods College,IPEDS id → Wikidata → ROR id,high,yes,
scorecard:152390,Saint Mary's College,United States,I884745506,Saint Mary's College,IPEDS id → Wikidata → ROR id,high,yes,
scorecard:123554,Saint Mary's College of California,United States,I177081203,Saint Mary's College of California,IPEDS id → Wikidata → ROR id,high,yes,
scorecard:174817,Saint Mary's University of Minnesota,United States,I4210147856,Saint Mary's University of Minnesota,IPEDS id → Wikidata → ROR id,high,yes,
scorecard:231059,Saint Michael's College,United States,I55801708,Saint Michael's College,IPEDS id → Wikidata → ROR id,high,yes,
scorecard:239716,Saint Norbert College,United States,I133937715,St. Norbert College,IPEDS id → Wikidata → ROR id,high,yes,
scorecard:186432,Saint Peter's University,United States,I201646274,Saint Peter's University,IPEDS id → Wikidata → ROR id,high,yes,
scorecard:215798,Saint Vincent College,United States,I188871143,Saint Vincent College,IPEDS id → Wikidata → ROR id,high,yes,
scorecard:148627,Saint Xavier University,United States,I198985290,Saint Xavier University,IPEDS id → Wikidata → ROR id,high,yes,
scorecard:199607,Salem College,United States,I60493950,Salem College,IPEDS id → Wikidata → ROR id,high,yes,
scorecard:167729,Salem State University,United States,I44948468,Salem State University,IPEDS id → Wikidata → ROR id,high,yes,
scorecard:163851,Salisbury University,United States,I9364636,Salisbury University,IPEDS id → Wikidata → ROR id,high,yes,
scorecard:217536,Salve Regina University,United States,I46607137,Salve Regina University,IPEDS id → Wikidata → ROR id,high,yes,
scorecard:227881,Sam Houston State University,United States,I191429286,Sam Houston State University,IPEDS id → Wikidata → ROR id,high,yes,
scorecard:102049,Samford University,United States,I83321563,Samford University,IPEDS id → Wikidata → ROR id,high,yes,
scorecard:112084,San Diego Christian College,United States,I2799982120,San Diego Christian College,IPEDS id → Wikidata → ROR id,high,yes,
scorecard:122409,San Diego State University,United States,I26538001,San Diego State University,IPEDS id → Wikidata → ROR id,high,yes,
scorecard:120166,San Francisco Bay University,United States,I99418890,San Francisco Bay University,IPEDS id → Wikidata → ROR id,high,yes,
scorecard:122506,San Francisco Conservatory of Music,United States,I2800075581,San Francisco Conservatory of Music,IPEDS id → Wikidata → ROR id,high,yes,
scorecard:122597,San Francisco State University,United States,I71838634,San Francisco State University,IPEDS id → Wikidata → ROR id,high,yes,
scorecard:122755,San Jose State University,United States,I51504820,San Jose State University,IPEDS id → Wikidata → ROR id,high,yes,
scorecard:430670,San Juan Bautista School of Medicine,United States,I325675569,San Juan Bautista School of Medicine,IPEDS id → Wikidata → ROR id,high,yes,
scorecard:122931,Santa Clara University,United States,I16269868,Santa Clara University,IPEDS id → Wikidata → ROR id,high,yes,
scorecard:195304,Sarah Lawrence College,United States,I56327960,Sarah Lawrence College,IPEDS id → Wikidata → ROR id,high,yes,
scorecard:140951,Savannah College of Art and Design,United States,I175327997,Savannah College of Art and Design,IPEDS id → Wikidata → ROR id,high,yes,
scorecard:143048,School of the Art Institute of Chicago,United States,I194629146,School of the Art Institute of Chicago,IPEDS id → Wikidata → ROR id,high,yes,
scorecard:197151,School of Visual Arts,United States,I83740829,School of Visual Arts,IPEDS id → Wikidata → ROR id,high,yes,
scorecard:228042,Schreiner University,United States,I116115565,Schreiner University,IPEDS id → Wikidata → ROR id,high,yes,
scorecard:123165,Scripps College,United States,I16970960,Scripps College,IPEDS id → Wikidata → ROR id,high,yes,
scorecard:236577,Seattle Pacific University,United States,I11317958,Seattle Pacific University,IPEDS id → Wikidata → ROR id,high,yes,
scorecard:236595,Seattle University,United States,I58610484,Seattle University,IPEDS id → Wikidata → ROR id,high,yes,
scorecard:186584,Seton Hall University,United States,I12524447,Seton Hall University,IPEDS id → Wikidata → ROR id,high,yes,
scorecard:215947,Seton Hill University,United States,I92843443,Seton Hill University,IPEDS id → Wikidata → ROR id,high,yes,
scorecard:123280,Shasta Bible College and Graduate School,United States,I4210157929,Shasta Bible College and Graduate School,IPEDS id → Wikidata → ROR id,high,yes,
scorecard:199643,Shaw University,United States,I97577207,Shaw University,IPEDS id → Wikidata → ROR id,high,yes,
scorecard:233541,Shenandoah University,United States,I200033832,Shenandoah University,IPEDS id → Wikidata → ROR id,high,yes,
scorecard:237792,Shepherd University,United States,I107118585,Shepherd University,IPEDS id → Wikidata → ROR id,high,yes,
scorecard:216010,Shippensburg University of Pennsylvania,United States,I139418187,Shippensburg University,IPEDS id → Wikidata → ROR id,high,yes,
scorecard:140988,Shorter University,United States,I178846432,Shorter University,IPEDS id → Wikidata → ROR id,high,yes,
scorecard:172264,Siena Heights University,United States,I36699412,Siena Heights University,IPEDS id → Wikidata → ROR id,high,yes,
scorecard:195474,Siena University,United States,I920285187,Siena College,IPEDS id → Wikidata → ROR id,high,yes,
scorecard:167783,Simmons University,United States,I179245896,Simmons University,IPEDS id → Wikidata → ROR id,high,yes,
scorecard:154350,Simpson College,United States,I179114263,Simpson College,IPEDS id → Wikidata → ROR id,high,yes,
scorecard:123457,Simpson University,United States,I120296577,Simpson University,IPEDS id → Wikidata → ROR id,high,yes,
scorecard:195526,Skidmore College,United States,I21104390,Skidmore College,IPEDS id → Wikidata → ROR id,high,yes,
scorecard:216038,Slippery Rock University of Pennsylvania,United States,I169494899,Slippery Rock University,IPEDS id → Wikidata → ROR id,high,yes,
scorecard:167835,Smith College,United States,I202524275,Smith College,IPEDS id → Wikidata → ROR id,high,yes,
scorecard:399911,Soka University of America,United States,I67607428,Soka University of America,IPEDS id → Wikidata → ROR id,high,yes,
scorecard:123572,Sonoma State University,United States,I158011677,Sonoma State University,IPEDS id → Wikidata → ROR id,high,yes,
scorecard:218733,South Carolina State University,United States,I139398662,South Carolina State University,IPEDS id → Wikidata → ROR id,high,yes,
scorecard:219347,South Dakota School of Mines and Technology,United States,I184647316,South Dakota School of Mines and Technology,IPEDS id → Wikidata → ROR id,high,yes,
scorecard:219356,South Dakota State University,United States,I177156846,South Dakota State University,IPEDS id → Wikidata → ROR id,high,yes,
scorecard:179557,Southeast Missouri State University,United States,I161165907,Southeast Missouri State University,IPEDS id → Wikidata → ROR id,high,yes,
scorecard:199759,Southeastern Baptist Theological Seminary,United States,I1848394,Southeastern Baptist Theological Seminary,IPEDS id → Wikidata → ROR id,high,yes,
scorecard:160612,Southeastern Louisiana University,United States,I197173980,Southeastern Louisiana University,IPEDS id → Wikidata → ROR id,high,yes,
scorecard:207847,Southeastern Oklahoma State University,United States,I187651305,Southeastern Oklahoma State University,IPEDS id → Wikidata → ROR id,high,yes,
scorecard:137564,Southeastern University,United States,I132801547,Southeastern University,IPEDS id → Wikidata → ROR id,high,yes,
scorecard:221661,Southern Adventist University,United States,I175938002,Southern Adventist University,IPEDS id → Wikidata → ROR id,high,yes,
scorecard:107983,Southern Arkansas University Main Campus,United States,I103527128,Southern Arkansas University,IPEDS id → Wikidata → ROR id,high,yes,
scorecard:123952,Southern California Institute of Architecture,United States,I169551730,Southern California Institute of Architecture,IPEDS id → Wikidata → ROR id,high,yes,
scorecard:130493,Southern Connecticut State University,United States,I35462925,Southern Connecticut State University,IPEDS id → Wikidata → ROR id,high,yes,
scorecard:149231,Southern Illinois University Edwardsville,United States,I87547150,Southern Illinois University Edwardsville,IPEDS id → Wikidata → ROR id,high,yes,
scorecard:149222,Southern Illinois University-Carbondale,United States,I110378019,Southern Illinois University Carbondale,IPEDS id → Wikidata → ROR id,high,yes,
scorecard:228246,Southern Methodist University,United States,I178169726,Southern Methodist University,IPEDS id → Wikidata → ROR id,high,yes,
scorecard:183026,Southern New Hampshire University,United States,I33308869,Southern New Hampshire University,IPEDS id → Wikidata → ROR id,high,yes,
scorecard:210146,Southern Oregon University,United States,I75909800,Southern Oregon University,IPEDS id → Wikidata → ROR id,high,yes,
scorecard:160621,Southern University and A & M College,United States,I145610796,Southern University and Agricultural and Mechanical College,IPEDS id → Wikidata → ROR id,high,yes,
scorecard:160630,Southern University at New Orleans,United States,I150438462,Southern University at New Orleans,IPEDS id → Wikidata → ROR id,high,yes,
scorecard:230603,Southern Utah University,United States,I110496330,Southern Utah University,IPEDS id → Wikidata → ROR id,high,yes,
scorecard:233611,Southern Virginia University,United States,I178897401,Southern Virginia University,IPEDS id → Wikidata → ROR id,high,yes,
scorecard:217776,Southern Wesleyan University,United States,I2801970962,Southern Wesleyan University,IPEDS id → Wikidata → ROR id,high,yes,
scorecard:179326,Southwest Baptist University,United States,I80804394,Southwest Baptist University,IPEDS id → Wikidata → ROR id,high,yes,
scorecard:175078,Southwest Minnesota State University,United States,I65625852,Southwest Minnesota State University,IPEDS id → Wikidata → ROR id,high,yes,
scorecard:228468,Southwestern Adventist University,United States,I196270430,Southwestern Adventist University,IPEDS id → Wikidata → ROR id,high,yes,
scorecard:155900,Southwestern College,United States,I247672516,Southwestern College - Kansas,IPEDS id → Wikidata → ROR id,high,yes,
scorecard:228343,Southwestern University,United States,I8616870,Southwestern University,IPEDS id → Wikidata → ROR id,high,yes,
scorecard:157757,Spalding University,United States,I205353530,Spalding University,IPEDS id → Wikidata → ROR id,high,yes,
scorecard:141060,Spelman College,United States,I118458328,Spelman College,IPEDS id → Wikidata → ROR id,high,yes,
scorecard:172334,Spring Arbor University,United States,I164141967,Spring Arbor University,IPEDS id → Wikidata → ROR id,high,yes,
scorecard:102234,Spring Hill College,United States,I50213246,Spring Hill College,IPEDS id → Wikidata → ROR id,high,yes,
scorecard:167899,Springfield College,United States,I888934510,Springfield College,IPEDS id → Wikidata → ROR id,high,yes,
scorecard:195164,St Bonaventure University,United States,I117309725,St. Bonaventure University,IPEDS id → Wikidata → ROR id,high,yes,
scorecard:175005,St Catherine University,United States,I142767807,St. Catherine University,IPEDS id → Wikidata → ROR id,high,yes,
scorecard:195216,St Lawrence University,United States,I100236772,St. Lawrence University,IPEDS id → Wikidata → ROR id,high,yes,
scorecard:174844,St Olaf College,United States,I24861097,St. Olaf College,IPEDS id → Wikidata → ROR id,high,yes,
scorecard:195720,St. John Fisher University,United States,I910567637,St. John Fisher University,IPEDS id → Wikidata → ROR id,high,yes,
scorecard:137272,St. John Vianney College Seminary,United States,I4210103241,Saint John Vianney College Seminary,IPEDS id → Wikidata → ROR id,high,yes,
scorecard:195809,St. John's University-New York,United States,I142823887,St. John's University,IPEDS id → Wikidata → ROR id,high,yes,
scorecard:195544,St. Joseph's University-New York,United States,I4210117146,St. Joseph's University New York,IPEDS id → Wikidata → ROR id,high,yes,
scorecard:163912,St. Mary's College of Maryland,United States,I78874557,St. Mary's College of Maryland,IPEDS id → Wikidata → ROR id,high,yes,
scorecard:228149,St. Mary's University,United States,I189060766,"St. Mary's University, Texas",IPEDS id → Wikidata → ROR id,high,yes,
scorecard:195243,St. Thomas Aquinas College,United States,I197639755,St. Thomas Aquinas College,IPEDS id → Wikidata → ROR id,high,yes,
scorecard:137476,St. Thomas University,United States,I129725529,St. Thomas University,IPEDS id → Wikidata → ROR id,high,yes,
scorecard:243744,Stanford University,United States,I97018004,Stanford University,IPEDS id → Wikidata → ROR id,high,yes,
scorecard:196149,State University of New York at Cortland,United States,I880615350,SUNY Cortland,IPEDS id → Wikidata → ROR id,high,yes,
scorecard:196176,State University of New York at New Paltz,United States,I157455823,SUNY New Paltz,IPEDS id → Wikidata → ROR id,high,yes,
scorecard:196194,State University of New York at Oswego,United States,I43742981,State University of New York at Oswego,IPEDS id → Wikidata → ROR id,high,yes,
scorecard:196246,State University of New York at Plattsburgh,United States,I63475719,SUNY Plattsburgh,IPEDS id → Wikidata → ROR id,high,yes,
scorecard:228431,Stephen F Austin State University,United States,I201193091,Stephen F. Austin State University,IPEDS id → Wikidata → ROR id,high,yes,
scorecard:179548,Stephens College,United States,I3301702,Stephens College,IPEDS id → Wikidata → ROR id,high,yes,
scorecard:155937,Sterling College,United States,I876450715,Sterling College - Kansas,IPEDS id → Wikidata → ROR id,high,yes,
scorecard:231095,Sterling College,United States,I4210140821,Sterling College - Vermont,IPEDS id → Wikidata → ROR id,high,yes,
scorecard:137546,Stetson University,United States,I99490713,Stetson University,IPEDS id → Wikidata → ROR id,high,yes,
scorecard:186867,Stevens Institute of Technology,United States,I108468826,Stevens Institute of Technology,IPEDS id → Wikidata → ROR id,high,yes,
scorecard:164173,Stevenson University,United States,I122571602,Stevenson University,IPEDS id → Wikidata → ROR id,high,yes,
scorecard:102270,Stillman College,United States,I175528955,Stillman College,IPEDS id → Wikidata → ROR id,high,yes,
scorecard:186876,Stockton University,United States,I24010308,Stockton University,IPEDS id → Wikidata → ROR id,high,yes,
scorecard:167996,Stonehill College,United States,I80335173,Stonehill College,IPEDS id → Wikidata → ROR id,high,yes,
scorecard:196097,Stony Brook University,United States,I59553526,Stony Brook University,IPEDS id → Wikidata → ROR id,high,yes,
scorecard:168005,Suffolk University,United States,I24306055,Suffolk University,IPEDS id → Wikidata → ROR id,high,yes,
scorecard:228501,Sul Ross State University,United States,I162709352,Sul Ross State University,IPEDS id → Wikidata → ROR id,high,yes,
scorecard:196158,SUNY at Fredonia,United States,I61032284,SUNY Fredonia,IPEDS id → Wikidata → ROR id,high,yes,
scorecard:196219,SUNY at Purchase College,United States,I103497121,Purchase College,IPEDS id → Wikidata → ROR id,high,yes,
scorecard:196121,SUNY Brockport,United States,I4864440,SUNY Brockport,IPEDS id → Wikidata → ROR id,high,yes,
scorecard:196130,SUNY Buffalo State University,United States,I115441956,Buffalo State University,IPEDS id → Wikidata → ROR id,high,yes,
scorecard:196167,SUNY College at Geneseo,United States,I27559774,SUNY Geneseo,IPEDS id → Wikidata → ROR id,high,yes,
scorecard:196200,SUNY College at Potsdam,United States,I83328411,State University of New York at Potsdam,IPEDS id → Wikidata → ROR id,high,yes,
scorecard:196033,SUNY College of Agriculture and Technology at Cobleskill,United States,I2800100626,SUNY Cobleskill,IPEDS id → Wikidata → ROR id,high,yes,
scorecard:196103,SUNY College of Environmental Science and Forestry,United States,I157349981,SUNY College of Environmental Science and Forestry,IPEDS id → Wikidata → ROR id,high,yes,
scorecard:196015,SUNY College of Technology at Canton,United States,I159428640,SUNY Canton,IPEDS id → Wikidata → ROR id,high,yes,
scorecard:196291,SUNY Maritime College,United States,I8030538,SUNY Maritime College,IPEDS id → Wikidata → ROR id,high,yes,
scorecard:196237,SUNY Old Westbury,United States,I138168422,SUNY Old Westbury,IPEDS id → Wikidata → ROR id,high,yes,
scorecard:196185,SUNY Oneonta,United States,I122713931,SUNY Oneonta,IPEDS id → Wikidata → ROR id,high,yes,
scorecard:196112,SUNY Polytechnic Institute,United States,I90965887,SUNY Polytechnic Institute,IPEDS id → Wikidata → ROR id,high,yes,
scorecard:216278,Susquehanna University,United States,I161140089,Susquehanna University,IPEDS id → Wikidata → ROR id,high,yes,
scorecard:216287,Swarthmore College,United States,I118020396,Swarthmore College,IPEDS id → Wikidata → ROR id,high,yes,
scorecard:233718,Sweet Briar College,United States,I2125089,Sweet Briar College,IPEDS id → Wikidata → ROR id,high,yes,
scorecard:196413,Syracuse University,United States,I70983195,Syracuse University,IPEDS id → Wikidata → ROR id,high,yes,
scorecard:155973,Tabor College,United States,I36841088,Tabor College,IPEDS id → Wikidata → ROR id,high,yes,
scorecard:102298,Talladega College,United States,I181982445,Talladega College,IPEDS id → Wikidata → ROR id,high,yes,
scorecard:196431,Talmudical Seminary Oholei Torah,United States,I4210146849,Talmudical Seminary Oholei Torah,IPEDS id → Wikidata → ROR id,high,yes,
scorecard:228529,Tarleton State University,United States,I75063564,Tarleton State University,IPEDS id → Wikidata → ROR id,high,yes,
scorecard:152530,Taylor University,United States,I96408529,Taylor University,IPEDS id → Wikidata → ROR id,high,yes,
scorecard:216339,Temple University,United States,I84392919,Temple University,IPEDS id → Wikidata → ROR id,high,yes,
scorecard:221838,Tennessee State University,United States,I75256744,Tennessee State University,IPEDS id → Wikidata → ROR id,high,yes,
scorecard:221847,Tennessee Technological University,United States,I63920570,Tennessee Technological University,IPEDS id → Wikidata → ROR id,high,yes,
scorecard:221731,Tennessee Wesleyan University,United States,I142563273,Tennessee Wesleyan College,IPEDS id → Wikidata → ROR id,high,yes,
scorecard:226152,Texas A & M International University,United States,I131740757,Texas A&M International University,IPEDS id → Wikidata → ROR id,high,yes,
scorecard:224147,Texas A & M University-Corpus Christi,United States,I96749437,Texas A&M University – Corpus Christi,IPEDS id → Wikidata → ROR id,high,yes,
scorecard:483036,Texas A&M University-Central Texas,United States,I76756774,Texas A&M University – Central Texas,IPEDS id → Wikidata → ROR id,high,yes,
scorecard:228723,Texas A&M University-College Station,United States,I91045830,Texas A&M University,IPEDS id → Wikidata → ROR id,high,yes,
scorecard:228705,Texas A&M University-Kingsville,United States,I181414168,Texas A&M University – Kingsville,IPEDS id → Wikidata → ROR id,high,yes,
scorecard:459949,Texas A&M University-San Antonio,United States,I1335518801,Texas A&M University – San Antonio,IPEDS id → Wikidata → ROR id,high,yes,
scorecard:224545,Texas A&M University-Texarkana,United States,I51380931,Texas A&M University – Texarkana,IPEDS id → Wikidata → ROR id,high,yes,
scorecard:225502,Texas A&M University-Victoria,United States,I173388201,Texas A&M University-Victoria,IPEDS id → Wikidata → ROR id,high,yes,
scorecard:228875,Texas Christian University,United States,I128956969,Texas Christian University,IPEDS id → Wikidata → ROR id,high,yes,
scorecard:228981,Texas Lutheran University,United States,I20132289,Texas Lutheran University,IPEDS id → Wikidata → ROR id,high,yes,
scorecard:229063,Texas Southern University,United States,I48205209,Texas Southern University,IPEDS id → Wikidata → ROR id,high,yes,
scorecard:228459,Texas State University,United States,I13511017,Texas State University,IPEDS id → Wikidata → ROR id,high,yes,
scorecard:229115,Texas Tech University,United States,I12315562,Texas Tech University,IPEDS id → Wikidata → ROR id,high,yes,
scorecard:229160,Texas Wesleyan University,United States,I142374663,Texas Wesleyan University,IPEDS id → Wikidata → ROR id,high,yes,
scorecard:229179,Texas Woman's University,United States,I150913223,Texas Woman's University,IPEDS id → Wikidata → ROR id,high,yes,
scorecard:131283,The Catholic University of America,United States,I84470341,Catholic University of America,IPEDS id → Wikidata → ROR id,high,yes,
scorecard:142294,The College of Idaho,United States,I94481902,College of Idaho,IPEDS id → Wikidata → ROR id,high,yes,
scorecard:187134,The College of New Jersey,United States,I64281891,The College of New Jersey,IPEDS id → Wikidata → ROR id,high,yes,
scorecard:174899,The College of Saint Scholastica,United States,I181761882,College of St. Scholastica,IPEDS id → Wikidata → ROR id,high,yes,
scorecard:197285,The College of Westchester,United States,I2801304177,College of Westchester,IPEDS id → Wikidata → ROR id,high,yes,
scorecard:206589,The College of Wooster,United States,I118746106,College of Wooster,IPEDS id → Wikidata → ROR id,high,yes,
scorecard:190372,The Cooper Union for the Advancement of Science and Art,United States,I8031829,Cooper Union,IPEDS id → Wikidata → ROR id,high,yes,
scorecard:235167,The Evergreen State College,United States,I60341648,The Evergreen State College,IPEDS id → Wikidata → ROR id,high,yes,
scorecard:192110,The Juilliard School,United States,I51283352,Juilliard School,IPEDS id → Wikidata → ROR id,high,yes,
scorecard:439701,The King's University,United States,I4210119767,The King's University,IPEDS id → Wikidata → ROR id,high,yes,
scorecard:117751,The Master's University and Seminary,United States,I143685665,Master's College,IPEDS id → Wikidata → ROR id,high,yes,
scorecard:167057,The New England Conservatory of Music,United States,I90488548,New England Conservatory of Music,IPEDS id → Wikidata → ROR id,high,yes,
scorecard:193654,The New School,United States,I102179633,New School,IPEDS id → Wikidata → ROR id,high,yes,
scorecard:157748,The Southern Baptist Theological Seminary,United States,I4400600937,Southern Baptist Theological Seminary,IPEDS id → Wikidata → ROR id,high,yes,
scorecard:100751,The University of Alabama,United States,I17301866,University of Alabama,IPEDS id → Wikidata → ROR id,high,yes,
scorecard:202763,The University of Findlay,United States,I106073371,University of Findlay,IPEDS id → Wikidata → ROR id,high,yes,
scorecard:180489,The University of Montana,United States,I6750721,University of Montana,IPEDS id → Wikidata → ROR id,high,yes,
scorecard:180692,The University of Montana-Western,United States,I27802707,University of Montana Western,IPEDS id → Wikidata → ROR id,high,yes,
scorecard:171599,The University of Olivet,United States,I161310363,The University of Olivet,IPEDS id → Wikidata → ROR id,high,yes,
scorecard:137847,The University of Tampa,United States,I93320256,University of Tampa,IPEDS id → Wikidata → ROR id,high,yes,
scorecard:220701,The University of Tennessee Southern,United States,I2800615230,University of Tennessee Southern,IPEDS id → Wikidata → ROR id,high,yes,
scorecard:221740,The University of Tennessee-Chattanooga,United States,I177097968,University of Tennessee at Chattanooga,IPEDS id → Wikidata → ROR id,high,yes,
scorecard:221759,The University of Tennessee-Knoxville,United States,I75027704,University of Tennessee at Knoxville,IPEDS id → Wikidata → ROR id,high,yes,
scorecard:221768,The University of Tennessee-Martin,United States,I109963312,University of Tennessee at Martin,IPEDS id → Wikidata → ROR id,high,yes,
scorecard:228769,The University of Texas at Arlington,United States,I189196454,The University of Texas at Arlington,IPEDS id → Wikidata → ROR id,high,yes,
scorecard:228778,The University of Texas at Austin,United States,I86519309,The University of Texas at Austin,IPEDS id → Wikidata → ROR id,high,yes,
scorecard:228787,The University of Texas at Dallas,United States,I162577319,The University of Texas at Dallas,IPEDS id → Wikidata → ROR id,high,yes,
scorecard:228796,The University of Texas at El Paso,United States,I164936912,The University of Texas at El Paso,IPEDS id → Wikidata → ROR id,high,yes,
scorecard:229027,The University of Texas at San Antonio,United States,I45438204,The University of Texas at San Antonio,IPEDS id → Wikidata → ROR id,high,yes,
scorecard:228802,The University of Texas at Tyler,United States,I221716585,The University of Texas at Tyler,IPEDS id → Wikidata → ROR id,high,yes,
scorecard:229018,The University of Texas Permian Basin,United States,I114580094,The University of Texas of the Permian Basin,IPEDS id → Wikidata → ROR id,high,yes,
scorecard:227368,The University of Texas Rio Grande Valley,United States,I2802326326,The University of Texas Rio Grande Valley,IPEDS id → Wikidata → ROR id,high,yes,
scorecard:221519,The University of the South,United States,I145423581,Sewanee: The University of the South,IPEDS id → Wikidata → ROR id,high,yes,
scorecard:216357,Thiel College,United States,I110847814,Thiel College,IPEDS id → Wikidata → ROR id,high,yes,
scorecard:124292,Thomas Aquinas College,United States,I2799580044,Thomas Aquinas College,IPEDS id → Wikidata → ROR id,high,yes,
scorecard:161563,Thomas College,United States,I3283852,Thomas College,IPEDS id → Wikidata → ROR id,high,yes,
scorecard:216366,Thomas Jefferson University,United States,I149251103,Thomas Jefferson University,IPEDS id → Wikidata → ROR id,high,yes,
scorecard:157809,Thomas More University,United States,I203257799,Thomas More University,IPEDS id → Wikidata → ROR id,high,yes,
scorecard:141167,Thomas University,United States,I88874673,Thomas University,IPEDS id → Wikidata → ROR id,high,yes,
scorecard:206048,Tiffin University,United States,I201393461,Tiffin University,IPEDS id → Wikidata → ROR id,high,yes,
scorecard:141185,Toccoa Falls College,United States,I1641709,Toccoa Falls College,IPEDS id → Wikidata → ROR id,high,yes,
scorecard:176406,Tougaloo College,United States,I115648763,Tougaloo College,IPEDS id → Wikidata → ROR id,high,yes,
scorecard:196592,Touro University,United States,I200437953,Touro College,IPEDS id → Wikidata → ROR id,high,yes,
scorecard:164076,Towson University,United States,I4322298,Towson University,IPEDS id → Wikidata → ROR id,high,yes,
scorecard:157818,Transylvania University,United States,I78641905,Transylvania University,IPEDS id → Wikidata → ROR id,high,yes,
scorecard:221892,Trevecca Nazarene University,United States,I21244889,Trevecca Nazarene University,IPEDS id → Wikidata → ROR id,high,yes,
scorecard:152567,Trine University,United States,I165075387,Trine University,IPEDS id → Wikidata → ROR id,high,yes,
scorecard:200484,Trinity Bible College and Graduate School,United States,I2802776869,Trinity Bible College,IPEDS id → Wikidata → ROR id,high,yes,
scorecard:149505,Trinity Christian College,United States,I112164570,Trinity Christian College,IPEDS id → Wikidata → ROR id,high,yes,
scorecard:130590,Trinity College,United States,I56722557,Trinity College,IPEDS id → Wikidata → ROR id,high,yes,
scorecard:137962,Trinity College of Florida,United States,I2802306230,Trinity College of Florida,IPEDS id → Wikidata → ROR id,high,yes,
scorecard:137953,Trinity College of Jacksonville,United States,I2902562613,Trinity Baptist College,IPEDS id → Wikidata → ROR id,high,yes,
scorecard:149514,Trinity International University-Illinois,United States,I19250435,Trinity International University,IPEDS id → Wikidata → ROR id,high,yes,
scorecard:229267,Trinity University,United States,I60060512,Trinity University,IPEDS id → Wikidata → ROR id,high,yes,
scorecard:131876,Trinity Washington University,United States,I164885833,Trinity Washington University,IPEDS id → Wikidata → ROR id,high,yes,
scorecard:102368,Troy University,United States,I149292303,Troy University,IPEDS id → Wikidata → ROR id,high,yes,
scorecard:141237,Truett McConnell University,United States,I270045270,Truett-McConnell College,IPEDS id → Wikidata → ROR id,high,yes,
scorecard:178615,Truman State University,United States,I199639920,Truman State University,IPEDS id → Wikidata → ROR id,high,yes,
scorecard:168148,Tufts University,United States,I121934306,Tufts University,IPEDS id → Wikidata → ROR id,high,yes,
scorecard:160755,Tulane University of Louisiana,United States,I114832834,Tulane University,IPEDS id → Wikidata → ROR id,high,yes,
scorecard:221953,Tusculum University,United States,I16565172,Tusculum College,IPEDS id → Wikidata → ROR id,high,yes,
scorecard:102377,Tuskegee University,United States,I6026837,Tuskegee University,IPEDS id → Wikidata → ROR id,high,yes,
scorecard:181738,Union Adventist University,United States,I4210101669,Union Adventist University,IPEDS id → Wikidata → ROR id,high,yes,
scorecard:196866,Union College,United States,I177328695,Union College,IPEDS id → Wikidata → ROR id,high,yes,
scorecard:157863,Union Commonwealth University,United States,I4210156991,Union College - Kentucky,IPEDS id → Wikidata → ROR id,high,yes,
scorecard:221971,Union University,United States,I155673605,Union University,IPEDS id → Wikidata → ROR id,high,yes,
scorecard:197027,United States Merchant Marine Academy,United States,I157438962,United States Merchant Marine Academy,IPEDS id → Wikidata → ROR id,high,yes,
scorecard:102395,United States Sports University,United States,I268072154,United States Sports Academy,IPEDS id → Wikidata → ROR id,high,yes,
scorecard:241191,Universidad Adventista de las Antillas,United States,I4210157246,Antillean Adventist University,IPEDS id → Wikidata → ROR id,high,yes,
scorecard:241225,Universidad Central de Bayamon,United States,I4210152182,Bayamón Central University,IPEDS id → Wikidata → ROR id,high,yes,
scorecard:243443,Universidad del Sagrado Corazon,United States,I4210132434,University of The Sacred Heart,IPEDS id → Wikidata → ROR id,high,yes,
scorecard:196060,University at Albany,United States,I392282,"University at Albany, State University of New York",IPEDS id → Wikidata → ROR id,high,yes,
scorecard:196088,University at Buffalo,United States,I63190737,"University at Buffalo, State University of New York",IPEDS id → Wikidata → ROR id,high,yes,
scorecard:200800,University of Akron Main Campus,United States,I110152177,University of Akron,IPEDS id → Wikidata → ROR id,high,yes,
scorecard:100663,University of Alabama at Birmingham,United States,I32389192,University of Alabama at Birmingham,IPEDS id → Wikidata → ROR id,high,yes,
scorecard:100706,University of Alabama in Huntsville,United States,I82495205,University of Alabama in Huntsville,IPEDS id → Wikidata → ROR id,high,yes,
scorecard:104179,University of Arizona,United States,I138006243,University of Arizona,IPEDS id → Wikidata → ROR id,high,yes,
scorecard:106397,University of Arkansas,United States,I78715868,University of Arkansas at Fayetteville,IPEDS id → Wikidata → ROR id,high,yes,
scorecard:106245,University of Arkansas at Little Rock,United States,I102401767,University of Arkansas at Little Rock,IPEDS id → Wikidata → ROR id,high,yes,
scorecard:106412,University of Arkansas at Pine Bluff,United States,I94525581,University of Arkansas at Pine Bluff,IPEDS id → Wikidata → ROR id,high,yes,
scorecard:161873,University of Baltimore,United States,I6059380,University of Baltimore,IPEDS id → Wikidata → ROR id,high,yes,
scorecard:128744,University of Bridgeport,United States,I154300980,University of Bridgeport,IPEDS id → Wikidata → ROR id,high,yes,
scorecard:110635,University of California-Berkeley,United States,I95457486,"University of California, Berkeley",IPEDS id → Wikidata → ROR id,high,yes,
scorecard:110644,University of California-Davis,United States,I84218800,"University of California, Davis",IPEDS id → Wikidata → ROR id,high,yes,
scorecard:110653,University of California-Irvine,United States,I204250578,"University of California, Irvine",IPEDS id → Wikidata → ROR id,high,yes,
scorecard:110662,University of California-Los Angeles,United States,I161318765,"University of California, Los Angeles",IPEDS id → Wikidata → ROR id,high,yes,
scorecard:445188,University of California-Merced,United States,I156087764,"University of California, Merced",IPEDS id → Wikidata → ROR id,high,yes,
scorecard:110671,University of California-Riverside,United States,I103635307,"University of California, Riverside",IPEDS id → Wikidata → ROR id,high,yes,
scorecard:110680,University of California-San Diego,United States,I36258959,University of California San Diego,IPEDS id → Wikidata → ROR id,high,yes,
scorecard:110705,University of California-Santa Barbara,United States,I154570441,"University of California, Santa Barbara",IPEDS id → Wikidata → ROR id,high,yes,
scorecard:110714,University of California-Santa Cruz,United States,I185103710,"University of California, Santa Cruz",IPEDS id → Wikidata → ROR id,high,yes,
scorecard:106704,University of Central Arkansas,United States,I32038505,University of Central Arkansas,IPEDS id → Wikidata → ROR id,high,yes,
scorecard:132903,University of Central Florida,United States,I106165777,University of Central Florida,IPEDS id → Wikidata → ROR id,high,yes,
scorecard:176965,University of Central Missouri,United States,I28324025,University of Central Missouri,IPEDS id → Wikidata → ROR id,high,yes,
scorecard:206941,University of Central Oklahoma,United States,I139325414,University of Central Oklahoma,IPEDS id → Wikidata → ROR id,high,yes,
scorecard:237312,University of Charleston,United States,I48380244,University of Charleston,IPEDS id → Wikidata → ROR id,high,yes,
scorecard:144050,University of Chicago,United States,I40347166,University of Chicago,IPEDS id → Wikidata → ROR id,high,yes,
scorecard:201885,University of Cincinnati-Main Campus,United States,I63135867,University of Cincinnati,IPEDS id → Wikidata → ROR id,high,yes,
scorecard:126614,University of Colorado Boulder,United States,I188538660,University of Colorado Boulder,IPEDS id → Wikidata → ROR id,high,yes,
scorecard:126580,University of Colorado Colorado Springs,United States,I888729015,University of Colorado Colorado Springs,IPEDS id → Wikidata → ROR id,high,yes,
scorecard:126562,University of Colorado Denver/Anschutz Medical Campus,United States,I921990950,University of Colorado Denver,IPEDS id → Wikidata → ROR id,high,yes,
scorecard:129020,University of Connecticut,United States,I140172145,University of Connecticut,IPEDS id → Wikidata → ROR id,high,yes,
scorecard:224323,University of Dallas,United States,I182980787,University of Dallas,IPEDS id → Wikidata → ROR id,high,yes,
scorecard:202480,University of Dayton,United States,I127591826,University of Dayton,IPEDS id → Wikidata → ROR id,high,yes,
scorecard:130943,University of Delaware,United States,I86501945,University of Delaware,IPEDS id → Wikidata → ROR id,high,yes,
scorecard:127060,University of Denver,United States,I131651094,University of Denver,IPEDS id → Wikidata → ROR id,high,yes,
scorecard:169716,University of Detroit Mercy,United States,I71792333,University of Detroit Mercy,IPEDS id → Wikidata → ROR id,high,yes,
scorecard:153278,University of Dubuque,United States,I143860126,University of Dubuque,IPEDS id → Wikidata → ROR id,high,yes,
scorecard:150534,University of Evansville,United States,I155997454,University of Evansville,IPEDS id → Wikidata → ROR id,high,yes,
scorecard:134130,University of Florida,United States,I33213144,University of Florida,IPEDS id → Wikidata → ROR id,high,yes,
scorecard:139959,University of Georgia,United States,I165733156,University of Georgia,IPEDS id → Wikidata → ROR id,high,yes,
scorecard:129525,University of Hartford,United States,I162281398,University of Hartford,IPEDS id → Wikidata → ROR id,high,yes,
scorecard:141565,University of Hawaii at Hilo,United States,I35722693,University of Hawaii at Hilo,IPEDS id → Wikidata → ROR id,high,yes,
scorecard:141574,University of Hawaii at Manoa,United States,I117965899,University of Hawaiʻi at Mānoa,IPEDS id → Wikidata → ROR id,high,yes,
scorecard:141981,University of Hawaii-West Oahu,United States,I25390106,University of Hawaii–West Oahu,IPEDS id → Wikidata → ROR id,high,yes,
scorecard:179265,University of Health Sciences and Pharmacy in St. Louis,United States,I182380053,University of Health Sciences and Pharmacy,IPEDS id → Wikidata → ROR id,high,yes,
scorecard:160065,University of Holy Cross,United States,I162591629,University of Holy Cross,IPEDS id → Wikidata → ROR id,high,yes,
scorecard:225511,University of Houston,United States,I44461941,University of Houston,IPEDS id → Wikidata → ROR id,high,yes,
scorecard:225414,University of Houston-Clear Lake,United States,I52913039,University of Houston - Clear Lake,IPEDS id → Wikidata → ROR id,high,yes,
scorecard:225432,University of Houston-Downtown,United States,I16277215,University of Houston - Downtown,IPEDS id → Wikidata → ROR id,high,yes,
scorecard:142285,University of Idaho,United States,I155093810,University of Idaho,IPEDS id → Wikidata → ROR id,high,yes,
scorecard:145600,University of Illinois Chicago,United States,I39422238,University of Illinois Chicago,IPEDS id → Wikidata → ROR id,high,yes,
scorecard:148654,University of Illinois Springfield,United States,I79884896,University of Illinois at Springfield,IPEDS id → Wikidata → ROR id,high,yes,
scorecard:145637,University of Illinois Urbana-Champaign,United States,I157725225,University of Illinois Urbana-Champaign,IPEDS id → Wikidata → ROR id,high,yes,
scorecard:151263,University of Indianapolis,United States,I135191193,University of Indianapolis,IPEDS id → Wikidata → ROR id,high,yes,
scorecard:153658,University of Iowa,United States,I126307644,University of Iowa,IPEDS id → Wikidata → ROR id,high,yes,
scorecard:200156,University of Jamestown,United States,I880809005,University of Jamestown,IPEDS id → Wikidata → ROR id,high,yes,
scorecard:155317,University of Kansas,United States,I146416000,University of Kansas,IPEDS id → Wikidata → ROR id,high,yes,
scorecard:157085,University of Kentucky,United States,I143302722,University of Kentucky,IPEDS id → Wikidata → ROR id,high,yes,
scorecard:117140,University of La Verne,United States,I708430,University of La Verne,IPEDS id → Wikidata → ROR id,high,yes,
scorecard:160658,University of Louisiana at Lafayette,United States,I79516672,University of Louisiana at Lafayette,IPEDS id → Wikidata → ROR id,high,yes,
scorecard:159993,University of Louisiana at Monroe,United States,I71730758,University of Louisiana at Monroe,IPEDS id → Wikidata → ROR id,high,yes,
scorecard:157289,University of Louisville,United States,I142740786,University of Louisville,IPEDS id → Wikidata → ROR id,high,yes,
scorecard:232609,University of Lynchburg,United States,I21978226,University of Lynchburg,IPEDS id → Wikidata → ROR id,high,yes,
scorecard:161253,University of Maine,United States,I7947594,University of Maine,IPEDS id → Wikidata → ROR id,high,yes,
scorecard:161226,University of Maine at Farmington,United States,I198006653,University of Maine at Farmington,IPEDS id → Wikidata → ROR id,high,yes,
scorecard:161235,University of Maine at Fort Kent,United States,I215168068,University of Maine at Fort Kent,IPEDS id → Wikidata → ROR id,high,yes,
scorecard:161341,University of Maine at Presque Isle,United States,I160136153,University of Maine at Presque Isle,IPEDS id → Wikidata → ROR id,high,yes,
scorecard:200217,University of Mary,United States,I116545467,University of Mary,IPEDS id → Wikidata → ROR id,high,yes,
scorecard:226471,University of Mary Hardin-Baylor,United States,I178027907,University of Mary Hardin–Baylor,IPEDS id → Wikidata → ROR id,high,yes,
scorecard:232681,University of Mary Washington,United States,I191484440,University of Mary Washington,IPEDS id → Wikidata → ROR id,high,yes,
scorecard:163338,University of Maryland Eastern Shore,United States,I22407884,University of Maryland Eastern Shore,IPEDS id → Wikidata → ROR id,high,yes,
scorecard:163268,University of Maryland-Baltimore County,United States,I79272384,"University of Maryland, Baltimore County",IPEDS id → Wikidata → ROR id,high,yes,
scorecard:163286,University of Maryland-College Park,United States,I66946132,"University of Maryland, College Park",IPEDS id → Wikidata → ROR id,high,yes,
scorecard:166629,University of Massachusetts-Amherst,United States,I24603500,University of Massachusetts Amherst,IPEDS id → Wikidata → ROR id,high,yes,
scorecard:166638,University of Massachusetts-Boston,United States,I33434090,University of Massachusetts Boston,IPEDS id → Wikidata → ROR id,high,yes,
scorecard:167987,University of Massachusetts-Dartmouth,United States,I100633361,University of Massachusetts Dartmouth,IPEDS id → Wikidata → ROR id,high,yes,
scorecard:166513,University of Massachusetts-Lowell,United States,I133738476,University of Massachusetts Lowell,IPEDS id → Wikidata → ROR id,high,yes,
scorecard:220862,University of Memphis,United States,I94658018,University of Memphis,IPEDS id → Wikidata → ROR id,high,yes,
scorecard:135726,University of Miami,United States,I145608581,University of Miami,IPEDS id → Wikidata → ROR id,high,yes,
scorecard:170976,University of Michigan-Ann Arbor,United States,I27837315,University of Michigan,IPEDS id → Wikidata → ROR id,high,yes,
scorecard:171137,University of Michigan-Dearborn,United States,I4210130704,University of Michigan–Dearborn,IPEDS id → Wikidata → ROR id,high,yes,
scorecard:171146,University of Michigan-Flint,United States,I4210092198,University of Michigan–Flint,IPEDS id → Wikidata → ROR id,high,yes,
scorecard:174075,University of Minnesota-Crookston,United States,I4210159608,University of Minnesota Crookston,IPEDS id → Wikidata → ROR id,high,yes,
scorecard:174233,University of Minnesota-Duluth,United States,I4210115145,"University of Minnesota, Duluth",IPEDS id → Wikidata → ROR id,high,yes,
scorecard:174251,University of Minnesota-Morris,United States,I4210162301,University of Minnesota Morris,IPEDS id → Wikidata → ROR id,high,yes,
scorecard:456959,University of Minnesota-Rochester,United States,I4210120349,University of Minnesota Rochester,IPEDS id → Wikidata → ROR id,high,yes,
scorecard:174066,University of Minnesota-Twin Cities,United States,I130238516,University of Minnesota,IPEDS id → Wikidata → ROR id,high,yes,
scorecard:176017,University of Mississippi,United States,I368840534,University of Mississippi,IPEDS id → Wikidata → ROR id,high,yes,
scorecard:178396,University of Missouri-Columbia,United States,I76835614,University of Missouri,IPEDS id → Wikidata → ROR id,high,yes,
scorecard:178402,University of Missouri-Kansas City,United States,I75421653,University of Missouri–Kansas City,IPEDS id → Wikidata → ROR id,high,yes,
scorecard:178420,University of Missouri-St Louis,United States,I208333798,University of Missouri–St. Louis,IPEDS id → Wikidata → ROR id,high,yes,
scorecard:101693,University of Mobile,United States,I180895376,University of Mobile,IPEDS id → Wikidata → ROR id,high,yes,
scorecard:101709,University of Montevallo,United States,I6066122,University of Montevallo,IPEDS id → Wikidata → ROR id,high,yes,
scorecard:199069,University of Mount Olive,United States,I286207536,University of Mount Olive,IPEDS id → Wikidata → ROR id,high,yes,
scorecard:193399,University of Mount Saint Vincent,United States,I89580169,College of Mount Saint Vincent,IPEDS id → Wikidata → ROR id,high,yes,
scorecard:204185,University of Mount Union,United States,I106465526,University of Mount Union,IPEDS id → Wikidata → ROR id,high,yes,
scorecard:181215,University of Nebraska at Kearney,United States,I36486460,University of Nebraska at Kearney,IPEDS id → Wikidata → ROR id,high,yes,
scorecard:181394,University of Nebraska at Omaha,United States,I122266389,University of Nebraska at Omaha,IPEDS id → Wikidata → ROR id,high,yes,
scorecard:181464,University of Nebraska-Lincoln,United States,I114395901,University of Nebraska–Lincoln,IPEDS id → Wikidata → ROR id,high,yes,
scorecard:182281,University of Nevada-Las Vegas,United States,I133999245,"University of Nevada, Las Vegas",IPEDS id → Wikidata → ROR id,high,yes,
scorecard:182290,University of Nevada-Reno,United States,I134113660,"University of Nevada, Reno",IPEDS id → Wikidata → ROR id,high,yes,
scorecard:161457,University of New England,United States,I275799156,University of New England,IPEDS id → Wikidata → ROR id,high,yes,
scorecard:183071,University of New Hampshire at Manchester,United States,I179093154,University of New Hampshire at Manchester,IPEDS id → Wikidata → ROR id,high,yes,
scorecard:183044,University of New Hampshire-Main Campus,United States,I161057412,University of New Hampshire,IPEDS id → Wikidata → ROR id,high,yes,
scorecard:129941,University of New Haven,United States,I40253897,University of New Haven,IPEDS id → Wikidata → ROR id,high,yes,
scorecard:187985,University of New Mexico-Main Campus,United States,I169521973,University of New Mexico,IPEDS id → Wikidata → ROR id,high,yes,
scorecard:159939,University of New Orleans,United States,I192396691,LSU New Orleans,IPEDS id → Wikidata → ROR id,high,yes,
scorecard:101879,University of North Alabama,United States,I12970578,University of North Alabama,IPEDS id → Wikidata → ROR id,high,yes,
scorecard:199111,University of North Carolina Asheville,United States,I87097829,University of North Carolina at Asheville,IPEDS id → Wikidata → ROR id,high,yes,
scorecard:199120,University of North Carolina at Chapel Hill,United States,I114027177,University of North Carolina at Chapel Hill,IPEDS id → Wikidata → ROR id,high,yes,
scorecard:199139,University of North Carolina at Charlotte,United States,I102149020,University of North Carolina at Charlotte,IPEDS id → Wikidata → ROR id,high,yes,
scorecard:199148,University of North Carolina at Greensboro,United States,I169335092,University of North Carolina at Greensboro,IPEDS id → Wikidata → ROR id,high,yes,
scorecard:199281,University of North Carolina at Pembroke,United States,I3970613,University of North Carolina at Pembroke,IPEDS id → Wikidata → ROR id,high,yes,
scorecard:199184,University of North Carolina School of the Arts,United States,I2800023490,University of North Carolina School of the Arts,IPEDS id → Wikidata → ROR id,high,yes,
scorecard:199218,University of North Carolina Wilmington,United States,I153901656,University of North Carolina Wilmington,IPEDS id → Wikidata → ROR id,high,yes,
scorecard:200280,University of North Dakota,United States,I24571045,University of North Dakota,IPEDS id → Wikidata → ROR id,high,yes,
scorecard:136172,University of North Florida,United States,I11874761,University of North Florida,IPEDS id → Wikidata → ROR id,high,yes,
scorecard:482680,University of North Georgia,United States,I924760719,University of North Georgia,IPEDS id → Wikidata → ROR id,high,yes,
scorecard:227216,University of North Texas,United States,I123534392,University of North Texas,IPEDS id → Wikidata → ROR id,high,yes,
scorecard:484905,University of North Texas at Dallas,United States,I87573096,University of North Texas at Dallas,IPEDS id → Wikidata → ROR id,high,yes,
scorecard:127741,University of Northern Colorado,United States,I71966907,University of Northern Colorado,IPEDS id → Wikidata → ROR id,high,yes,
scorecard:154095,University of Northern Iowa,United States,I119234918,University of Northern Iowa,IPEDS id → Wikidata → ROR id,high,yes,
scorecard:174491,University of Northwestern-St Paul,United States,I4210103234,University of Northwestern,IPEDS id → Wikidata → ROR id,high,yes,
scorecard:152080,University of Notre Dame,United States,I107639228,University of Notre Dame,IPEDS id → Wikidata → ROR id,high,yes,
scorecard:207500,University of Oklahoma-Norman Campus,United States,I8692664,University of Oklahoma,IPEDS id → Wikidata → ROR id,high,yes,
scorecard:209551,University of Oregon,United States,I181233156,University of Oregon,IPEDS id → Wikidata → ROR id,high,yes,
scorecard:215062,University of Pennsylvania,United States,I79576946,University of Pennsylvania,IPEDS id → Wikidata → ROR id,high,yes,
scorecard:215266,University of Pittsburgh-Bradford,United States,I4210086901,University of Pittsburgh at Bradford,IPEDS id → Wikidata → ROR id,high,yes,
scorecard:215275,University of Pittsburgh-Greensburg,United States,I4210117416,University of Pittsburgh at Greensburg,IPEDS id → Wikidata → ROR id,high,yes,
scorecard:215284,University of Pittsburgh-Johnstown,United States,I4210134124,University of Pittsburgh at Johnstown,IPEDS id → Wikidata → ROR id,high,yes,
scorecard:215293,University of Pittsburgh-Pittsburgh Campus,United States,I170201317,University of Pittsburgh,IPEDS id → Wikidata → ROR id,high,yes,
scorecard:209825,University of Portland,United States,I71578702,University of Portland,IPEDS id → Wikidata → ROR id,high,yes,
scorecard:180258,University of Providence,United States,I186692466,University of Providence,IPEDS id → Wikidata → ROR id,high,yes,
scorecard:243133,University of Puerto Rico,United States,I4210158873,University of Puerto Rico at Bayamón,IPEDS id → Wikidata → ROR id,high,yes,
scorecard:243151,University of Puerto Rico at Cayey,United States,I15070125,University of Puerto Rico at Cayey,IPEDS id → Wikidata → ROR id,high,yes,
scorecard:243212,University of Puerto Rico at Ponce,United States,I2802847651,University of Puerto Rico at Ponce,IPEDS id → Wikidata → ROR id,high,yes,
scorecard:243106,University of Puerto Rico-Aguadilla,United States,I4210150461,University of Puerto Rico at Aguadilla,IPEDS id → Wikidata → ROR id,high,yes,
scorecard:243115,University of Puerto Rico-Arecibo,United States,I89458556,University of Puerto Rico at Arecibo,IPEDS id → Wikidata → ROR id,high,yes,
scorecard:243142,University of Puerto Rico-Carolina,United States,I920381996,University of Puerto Rico at Carolina,IPEDS id → Wikidata → ROR id,high,yes,
scorecard:243179,University of Puerto Rico-Humacao,United States,I23968078,University of Puerto Rico at Humacao,IPEDS id → Wikidata → ROR id,high,yes,
scorecard:243197,University of Puerto Rico-Mayaguez,United States,I60388903,University of Puerto Rico-Mayaguez,IPEDS id → Wikidata → ROR id,high,yes,
scorecard:243221,University of Puerto Rico-Rio Piedras,United States,I1662191,University of Puerto Rico at Río Piedras,IPEDS id → Wikidata → ROR id,high,yes,
scorecard:236328,University of Puget Sound,United States,I146552867,University of Puget Sound,IPEDS id → Wikidata → ROR id,high,yes,
scorecard:121691,University of Redlands,United States,I193054373,University of Redlands,IPEDS id → Wikidata → ROR id,high,yes,
scorecard:217484,University of Rhode Island,United States,I17626003,University of Rhode Island,IPEDS id → Wikidata → ROR id,high,yes,
scorecard:233374,University of Richmond,United States,I158012942,University of Richmond,IPEDS id → Wikidata → ROR id,high,yes,
scorecard:195030,University of Rochester,United States,I5388228,University of Rochester,IPEDS id → Wikidata → ROR id,high,yes,
scorecard:152336,University of Saint Francis-Fort Wayne,United States,I4210107178,University of Saint Francis,IPEDS id → Wikidata → ROR id,high,yes,
scorecard:130314,University of Saint Joseph,United States,I192633058,University of Saint Joseph,IPEDS id → Wikidata → ROR id,high,yes,
scorecard:155812,University of Saint Mary,United States,I290929228,University of Saint Mary,IPEDS id → Wikidata → ROR id,high,yes,
scorecard:122436,University of San Diego,United States,I160856358,University of San Diego,IPEDS id → Wikidata → ROR id,high,yes,
scorecard:122612,University of San Francisco,United States,I76766440,University of San Francisco,IPEDS id → Wikidata → ROR id,high,yes,
scorecard:207722,University of Science and Arts of Oklahoma,United States,I32563053,University of Science and Arts of Oklahoma,IPEDS id → Wikidata → ROR id,high,yes,
scorecard:215929,University of Scranton,United States,I124113063,University of Scranton,IPEDS id → Wikidata → ROR id,high,yes,
scorecard:112394,University of Silicon Valley,United States,I2801879037,Cogswell Polytechnical College,IPEDS id → Wikidata → ROR id,high,yes,
scorecard:219383,University of Sioux Falls,United States,I22555787,University of Sioux Falls,IPEDS id → Wikidata → ROR id,high,yes,
scorecard:102094,University of South Alabama,United States,I83809506,University of South Alabama,IPEDS id → Wikidata → ROR id,high,yes,
scorecard:218645,University of South Carolina Aiken,United States,I8645926,University of South Carolina Aiken,IPEDS id → Wikidata → ROR id,high,yes,
scorecard:218654,University of South Carolina Beaufort,United States,I90274647,University of South Carolina Beaufort,IPEDS id → Wikidata → ROR id,high,yes,
scorecard:218663,University of South Carolina-Columbia,United States,I155781252,University of South Carolina,IPEDS id → Wikidata → ROR id,high,yes,
scorecard:218742,University of South Carolina-Upstate,United States,I127845322,University of South Carolina Upstate,IPEDS id → Wikidata → ROR id,high,yes,
scorecard:219471,University of South Dakota,United States,I189957204,University of South Dakota,IPEDS id → Wikidata → ROR id,high,yes,
scorecard:137351,University of South Florida,United States,I2613432,University of South Florida,IPEDS id → Wikidata → ROR id,high,yes,
scorecard:123961,University of Southern California,United States,I1174212,University of Southern California,IPEDS id → Wikidata → ROR id,high,yes,
scorecard:161554,University of Southern Maine,United States,I73443619,University of Southern Maine,IPEDS id → Wikidata → ROR id,high,yes,
scorecard:176372,University of Southern Mississippi,United States,I44854399,University of Southern Mississippi,IPEDS id → Wikidata → ROR id,high,yes,
scorecard:148584,University of St Francis,United States,I895289948,University of St. Francis,IPEDS id → Wikidata → ROR id,high,yes,
scorecard:174914,University of St Thomas,United States,I161515732,University of St. Thomas - Minnesota,IPEDS id → Wikidata → ROR id,high,yes,
scorecard:227863,University of St Thomas,United States,I130799901,University of St. Thomas - Texas,IPEDS id → Wikidata → ROR id,high,yes,
scorecard:156541,University of the Cumberlands,United States,I276309446,University of the Cumberlands,IPEDS id → Wikidata → ROR id,high,yes,
scorecard:225627,University of the Incarnate Word,United States,I54166199,University of the Incarnate Word,IPEDS id → Wikidata → ROR id,high,yes,
scorecard:107558,University of the Ozarks,United States,I207132825,University of the Ozarks,IPEDS id → Wikidata → ROR id,high,yes,
scorecard:120883,University of the Pacific,United States,I119942576,University of the Pacific,IPEDS id → Wikidata → ROR id,high,yes,
scorecard:243665,University of the Virgin Islands,United States,I17001226,University of the Virgin Islands,IPEDS id → Wikidata → ROR id,high,yes,
scorecard:449870,University of the West,United States,I181134585,University of the West,IPEDS id → Wikidata → ROR id,high,yes,
scorecard:206084,University of Toledo,United States,I90871651,University of Toledo,IPEDS id → Wikidata → ROR id,high,yes,
scorecard:207971,University of Tulsa,United States,I87208437,University of Tulsa,IPEDS id → Wikidata → ROR id,high,yes,
scorecard:230764,University of Utah,United States,I223532165,University of Utah,IPEDS id → Wikidata → ROR id,high,yes,
scorecard:216542,University of Valley Forge,United States,I221180497,University of Valley Forge,IPEDS id → Wikidata → ROR id,high,yes,
scorecard:231174,University of Vermont,United States,I111236770,University of Vermont,IPEDS id → Wikidata → ROR id,high,yes,
scorecard:234076,University of Virginia-Main Campus,United States,I51556381,University of Virginia,IPEDS id → Wikidata → ROR id,high,yes,
scorecard:233897,University of Virginia's College at Wise,United States,I4901143,University of Virginia's College at Wise,IPEDS id → Wikidata → ROR id,high,yes,
scorecard:377555,University of Washington-Bothell Campus,United States,I4210138624,University of Washington Bothell,IPEDS id → Wikidata → ROR id,high,yes,
scorecard:236948,University of Washington-Seattle Campus,United States,I201448701,University of Washington,IPEDS id → Wikidata → ROR id,high,yes,
scorecard:377564,University of Washington-Tacoma Campus,United States,I4210150356,University of Washington Tacoma,IPEDS id → Wikidata → ROR id,high,yes,
scorecard:101587,University of West Alabama,United States,I68631920,University of West Alabama,IPEDS id → Wikidata → ROR id,high,yes,
scorecard:138354,University of West Florida,United States,I83683471,University of West Florida,IPEDS id → Wikidata → ROR id,high,yes,
scorecard:141334,University of West Georgia,United States,I5950314,University of West Georgia,IPEDS id → Wikidata → ROR id,high,yes,
scorecard:240268,University of Wisconsin-Eau Claire,United States,I124727415,University of Wisconsin–Eau Claire,IPEDS id → Wikidata → ROR id,high,yes,
scorecard:240277,University of Wisconsin-Green Bay,United States,I129510320,University of Wisconsin–Green Bay,IPEDS id → Wikidata → ROR id,high,yes,
scorecard:240329,University of Wisconsin-La Crosse,United States,I4657992,University of Wisconsin–La Crosse,IPEDS id → Wikidata → ROR id,high,yes,
scorecard:240444,University of Wisconsin-Madison,United States,I135310074,University of Wisconsin–Madison,IPEDS id → Wikidata → ROR id,high,yes,
scorecard:240453,University of Wisconsin-Milwaukee,United States,I43579087,University of Wisconsin–Milwaukee,IPEDS id → Wikidata → ROR id,high,yes,
scorecard:240365,University of Wisconsin-Oshkosh,United States,I64185308,University of Wisconsin–Oshkosh,IPEDS id → Wikidata → ROR id,high,yes,
scorecard:240374,University of Wisconsin-Parkside,United States,I183437572,University of Wisconsin–Parkside,IPEDS id → Wikidata → ROR id,high,yes,
scorecard:240462,University of Wisconsin-Platteville,United States,I1745920,University of Wisconsin–Platteville,IPEDS id → Wikidata → ROR id,high,yes,
scorecard:240471,University of Wisconsin-River Falls,United States,I14403649,University of Wisconsin–River Falls,IPEDS id → Wikidata → ROR id,high,yes,
scorecard:240480,University of Wisconsin-Stevens Point,United States,I191114373,University of Wisconsin–Stevens Point,IPEDS id → Wikidata → ROR id,high,yes,
scorecard:240417,University of Wisconsin-Stout,United States,I1921588,University of Wisconsin–Stout,IPEDS id → Wikidata → ROR id,high,yes,
scorecard:240426,University of Wisconsin-Superior,United States,I61567134,University of Wisconsin–Superior,IPEDS id → Wikidata → ROR id,high,yes,
scorecard:240189,University of Wisconsin-Whitewater,United States,I183533211,University of Wisconsin–Whitewater,IPEDS id → Wikidata → ROR id,high,yes,
scorecard:240727,University of Wyoming,United States,I12834331,University of Wyoming,IPEDS id → Wikidata → ROR id,high,yes,
scorecard:154493,Upper Iowa University,United States,I60922557,Upper Iowa University,IPEDS id → Wikidata → ROR id,high,yes,
scorecard:216524,Ursinus College,United States,I177753169,Ursinus College,IPEDS id → Wikidata → ROR id,high,yes,
scorecard:206349,Ursuline College,United States,I919620872,Ursuline College,IPEDS id → Wikidata → ROR id,high,yes,
scorecard:230728,Utah State University,United States,I121980950,Utah State University,IPEDS id → Wikidata → ROR id,high,yes,
scorecard:197045,Utica University,United States,I104579289,Utica College,IPEDS id → Wikidata → ROR id,high,yes,
scorecard:141264,Valdosta State University,United States,I102716817,Valdosta State University,IPEDS id → Wikidata → ROR id,high,yes,
scorecard:200572,Valley City State University,United States,I205944377,Valley City State University,IPEDS id → Wikidata → ROR id,high,yes,
scorecard:152600,Valparaiso University,United States,I149744451,Valparaiso University,IPEDS id → Wikidata → ROR id,high,yes,
scorecard:221999,Vanderbilt University,United States,I200719446,Vanderbilt University,IPEDS id → Wikidata → ROR id,high,yes,
scorecard:149639,VanderCook College of Music,United States,I2800167068,VanderCook College of Music,IPEDS id → Wikidata → ROR id,high,yes,
scorecard:123651,Vanguard University of Southern California,United States,I144448172,Vanguard University,IPEDS id → Wikidata → ROR id,high,yes,
scorecard:197133,Vassar College,United States,I126820664,Vassar College,IPEDS id → Wikidata → ROR id,high,yes,
scorecard:231165,Vermont State University,United States,I61937300,Vermont Technical College,IPEDS id → Wikidata → ROR id,high,yes,
scorecard:197142,Villa Maria College,United States,I932030766,Villa Maria College,IPEDS id → Wikidata → ROR id,high,yes,
scorecard:216597,Villanova University,United States,I7863295,Villanova University,IPEDS id → Wikidata → ROR id,high,yes,
scorecard:234030,Virginia Commonwealth University,United States,I184840846,Virginia Commonwealth University,IPEDS id → Wikidata → ROR id,high,yes,
scorecard:234085,Virginia Military Institute,United States,I185641255,Virginia Military Institute,IPEDS id → Wikidata → ROR id,high,yes,
scorecard:233921,Virginia Polytechnic Institute and State University,United States,I859038795,Virginia Tech,IPEDS id → Wikidata → ROR id,high,yes,
scorecard:234155,Virginia State University,United States,I11786554,Virginia State University,IPEDS id → Wikidata → ROR id,high,yes,
scorecard:234164,Virginia Union University,United States,I177833724,Virginia Union University,IPEDS id → Wikidata → ROR id,high,yes,
scorecard:234173,Virginia Wesleyan University,United States,I14303183,Batten University,IPEDS id → Wikidata → ROR id,high,yes,
scorecard:449764,Visible Music College,United States,I4210156959,Visible Music College,IPEDS id → Wikidata → ROR id,high,yes,
scorecard:240107,Viterbo University,United States,I144571360,Viterbo University,IPEDS id → Wikidata → ROR id,high,yes,
scorecard:152673,Wabash College,United States,I24511612,Wabash College,IPEDS id → Wikidata → ROR id,high,yes,
scorecard:197197,Wagner College,United States,I46163879,Wagner College,IPEDS id → Wikidata → ROR id,high,yes,
scorecard:199847,Wake Forest University,United States,I47251452,Wake Forest University,IPEDS id → Wikidata → ROR id,high,yes,
scorecard:154518,Waldorf University,United States,I94550122,Waldorf College,IPEDS id → Wikidata → ROR id,high,yes,
scorecard:206437,Walsh University,United States,I180539885,Walsh University,IPEDS id → Wikidata → ROR id,high,yes,
scorecard:210304,Warner Pacific University,United States,I2801505410,Warner Pacific College,IPEDS id → Wikidata → ROR id,high,yes,
scorecard:138275,Warner University,United States,I219072074,Warner University,IPEDS id → Wikidata → ROR id,high,yes,
scorecard:199865,Warren Wilson College,United States,I108559397,Warren Wilson College,IPEDS id → Wikidata → ROR id,high,yes,
scorecard:154527,Wartburg College,United States,I34696387,Wartburg College,IPEDS id → Wikidata → ROR id,high,yes,
scorecard:216667,Washington & Jefferson College,United States,I28527212,Washington and Jefferson College,IPEDS id → Wikidata → ROR id,high,yes,
scorecard:162210,Washington Adventist University,United States,I932371124,Washington Adventist University,IPEDS id → Wikidata → ROR id,high,yes,
scorecard:234207,Washington and Lee University,United States,I184889055,Washington and Lee University,IPEDS id → Wikidata → ROR id,high,yes,
scorecard:164216,Washington College,United States,I24796534,Washington College,IPEDS id → Wikidata → ROR id,high,yes,
scorecard:236939,Washington State University,United States,I72951846,Washington State University,IPEDS id → Wikidata → ROR id,high,yes,
scorecard:179867,Washington University in St Louis,United States,I204465549,Washington University in St. Louis,IPEDS id → Wikidata → ROR id,high,yes,
scorecard:483780,Washington University of Science and Technology,United States,I2803038027,IGlobal University,IPEDS id → Wikidata → ROR id,high,yes,
scorecard:229780,Wayland Baptist University,United States,I126336403,Wayland Baptist University,IPEDS id → Wikidata → ROR id,high,yes,
scorecard:172644,Wayne State University,United States,I185443292,Wayne State University,IPEDS id → Wikidata → ROR id,high,yes,
scorecard:216694,Waynesburg University,United States,I75929663,Waynesburg University,IPEDS id → Wikidata → ROR id,high,yes,
scorecard:197221,Webb Institute,United States,I4530042,Webb Institute,IPEDS id → Wikidata → ROR id,high,yes,
scorecard:138293,Webber International University,United States,I2803092985,Webber International University,IPEDS id → Wikidata → ROR id,high,yes,
scorecard:179894,Webster University,United States,I97098773,Webster University,IPEDS id → Wikidata → ROR id,high,yes,
scorecard:168218,Wellesley College,United States,I189731429,Wellesley College,IPEDS id → Wikidata → ROR id,high,yes,
scorecard:168227,Wentworth Institute of Technology,United States,I198034347,Wentworth Institute of Technology,IPEDS id → Wikidata → ROR id,high,yes,
scorecard:141325,Wesleyan College,United States,I120957002,Wesleyan College,IPEDS id → Wikidata → ROR id,high,yes,
scorecard:130697,Wesleyan University,United States,I100538780,Wesleyan University,IPEDS id → Wikidata → ROR id,high,yes,
scorecard:216764,West Chester University of Pennsylvania,United States,I161171246,West Chester University,IPEDS id → Wikidata → ROR id,high,yes,
scorecard:237932,West Liberty University,United States,I31452180,West Liberty University,IPEDS id → Wikidata → ROR id,high,yes,
scorecard:229814,West Texas A & M University,United States,I188674872,West Texas A&M University,IPEDS id → Wikidata → ROR id,high,yes,
scorecard:237899,West Virginia State University,United States,I77002289,West Virginia State University,IPEDS id → Wikidata → ROR id,high,yes,
scorecard:238032,West Virginia University,United States,I12097938,West Virginia University,IPEDS id → Wikidata → ROR id,high,yes,
scorecard:237950,West Virginia University Institute of Technology,United States,I181223716,West Virginia University Institute of Technology,IPEDS id → Wikidata → ROR id,high,yes,
scorecard:237969,West Virginia Wesleyan College,United States,I45013219,West Virginia Wesleyan College,IPEDS id → Wikidata → ROR id,high,yes,
scorecard:490133,Westcliff University,United States,I4404532904,Westcliff University,IPEDS id → Wikidata → ROR id,high,yes,
scorecard:200004,Western Carolina University,United States,I103406327,Western Carolina University,IPEDS id → Wikidata → ROR id,high,yes,
scorecard:128391,Western Colorado University,United States,I141988945,Western Colorado University,IPEDS id → Wikidata → ROR id,high,yes,
scorecard:130776,Western Connecticut State University,United States,I204366597,Western Connecticut State University,IPEDS id → Wikidata → ROR id,high,yes,
scorecard:149772,Western Illinois University,United States,I117942362,Western Illinois University,IPEDS id → Wikidata → ROR id,high,yes,
scorecard:157951,Western Kentucky University,United States,I94339441,Western Kentucky University,IPEDS id → Wikidata → ROR id,high,yes,
scorecard:172699,Western Michigan University,United States,I141649380,Western Michigan University,IPEDS id → Wikidata → ROR id,high,yes,
scorecard:168254,Western New England University,United States,I19833938,Western New England University,IPEDS id → Wikidata → ROR id,high,yes,
scorecard:210429,Western Oregon University,United States,I95781656,Western Oregon University,IPEDS id → Wikidata → ROR id,high,yes,
scorecard:237011,Western Washington University,United States,I52669646,Western Washington University,IPEDS id → Wikidata → ROR id,high,yes,
scorecard:168263,Westfield State University,United States,I46506128,Westfield State University,IPEDS id → Wikidata → ROR id,high,yes,
scorecard:179946,Westminster College,United States,I5967587,Westminster College - Missouri,IPEDS id → Wikidata → ROR id,high,yes,
scorecard:216807,Westminster College,United States,I40189715,Westminster College - Pennsylvania,IPEDS id → Wikidata → ROR id,high,yes,
scorecard:230807,Westminster University,United States,I156220630,Westminster University,IPEDS id → Wikidata → ROR id,high,yes,
scorecard:125727,Westmont College,United States,I9502037,Westmont College,IPEDS id → Wikidata → ROR id,high,yes,
scorecard:149781,Wheaton College,United States,I73236664,Wheaton College - Illinois,IPEDS id → Wikidata → ROR id,high,yes,
scorecard:168281,Wheaton College (Massachusetts),United States,I53618229,Wheaton College - Massachusetts,IPEDS id → Wikidata → ROR id,high,yes,
scorecard:238078,Wheeling University,United States,I18283598,Wheeling Jesuit University,IPEDS id → Wikidata → ROR id,high,yes,
scorecard:237057,Whitman College,United States,I138943879,Whitman College,IPEDS id → Wikidata → ROR id,high,yes,
scorecard:125763,Whittier College,United States,I70076703,Whittier College,IPEDS id → Wikidata → ROR id,high,yes,
scorecard:237066,Whitworth University,United States,I168046917,Whitworth University,IPEDS id → Wikidata → ROR id,high,yes,
scorecard:156125,Wichita State University,United States,I39587148,Wichita State University,IPEDS id → Wikidata → ROR id,high,yes,
scorecard:216852,Widener University,United States,I138659443,Widener University,IPEDS id → Wikidata → ROR id,high,yes,
scorecard:206491,Wilberforce University,United States,I175232758,Wilberforce University,IPEDS id → Wikidata → ROR id,high,yes,
scorecard:216931,Wilkes University,United States,I160003610,Wilkes University,IPEDS id → Wikidata → ROR id,high,yes,
scorecard:210401,Willamette University,United States,I141670070,Willamette University,IPEDS id → Wikidata → ROR id,high,yes,
scorecard:231624,William & Mary,United States,I16285277,William & Mary,IPEDS id → Wikidata → ROR id,high,yes,
scorecard:176479,William Carey University,United States,I161088229,William Carey University,IPEDS id → Wikidata → ROR id,high,yes,
scorecard:122728,William Jessup University,United States,I2800206598,William Jessup University,IPEDS id → Wikidata → ROR id,high,yes,
scorecard:179955,William Jewell College,United States,I60106874,William Jewell College,IPEDS id → Wikidata → ROR id,high,yes,
scorecard:187444,William Paterson University of New Jersey,United States,I127328727,William Paterson University,IPEDS id → Wikidata → ROR id,high,yes,
scorecard:199272,William Peace University,United States,I894386430,William Peace University,IPEDS id → Wikidata → ROR id,high,yes,
scorecard:154590,William Penn University,United States,I2802460994,William Penn University,IPEDS id → Wikidata → ROR id,high,yes,
scorecard:179964,William Woods University,United States,I870157751,William Woods University,IPEDS id → Wikidata → ROR id,high,yes,
scorecard:107877,Williams Baptist University,United States,I2800942225,Williams Baptist College,IPEDS id → Wikidata → ROR id,high,yes,
scorecard:168342,Williams College,United States,I22675022,Williams College,IPEDS id → Wikidata → ROR id,high,yes,
scorecard:206507,Wilmington College,United States,I100754635,Wilmington College,IPEDS id → Wikidata → ROR id,high,yes,
scorecard:217013,Wilson College,United States,I50219821,Wilson College,IPEDS id → Wikidata → ROR id,high,yes,
scorecard:199962,Wingate University,United States,I148244530,Wingate University,IPEDS id → Wikidata → ROR id,high,yes,
scorecard:175272,Winona State University,United States,I5795714,Winona State University,IPEDS id → Wikidata → ROR id,high,yes,
scorecard:199999,Winston-Salem State University,United States,I188405335,Winston-Salem State University,IPEDS id → Wikidata → ROR id,high,yes,
scorecard:218964,Winthrop University,United States,I169086405,Winthrop University,IPEDS id → Wikidata → ROR id,high,yes,
scorecard:240338,Wisconsin Lutheran College,United States,I166358468,Wisconsin Lutheran College,IPEDS id → Wikidata → ROR id,high,yes,
scorecard:206525,Wittenberg University,United States,I18860807,Wittenberg University,IPEDS id → Wikidata → ROR id,high,yes,
scorecard:218973,Wofford College,United States,I130905186,Wofford College,IPEDS id → Wikidata → ROR id,high,yes,
scorecard:125897,Woodbury University,United States,I169366031,Woodbury University,IPEDS id → Wikidata → ROR id,high,yes,
scorecard:168421,Worcester Polytechnic Institute,United States,I107077323,Worcester Polytechnic Institute,IPEDS id → Wikidata → ROR id,high,yes,
scorecard:168430,Worcester State University,United States,I28033587,Worcester State University,IPEDS id → Wikidata → ROR id,high,yes,
scorecard:206604,Wright State University-Main Campus,United States,I19648265,Wright State University,IPEDS id → Wikidata → ROR id,high,yes,
scorecard:206622,Xavier University,United States,I194120229,Xavier University,IPEDS id → Wikidata → ROR id,high,yes,
scorecard:160904,Xavier University of Louisiana,United States,I169251466,Xavier University of Louisiana,IPEDS id → Wikidata → ROR id,high,yes,
scorecard:130794,Yale University,United States,I32971472,Yale University,IPEDS id → Wikidata → ROR id,high,yes,
scorecard:126076,Yeshiva Ohr Elchonon Chabad West Coast Talmudical Seminary,United States,I4210127846,Yeshiva Ohr Elchonon Chabad West Coast Talmudical Seminary,IPEDS id → Wikidata → ROR id,high,yes,
scorecard:451398,Yeshiva Toras Chaim,United States,I4210160362,Yeshiva Toras Chaim Talmudic Seminary,IPEDS id → Wikidata → ROR id,high,yes,
scorecard:197708,Yeshiva University,United States,I19772626,Yeshiva University,IPEDS id → Wikidata → ROR id,high,yes,
scorecard:217059,York College of Pennsylvania,United States,I37693276,York College of Pennsylvania,IPEDS id → Wikidata → ROR id,high,yes,
scorecard:181853,York University,United States,I4210112962,York University,IPEDS id → Wikidata → ROR id,high,yes,
scorecard:141361,Young Harris College,United States,I44109979,Young Harris College,IPEDS id → Wikidata → ROR id,high,yes,
scorecard:206695,Youngstown State University,United States,I161203489,Youngstown State University,IPEDS id → Wikidata → ROR id,high,yes,
